0,0,0,0,0,0,0,0,0,0,0,0,0,0,0,0,0,0,0,0,0,0.0,0,0,0,0,0,0
0,0,0,0,0,0,0,0,0,0,0,0,0,0,0,0,0,0,0,0,0,0.0,0,0,0,0,0,0
0,0,0,0,0,33.3,0,0,0,0,0,0,0,0,0,0,0,0,0,0,0,0.0,0,0,0,0,0,0
0,0,0,0,0,31.65,0,0,0,0,0,0,0,0,0,0,0,0,0,0,0,0.0,0,0,0,0,0,0
0,0,0,0,0,0,0,0,0,0,0,0,0,0,0,0,0,0,0,0,0,0.0,0,0,0,0,0,0
0,0,0,0,0,0,0,0,0,0,0,0,0,0,0,0,0,0,0,0,0,0.0,0,0,0,0,0,0
0,0,0,0,0,0,0,0,0,0,0,0,0,0,0,0,0,0,0,0,0,0.0,0,0,0,0,0,0
0,0,0,0,0,0,0,0,0,0,0,0,0,0,0,0,0,0,0,0,0,0.0,0,0,0,0,0,0
0,0,0,0,0,0,0,0,0,0,0,0,0,0,0,0,0,0,0,0,0,0.0,0,0,0,0,0,0
0,0,0,0,0,0,0,0,0,0,0,0,0,0,0,0,0,0,0,0,0,0.0,0,0,0,0,0,15.7
0,0,0,34.15,0,0,0,0,0,0,0,0,0,0,0,0,0,0,0,0,0,0.0,0,0,0,0,0,0
0,0,0,0,0,0,0,0,0,39.2,0,0,0,0,0,0,0,0,0,0,0,0.0,0,0,0,0,0,0
0,0,0,0,30.35,0,0,0,0,0,0,0,0,0,0,0,0,0,0,0,0,0.0,0,0,0,0,0,0
0,0,0,0,0,0,0,0,0,0,0,0,0,0,0,0,0,0,0,0,0,0.0,0,0,0,0,0,0
0,0,0,0,0,0,0,0,0,0,0,0,0,0,0,0,0,0,0,0,0,0.0,0,0,0,0,0,0
0,0,0,0,0,0,0,0,0,0,0,0,0,0,0,0,0,0,0,0,0,0.0,0,37.5,0,0,0,13.8
0,0,0,0,0,0,0,0,0,37.45,0,0,0,0,0,0,0,0,0,0,0,0.0,0,0,0,0,0,0
0,0,0,0,0,0,0,0,0,38.35,0,0,0,0,0,0,0,0,0,0,0,0.0,0,0,0,0,0,0
0,0,0,0,0,36.15,0,0,0,0,0,0,0,0,0,0,0,0,0,0,0,0.0,0,0,0,0,0,0
0,0,0,0,0,0,0,0,0,0,0,0,0,0,0,0,0,0,0,0,0,0.0,0,0,0,0,0,0
0,0,0,0,0,32.9,0,0,0,0,0,0,0,0,0,0,0,0,0,0,0,0.0,0,0,0,0,0,0
0,0,0,0,29.9,0,0,0,0,0,29.8,0,0,0,0,0,0,0,0,0,0,0.0,0,0,0,0,0,0
0,0,0,0,0,0,0,0,0,0,0,0,0,0,0,0,0,0,0,0,0,0.0,0,0,0,0,0,0
0,0,0,0,0,0,0,0,0,0,0,0,0,0,0,0,0,0,0,0,0,0.0,0,0,0,0,0,0
0,0,0,0,0,0,0,0,0,0,0,0,0,0,0,0,0,0,0,0,0,0.0,0,0,0,0,0,0
0,0,0,0,0,0,0,0,0,0,0,0,0,0,0,0,0,0,0,0,0,0.0,0,0,0,0,0,0
0,0,0,0,0,0,0,0,0,0,0,0,0,0,0,0,0,0,0,0,0,0.0,0,0,0,0,0,0
0,0,0,0,0,0,0,0,0,0,0,0,0,0,0,0,0,0,0,0,0,0.0,0,0,0,0,0,0
0,0,0,0,0,0,0,0,0,0,0,0,0,0,0,0,0,0,0,0,0,0.0,0,0,0,0,0,0
0,0,0,0,0,0,0,0,0,0,0,0,0,0,0,0,33.7,0,0,0,0,0.0,0,0,0,0,0,0
0,0,0,0,0,0,0,0,0,0,0,0,0,0,0,0,36.35,0,0,0,0,0.0,0,0,0,0,0,0
0,0,0,0,0,0,0,0,0,0,0,0,0,0,0,0,0,0,0,0,0,0.0,0,0,0,0,0,0
0,0,0,0,0,0,0,0,0,0,0,0,0,0,0,0,0,0,0,0,0,0.0,0,0,0,0,0,0
0,0,0,0,0,0,0,0,0,0,0,0,0,0,0,0,0,0,0,0,0,0.0,0,0,0,0,0,0
0,0,0,0,0,0,0,0,0,0,0,0,0,0,0,0,0,0,0,0.0,0,0.0,0,0,0,0,0,0
0,0,0,0,0,0,0,0,0,0,0,0,0,0,0,0,0,0,0,0.0,0,0.0,0,0,0,0,0,0
0,0,0,0,0,0,0,0,0,0,0,0,0,0,0,0,0,0,0,0.0,0,0.0,0,0,0,0,0,0
0,0,0,0,0,33.3,0,0,0,0,0,0,0,0,0,0,0,0,0,0,0,0.0,0,0,0,0,0,0
0,0,0,0,0,31.75,0,0,0,0,0,0,0,0,0,0,0,0,0,0,0,0.0,0,0,0,0,0,0
0,0,0,0,0,0,0,0,0,0,0,0,0,0,0,0,0,0,0,0,0,0.0,0,0,0,0,0,0
0,0,0,0,0,0,22.5,0,0,0,0,0,0,0,0,0,36.15,0,0,0,0,0,0,33.15,0,0,0,21.0
0,0,0,0,0,0,0,0,0,0,0,0,0,0,0,0,37.9,0,0,0,0,0,0,0,0,0,0,17.9
0,0,0,0,0,0,0,0,0,36.35,0,0,0,0,0,0,0,21.75,0,0,0,0,0,0,0,0,21.15,18.8
0,0,0,34.4,0,0,0,0,0,0,0,0,0,0,0,0,0,17.2,0,0,0,0,0,0,0,0,0,12.95
0,0,0,0,0,0,0,0,0,0,0,0,0,0,0,0,0,0,0,0,0,0,0,0,0,0,0,0
0,0,0,0,0,31.1,0,0,0,0,0,0,0,0,0,0,0,17.2,0,0,0,0,0,0,0,0,0,17.75
0,0,0,0,0,0,0,0,0,0,0,0,0,0,0,0,0,0,0,0.0,0,0,0,0,0,0,0,0
0,0,0,0,0,0,0,0,0,0,0,0,0,0,0,0,0,0,0,0.0,0,0,0,0,0,0,0,0
0,0,0,0,0,30.95,0,0,0,0,30.75,0,0,0,0,0,0,0,0,0,0,0,0,0,0,0,0,15.45
0,0,0,0,26.3,0,17.2,0,0,0,0,0,0,0,0,0,0,18.2,0,0,0,0,0,0,0,0,0,16.6
0,0,0,0,24.85,0,15.6,0,0,0,0,0,0,0,0,0,0,17.45,0,0,0,0,0,0,0,0,0,16.4
0,0,0,0,28.65,0,0,0,0,0,0,0,0,0,0,0,0,0,0,0,18.95,0,0,0,0,0,19.7,0
0,0,0,0,0,0,18.25,0,0,0,0,0,0,0,0,27.3,0,0,0,0,21.3,0,0,0,0,0,0,0
0,0,0,31.45,0,0,0,0,0,29.95,0,0,0,0,0,0,0,0,0,0,0,0,0,0,0,0,0,20.6
0,0,31.0,33.15,0,31.4,0,0,0,0,0,0,0,0,0,0,0,0,0,0,0,0,0,0,0,0,22.1,0
0,0,0,0,31.7,30.8,21.95,0,0,0,31.1,0,0,0,0,0,0,0,0,0,22.75,0,0,0,0,0,0,0
0,0,0,33.45,0,0,0,0,0,34.65,0,0,0,0,0,0,21.45,0,0,0,21.45,0,0,0,0,0,0,0
0,0,0,0,0,34.45,0,0,0,34.65,0,0,0,0,0,34.9,0,0,0,0,23.1,0,0,0,0,0,0,0
0,0,0,0,0,0,0,0,0,0,0,0,0,0,0,0,0,23.05,0,0,0,0,0,0,0,0,22.2,21.0
0,0,0,0,0,0,0,0,0,0,0,0,0,0,0,0,20.9,21.25,0,0,0,0,0,0,0,0,21.35,17.55
0,0,0,0,0,0,0,0,0,0,0,0,0,0,0,0,20.65,21.4,0,0,0,0,0,0,0,0,20.65,19.75
0,0,0,0,31.95,0,20.45,0,0,0,32.3,0,0,0,0,0,0,0,0,0,0,0,0,0,0,0,0,20.3
0,0,0,0,0,0,21.55,0,0,31.3,0,0,0,0,0,0,31.85,22.75,0,0,0,0,0,0,0,0,0,22.45
0,0,0,0,0,0,0,0,0,36.95,0,0,0,0,0,0,0,0,0,0,0,0,0,0,0,0,0,17.7
0,0,0,35.35,36.4,36.3,0,0,0,0,35.2,0,0,0,0,0,0,0,0,0,0,0,0,0,0,0,0,19.1
0,0,38.45,0,0,39.6,0,0,0,40.7,0,0,0,0,0,0,0,0,0,0,0,0,0,0,0,0,0,19.45
0,0,30.75,0,30.8,29.95,20.9,0,0,0,31.25,0,0,0,0,0,0,0,0,0,0,0,0,0,0,0,0,0
0,0,29.95,0,29.4,29.1,0,0,0,0,30.4,0,0,0,0,0,0,0,0,0,21.05,0,0,0,0,0,0,0
0,0,0,0,0,0,0,0,0,0,0,0,0,0,0,0,0,0,0,0,0,0,0,0,0,0,0.0,0
0,0,0,0,33.1,34.3,0,0,0,0,33.0,0,0,0,0,0,0,0,0,0,0,0,0,0,0,0,0,20.7
0,0,32.3,0,33.25,35.15,0,0,0,0,33.1,0,0,0,0,0,0,0,0,0,0,0,0,0,0,0,0,0
0,0,31.3,0,33.85,33.0,0,0,0,0,32.8,0,0,0,0,0,0,0,0,0,0,0,0,0,0,0,0,0
0,0,0,0,27.2,0,17.6,0,0,0,0,0,0,0,0,0,28.8,0,0,0,0,0,0,0,0,0,0,19.9
0,0,0,0,0,0,0,0,0,0,0,0,0,0,0,0,0,0,0,0,0,0,0,0,0,0,0.0,0
0,0,0,0,0,0,0,0,0,0,0,0,0,0,0,0,0,0,0,0,0,0,0,0,0,0,0.0,0
0,0,0,0,0,0,0,0,0,0,0,29.05,29.45,0,0,0,0,0,0,0,0,0,21.65,0,0,28.95,0,19.45
0,0,0,0,0,0,18.15,0,0,27.45,0,0,0,0,0,0,0,0,0,0,0,0,0,0,0,0,0,0
0,0,0,0,0,0,0,0,0,0,0.0,0,0,0,0,0,0,0,0,0,0,0,0,0,0,0,0,0
0,0,0,0,0,0,0,0,0,0,0.0,0,0,0,0,0,0,0,0,0,0,0,0,0,0,0,0,0
0,0,0,0,0,0,0,0,0,0,0.0,0,0,0,0.0,0,0,0,0,0,0,0,0,0,0,0,0,0
0,0,0,0,0,0,0,0,0,0,0.0,0,0,0,0,0,0,0,0,0,0,0,0,0,0,0,0.0,0
0,0,0,0,0,0,0,0,0,0,0.0,0,0,0,0,0,0,0,0,0,0,0,0,0,0,0,0,0
0,0,0,0,0,0,0,0,0,0,0.0,0,0,0,0,0,0,0,0,0,0,0,0,0,0,0,0,0
0,0,0,0,0,0,0,0,0,0,0.0,0,0,0,0,0,0,0,0,0,0,0,0,0,0,0,0,0
0,0,0,0,0,0,0,0,0,0,0.0,0,0,0,0.0,0,0,0,0,0,0,0,0,0,0,0,0,0
0,0,0,0,0,0,0,0,0,0,0.0,0,0,0,0,0,0,0,0,0,0,0,0,0,0,0,0,0
0,0,0,0,0,0,0,0,0,0,0.0,0,0,0,0,0,0,0,0,0,0,0,0,0,0,0,0,0
0,0,0,0,0,0,0,0,0,0,0.0,0,0,0,0,0,0,0,0,0,0.0,0,0,0,0,0,0,0
0,0,0,0,0,0,0,0,0,0,0.0,0,0,0,0,0,0,0,0,0,0.0,0,0,0,0,0,0.0,0
0,0,0,0,0,0,0,0,0,0,0.0,0,0,0,0,0,0,0,0,0,0.0,0,0,0,0,0,0,0
0,0,0,0,0,0,0,0,0,0,0.0,0,0,0,0,0,0,0,0,0,0,0,0,0,0,0,0,0
0,0,0,0,0,0,0,0,0,0,0.0,0,0,0,0,0,0,0,0,0,0,0,0,0,0,0,0,0
0,0,0,0,0,0,0,0,0,0,0.0,0,0,0,0,0,0,0,0,0,0,0,0,0,0,0,0,0
0,0,0,0,0,0,0,0,0,0,0.0,0,0,0,0.0,0,0,0,0,0,0,0,0,0,0,0,0,0
0,0,0,0,0,0,0,0,0,0,0.0,0,0,0,0.0,0,0,0,0,0,0,0,0,0,0,0,0.0,0
0,0,0,0,0,0,0,0,0,0,0.0,0,0,0,0.0,0,0,0,0,0,0,0,0,0,0,0,0,0
0,0,0,0,0,0,0,0,0,0,0.0,0,0,0,0.0,0,0,0,0,0,0,0,0,0,0,0,0,0
0,0,0,0,0,0,0,0,0,0,0.0,0,0,0,0.0,0,0,0,0,0,0,0,0,0,0,0,0,0
0,0,0,0,0,0,0,0,0,0,0.0,0,0,0,0.0,0,0,0,0,0,0,0,0,0,0,0,0,0
0,0,0,0,0,0,0,0,0,0,0.0,0,0,0,0.0,0,0,0,0,0,0,0,0,0,0,0,0,0
0,0,0,0,0,0,0,0,0,0,0.0,0,0,0,0.0,0,0,0,0,0,0,0,0,0,0,0,0,0
0,0,0,0,0,0,0,0,0,0,0.0,0,0,0,0.0,0,0,0,0,0,0,0,0,0,0,0,0,0
0,0,0,0,0,0,0,0,0,0,0.0,0,0,0,0.0,0,0,0,0,0,0,0,0,0,0,0,0,0
0,0,0,0,0,0,0,0,0,0,0.0,0,0,0,0.0,0,0,0,0,0,0,0,0,0,0,0,0,0
0,0,0,0,0,0,0,0,0,0,0.0,0,0,0,0.0,0,0,0,0,0,0,0,0,0,0,0,0,0
0,0,0,0,0,0,0,0,0,0,0.0,0,0,0,0.0,0,0,0,0,0,0,0,0,0,0,0,0,0
0,0,0,0,0,0,0,0,0,0,0.0,0,0,0,0.0,0,0,0,0,0,0,0,0,0,0,0,0,0
0,0,0,0,0,0,0,0,0,0,0.0,0,0,0,0.0,0,0,0,0,0,0,0,0,0,0,0,0,0
0,0,0,0,0,0,0,0,0,0,0.0,0,0,0,0.0,0,0,0,0,0,0,0,0,0,0,0,0,0
0,0,0,0,0,0,0,0,0,0,0.0,0,0,0,0.0,0,0,0,0,0,0,0,0,0,0,0,0,0
0,0,0,0,0,0,0,0,0,0,0.0,0,0.0,0,0.0,0,0,0,0,0,0,0,0,0,0,0,0,0
0,0,0,0,0,0,0,0,0,0,0.0,0,0.0,0,0.0,0,0,0,0,0,0,0,0,0,0,0,0,0
0,0,0,0,0,0,0,0,0,0,0.0,0,0,0,0.0,0,0,0,0,0,0,0,0,0,0,0,0,0
0,0,0,0,0,0,0,0,0,0,0.0,0,0,0,0.0,0,0,0,0,0,0,0,0,0,0,0,0,0
0,0,0,0,0,0,0,0,0,0,0.0,0,0,0,0.0,0,0,0,0,0,0,0,0,0,0,0,0,0
0,0,0,0,0,0,0,0,0,0,0.0,0,0,0,0.0,0,0,0,0,0,0,0,0,0,0,0,0,0
0,0,0,0,0,0,0,0,0,0,0.0,0,0,0,0.0,0,0,0,0,0,0,0,0,0,0,0,0,0
0,0,0,0,0,0,0,0,0,0,0.0,0,0,0,0.0,0,0,0,0,0,0,0,0,0,0,0,0,0
0,0,0,0,0,0,0,0,0,0,0.0,0,0,0,0,0,38.15,0,0,0,0,0,0,0,0,0,0,0
0,0,0,0,0,0,0,0,0,0,0.0,0,0,0,0.0,0,0,0,0,0,0,0,0,0,0,0,0,0
0,0,0,0,0,0,0,0,0,0,0.0,0,0,0,0.0,0,0,0,0,0,0,0,0,0,0,0,0,0
0,0,0,0,0,0,0,0,0,0,0.0,0,0,0,0.0,0,0,0,0,0,0,0,0,0,0,0,0,0
0,0,0,0,0,0,0,0,0,0,0.0,0,0,0,0.0,0,0,0,0,0,0,0,0,0,0,0,0,0
0,0,0,0,0,0,0,0,0,0,0.0,0,0,0,0.0,0,0,0,0,0,0,0,0,0,0,0,0,0
0,0,0,0,0,0,0,0,0,0,0.0,0,0,0,0.0,0,0,0,0,0,0,0,0,0,0,0,0,0
0,0,0,0,0,0,0,0,0,0,0.0,0,0,0,0.0,0,0,0,0,0,0,0,0,0,0,0,0.0,0
0,0,0,0,0,0,0,0,0,0,0.0,0,0,0,0.0,0,0,0,0,0,0,0,0,0,0,0,0,0
0,0,0,0,0,0,0,0,0,0,0.0,0,0,0,0.0,0,0,0,0,0,0,0,0,0,0,0,0,0
0,0,0,0,0,0,0,0,0,0,0.0,0,0,0,0.0,0,0,0,0,0,0,0,0,0,0,0,0,0
0,0,0,0,0,0,0,0,0,0,0.0,0,0,0,0.0,0,0,0,0,0,0,0,0,0,0,0,0,0
0,0,0,0,0,0,0,0,0,0,0.0,0,0,0,0.0,0,0,0,0,0,0,0,0,0,0,0,0,0
0,0,0,0,0,0,0,0,0,0,0.0,0,0,0,0.0,0,0,0,0,0,0,0,0,0,0,0,0,0
0,0,0,0,0,0,0,0,0,0,0.0,0.0,0,0,0.0,0,0,0,0,0,0,0,0,0,0,0,0,0
0,0,0,0,0,0,0,0,0,0,0.0,0.0,0,0,0.0,0,0,0,0,0,0,0,0,0,0,0,0,0
0,0,0,0,0,0,0,0,0,0,0.0,0.0,0,0,0.0,0,0,0,0,0,0,0,0,0,0,0,0,0
0,0,0,0,0,0,0,0,0,0,0.0,0.0,0,0,0.0,0,0,0,0,0,0,0,0,0,0,0,0,0
0,0,0,0,0,0,0,0,0,0,0.0,0.0,0,0,0.0,0,0,0,0,0,0,0,0,0,0,0,0,0
0,0,0,0,0,0,0,0,0,0,0.0,0.0,0,0,0.0,0,0,0,0,0,0,0,0,0,0,0,0,0
0,0,0,0,0,0,0,0,0,0,0.0,0,0,0,0.0,0,0,0,0,0,0,0,0,0,0,0,0,0
0,0,0,0,0,0,0,0,0,0,0.0,0,0,0,0.0,0,0,0,0,0,0,0,0,0,0,0,0,0
0,0,0,0,0,0,0,0,0,0,0.0,0.0,0,0,0.0,0,0,0,0,0,0,0,0,0,0,0,0,0
0,0,0,0,0,0,0,0,0,0,0.0,0.0,0,0,0.0,0,0,0,0,0,0,0,0,0,0,0,0,0
0,0,0,0,0,0,0,0,0,0,0.0,0.0,0,0,0.0,0,0,0,0,0,0,0,0,0,0,0,0,0
0,0,0,0,0,0,0,0,0,0,0.0,0.0,0,0,0.0,0,0,0,0,0,0,0,0,0,0,0,0,0
0,0,0,0,0,0,0,0,0,0,0.0,0.0,0.0,0,0.0,0,0,0,0,0,0,0,0,0,0,0,0,0
0,0,0,0,0,0,0,0,0,0,0.0,0.0,0.0,0,0.0,0,0,0,0,0,0,0,0,0,0,0,0,0
0,0,0,0,0,0,0,0,0,0,0.0,0.0,0,0,0.0,0,0,0,0,0,0,0,0,0,0,0,0,0
0,0,0,0,0,0,0,0,0,0,0.0,0.0,0,0,0.0,0,0,0,0,0,0,0,0,0,0,0,0,0
0,0,0,0,0,0,0,0,0,0,0,0.0,0,0,0.0,0,0,0,0,0,0,0,0,0,0,0,0,0
0,0,0,0,0,0,0,0,0,0,0,0.0,0,0,0.0,0,0,0,0,0,0,0,0,0,0,0,0,0
0,0,0,0,0,0,0,0,0,0,0,0.0,0,0,0.0,0,0,0,0,0,0,0,0,0,0,0,0,0
0,0,0,0,0,0,0,0,0,0,0,0.0,0,0,0.0,0,0,0,0,0,0,0,0,0,0,0,0,0
0,0,0,0,0,0,0,0,0,0,0,0.0,0,0,0.0,0,0,0,0,0,0,0,0,0,0,0,0,0
0,0,0,0,0.0,0,0,0,0,0,0,0.0,0,0,0.0,0,0,0,0,0,0,0,0,0,0,0,0,0
0,0,0,0,0,0,0,0,0,0,0,0.0,0,0,0.0,0,0,0,0,0,0,0,0,0,0,0,0,0
0,0,0,0,0.0,0,0,0,0,0,0,0.0,0,0,0.0,0,0,0,0,0,0,0,0,0,0,0,0,0
0,0,0,0,0,0,0,0,0,0,0,0.0,0,0,0.0,0,0,0,0,0,0,0,0,0,0,0,0,0
0,0,0,0,0.0,0,0,0,0,0,0,0,0,0,0.0,0,0,0,0,0,0,0,0,0,0,0,0,0
0,0,0,0,0,0,0,0,0,0,0,0,0,0,0.0,0,0,0,0,0,0,0,0,0,0,0,0,0
0,0,0,0,0,0,0,0,0,0,0,0,0,0,0.0,0,0,0,0,0,0,0,0,0,0,0,0,0
0,0,0,0,0,0,0,0,0,0,0,0,0,0,0.0,0,0,0,0,0,0,0,0,0,0,0,0,0
0,0,0,0,0,0,0,0,0,0,0,0,0,0,0.0,0,0,0,0,0,0,0,0,0,0,0,0,0
0,0,0,0,0,0,0,0,0,0,0,0,0,0,0.0,0,0,0,0,0,0,0,0,0,0,0,0,0
0,0,0,0,0,0,0,0,0,0,0,0,0,0,0.0,0,0,0,0,0,0,0,0,0,0,0,0,0
0,0,0,0,0,0,0,0,0,0,0,0,0,0,0.0,0,0,0,0,0,0,0,0,0,0,0,0,0
0,0,0,0,0,0,0,0,0,0,0,0,0,0,0.0,0,0,0,0,0,0,0,0,0,0,0,0,0
0,0,0,0,0.0,0,0,0,0,0,0,0,0,0,0.0,0,0,0,0,0,0,0,0,0,0,0,0,0
0,0,0,0,0,0,0,0,0,0,0,0,0,0,0.0,0,0,0,0,0,0,0,0,0,0,0,0,0
0,0,0,0,0,0,0,0,0,0,0,0,0,0,0.0,0,0,0,0,0,0,0,0,0,0,0,0,0
0,0,0,0,0,0,0,0,0,0,0,0,0,0,0.0,0,0,0,0,0,0,0,0,0,0,0,0,0
0,0,0,0,0,0,0,0,0,0,0,0,0,0,0.0,0,0,0,0,0,0,0,0,0,0,0,0,0
0,0,0,0,0,0,0,0,0,0,0,0,0,0,0.0,0,0,0,0,0,0,0,0,0,0,0,0,0
0,0,0,0,0,0,0,0,0,0,0,0,0,0,0.0,0,0,0,0,0,0,0,0,0,0,0,0,0
0,0,0,0,0,0,0,0,0,0,0,0,0,0,0.0,0,0,0,0,0,0,0,0,0,0,0,0,0
0,0,0,0,0,0,0,0,0,0,0,0,0,0,0.0,0,0,0,0,0,0,0,0,0,0,0,0,0
0,0,0,0,0,0,0,0,0,0,0,0,0,0,0.0,0,0,0,0,0,0,0,0,0,0,0,0,0
0,0,0,0,0,0,0,0,0,0,0,0,0,0,0.0,0,0,0,0,0,0,0,0,0,0,0,0,0
0,0,0,0,0,0,0,0,0,0,0,0,0,0,0.0,0,0,0,0,0,0,0,0,0,0,0,0,0
0,0,0,0,0,0,0,0,0,0,0,0,0,0,0.0,0,0,0,0,0,0,0,0,0,0,0,0,0
0,0,0,0,0,0,0,0,0,0,0,0,0,0,0.0,0,0,0,0,0,0,0,0,0,0,0,0,0
0,0,0,0,0,0,0,0,0,0,0,0,0,0,0.0,0,0,0,0,0,0,0,0,0,0,0,0,0
0,0,0,0,0,0,0,0,0,0,0,0,0,0,0.0,0,0,0,0,0,0,0,0,0,0,0,0,0
0,0,0,0,0,0,0,0,0,0,0,0,0,0,0.0,0,0,0,0,0,0,0,0,0,0,0,0,0
0,0,0,0,0,0,0,0,0,0,0,0,0,0,0.0,0,0,0,0,0,0,0,0,0,0,0,0,0
0,0,0,0,0,0,0,0,0,0,0,0,0,0,0.0,0,0,0,0,0,0,0,0,0,0,0,0,0
0,0,0,0,0,0,0,0,0,0,0,0,0,0,0.0,0,0,0,0,0,0,0,0,0,0,0,0,0
0,0,0,0,0,0,0,0,0,0,0,0,0,0,0.0,0,0,0,0,0,0,0,0,0,0,0,0,0
0,0,0,0,0,0,0,0,0,0,0,0,0,0,0.0,0,0,0,0,0,0,0,0,0,0,0,0,0
0,0,0,0,0,0,0,0,0,0,0,0,0,0,0.0,0,0,0,0,0,0,0,0,0,0,0,0,0
0,0,0,0,0,0,0,0,0,0,0,0,0,0,0.0,0,0,0,0,0,0,0,0,0,0,0,0,0
0,0,0,0,0,0,0,0,0,0,0,0,0,0,0.0,0,0,0,0,0,0,0,0,0,0,0,0,0
0,0,0,0,0,0,0,0,0,0,0,0,0,0,0.0,0,0,0,0,0,0,0,0,0,0,0,0,0
0,0,0,0,0,0,0,0,0,0,0,0,0,0,0.0,0,0,0,0,0,0,0,0,0,0,0,0,0
0,0,0,0,0,0,0,0,0,0,0,0,0,0,0.0,0,0,0,0,0,0,0,0,0,0,0,0,0
0,0,0,0,0,0,0,0,0,0,0,0,0,0,0.0,0,0,0,0,0,0,0,0,0,0,0,0,0
0,0,0,0,0,0,0,0,0,0,0,0,0,0,0.0,0,37.55,0,0,0,0,0,0,0,0,0,0,0
0,0,0,0,0,0,0,0,0,0,0,0,0,0,0.0,0,0,0,0,0,0,0,0,0,0,0,0,0
0,0,0,0,0,0,0,0,0,0,0,0,0,0,0.0,0,0,0,0,0,0,0,0,0,0,0,0,0
0,0,0,0,0,0,0,0,0,0,0,0,0,0,0.0,0,0,0,0,0.0,0,0,0,0,0,0,0,0
0,0,0,0,0,0,0,0,0,0,0,0,0,0,0.0,0,0,0,0,0,0,0,0,0,0,0,0,0
0,0,0,0,0,0,0,0,0,0,0,0,0,0,0.0,0,0,0,0,0,0,0,0,0,0,0,0,0
0,0,0,0,0,0,0,0,0,0,0,0,0,0,0.0,0,0,0,0,0,0,0,0,0,0,0,0,0
0,0,0,0,0,0,0,0,0,0,0,0,0,0,0.0,0,0,0,0,0,0,0,0,0,0,0,0,0
0,0,0,0,0,0,0,0,0,0,0,0,0,0,0.0,0,0,0,0,0,0,0,0,0,0,0,0,0
0,0,0,0,0,0,0,0,0,0,0,0,0,0,0.0,0,0,0,0,0,0,0,0,0,0,0,0,0
0,0,0,0,0,0,0,0,0,0,0,0,0,0,0.0,0,0,0,0,0,0,0,0,0,0,0,0,0
0,0,0,0,0.0,0,0,0,0,0,0,0,0,0,0.0,0,0,0,0,0,0,0,0,0,0,0,0,0
0,0,0,0,0.0,0,0,0,0,0,0,0,0,0,0.0,0,0,0,0,0,0,0,0,0,0,0,0,0
0,0,0,0,0.0,0,0,0,0,0,0,0,0,0,0.0,0,0,0,0,0,0,0,0,0,0,0,0,0
0,0,0,0,0.0,0,0,0,0,0,0,0,0,0,0.0,0,0,0,0,0.0,0,0,0,0,0,0,0,0
0,0,0,0,0,0,0,0,0,0,0,0,0,0,0.0,0,0,0,0,0,0,0,0,0,0,0,0,0
0,0,0,0,0,0.0,0,0,0,0,0,0,0,0,0.0,0,0,0,0,0,0,0,0,0,0,0,0,0
0,0,0,0,0.0,0.0,0,0,0,0,0,0,0,0,0.0,0,0,0,0,0,0,0,0,0,0,0,0,0
0,0,0,0,0,0.0,0,0,0,0,0,0,0,0,0.0,0,0,0,0,0,0,0,0,0,0,0,0,0
0,0,0,0,0.0,0.0,0,0,0,0,0,0,0,0,0.0,0,0,0,0,0.0,0,0,0,0,0,0,0,0
0,0,0,0,0,0.0,0,0,0,0,0,0,0,0,0.0,0,0,0,0,0,0,0,0,0,0,0,0,0
0,0,0,0,0,0.0,0,0,0,0,0,0,0,0,0.0,0,0,0,0,0,0,0,0,0,0,0,0,0
0,0,0,0,0,0.0,0,0,0,0,0,0,0,0,0.0,0,0,0,0,0.0,0,0,0,0,0,0,0,0
0,0,0,0,0,0.0,0,0,0,0,0,0,0,0,0.0,0,0,0,0,0.0,0,0,0,0,0,0,0,0
0,0,0,0,0,0.0,0,0,0,0,0,0,0,0,0.0,0,0,0,0,0.0,0,0,0,0,0,0,0,0
0,0,0,0,0,0.0,0,0,0,0,0,0,0,0,0.0,0,0,0,0,0.0,0,0,0,0,0,0,0,0
0,0,0,0,0,0.0,0,0,0,0,0,0,0,0,0.0,0,0,0,0,0.0,0,0,0,0,0,0,0,0
0,0,0,0,0,0.0,0,0,0,0,0,0,0,0,0.0,0,0,0,0,0.0,0,0,0,0,0,0,0,0
0,0,0,0,0,0.0,0,0,0,0,0,0,0,0,0.0,0,0,0,0,0.0,0,0,0,0,0,0,0,0
0,0,0,0,0,0.0,0,0,0,0,0,0,0,0,0.0,0,0,0,0,0.0,0,0,0,0,0,0,0,0
0,0,0,0,0,0.0,0,0,0,0,0,0,0,0,0.0,0,0,0,0,0.0,0,0,0,0,0,0,0,0
0,0,0,0,0,0.0,0,0,0,0,0,0,0,0,0.0,0,0,0,0,0.0,0,0,0,0,0,0,0,0
0,0,0,0,0,0.0,0,0,0,0,0,0,0,0,0.0,0,0,0,0,0.0,0,0,0,0,0,0,0,0
0,0,0,0,0,0.0,0,0,0,0,0,0,0,0,0.0,0,0,0,0,0.0,0,0,0,0,0,0,0,0
0,0,0,0,0,0.0,0,0,0,0,0,0,0,0,0.0,0,0,0,0,0.0,0,0,0,0,0,0,0,0
0,0,0,0,0,0.0,0,0,0,0,0,0,0,0,0.0,0,0,0,0,0.0,0,0,0,0,0,0,0,0
0,0,0,0,0,0.0,0,0,0,0,0,0,0,0,0.0,0,0,0,0,0.0,0,0,0,0,0,0,0,0
0,0,0,0,0,0.0,0,0,0,0,0,0,0,0,0.0,0,0,0,0,0.0,0,0,0,0,0,0,0,0
0,0,0,0,0,0.0,0,0,0,0,0,0,0,0,0.0,0,0,0,0,0.0,0,0,0,0,0,0,0,0
0,0,0,0,0.0,0.0,0,0,0,0,0,0,0,0,0.0,0,0,0,0,0.0,0,0,0,0,0,0,0,0
0,0,0,0,0.0,0.0,0,0,0,0,0,0,0,0,0.0,0,0,0,0,0.0,0,0,0,0,0,0,0,0
0,0,0,0,0.0,0.0,0,0,0,0,0,0,0,0,0.0,0,0,0,0,0.0,0,0,0,0,0,0,0,0
0,0,0,0,0.0,0.0,0,0,0,0,0,0,0,0,0.0,0,0,0,0,0.0,0,0,0,0,0,0,0,0
0,0,0,0,0.0,0.0,0,0,0,0,0,0,0,0,0.0,0,0,0,0,0.0,0,0,0,0,0,0,0,0
0,0,0,0,0.0,0.0,0,0,0,0,0,0,0,0,0.0,0,0,0,0,0.0,0,0,0,0,0,0,0,0
0,0,0,0,0.0,0.0,0,0,0,0,0,0,0,0,0.0,0,0,0,0,0.0,0,0,0,0,0,0,0,0
0,0,0,0,0.0,0.0,0,0,0,0,0,0,0,0,0.0,0,0,0,0,0.0,0,0,0,0,0,0,0,0
0,0,0,0,0.0,0.0,0,0,0,0,0,0,0,0,0.0,0,0,0,0,0.0,0,0,0,0,0,0,0,0
0,0,0,0,0.0,0.0,0,0,0,0,0,0,0,0,0.0,0,0,0,0,0.0,0,0,0,0,0,0,0,0
0,0,0,0,0.0,0.0,0,0,0,0,0,0,0,0,0.0,0,0,0,0,0.0,0,0,0,0,0,0,0,0
0,0,0,0,0,0.0,0,0,0,0,0,0,0.0,0,0.0,0,0,0,0,0.0,0,0,0,0,0,0,0,0
0,0,0,0,0,0.0,0,0,0,0,0,0,0,0,0.0,0,0,0,0,0.0,0,0,0,0,0,0,0,0
0,0,0,0,0.0,0.0,0,0,0,0,0,0,0,0,0.0,0,0,0,0,0.0,0,0,0,0,0,0,0,0
0,0.0,0,0,0.0,0.0,0,0,0,0,0,0,0,0,0.0,0,0,0,0,0.0,0,0,0,0,0,0,0,0
0,0,0,0,0,0.0,0,0,0,0,0,0,0,0,0.0,0,0,0,0,0.0,0,0,0,0,0,0,0,0
0,0,0,0,0.0,0.0,0,0,0,0,0,0,0,0,0.0,0,0,0,0,0.0,0,0,0,0,0,0,0,0
0,0,0,0,0.0,0.0,0,0,0,0,0,0,0,0,0.0,0,0,0,0,0.0,0,0,0,0,0,0,0,0
0,0,0,0,0.0,0.0,0,0,0,0,0,0,0,0,0.0,0,0,0,0,0.0,0,0,0,0,0,0,0,0
0,0.0,0,0,0.0,0.0,0,0,0,0,0,0,0,0,0.0,0,0,0,0,0.0,0,0,0,0,0,0,0,0
0,0.0,0,0,0.0,0.0,0,0,0,0,0,0,0,0,0.0,0,0,0,0,0.0,0,0,0,0,0,0,0,0
0,0,0,0,0.0,0.0,0,0,0,0,0,0,0,0,0.0,0,0,0,0,0.0,0,0,0,0,0,0,0,0
0,0,0,0,0.0,0.0,0,0,0,0,0,0,0,0,0.0,0,0,0,0,0.0,0,0,0,0,0,0,0,0
0,0,0,0,0.0,0.0,0,0,0,0,0,0,0,0,0.0,0,0,0,0,0.0,0,0,0,0,0,0,0,0
0,0,0,0,0.0,0.0,0,0,0,0,0,0,0,0,0.0,0,0,0,0,0.0,0,0,0,0,0,0,0,0
0,0,0,0,0.0,0.0,0,0,0,0,0,0,0,0,0.0,0,0,0,0,0.0,0,0,0,0,0,0,0,0
0,0,0,0,0.0,0.0,0,0,0,0,0,0,0,0,0.0,0,0,0,0,0.0,0,0,0,0,0,0,0,0
0,0,0,0,0.0,0.0,0,0,0,0,0,0,0,0,0.0,0,0,0,0,0.0,0,0,0,0,0,0,0,0
0,0,0,0,0.0,0.0,0,0,0,0,0,0,0,0,0.0,0,0,0,0,0.0,0,0,0,0,0,0,0,0
0,0,0,0,0.0,0.0,0,0,0,0,0,0,0,0,0.0,0,0,0,0,0.0,0,0,0,0,0,0,0,0
0,0,0,0,0.0,0.0,0,0,0,0,0,0,0,0,0.0,0,0,0,0,0.0,0,0,0,0,0,0,0,0
0,0,0,0,0.0,0.0,0,0,0,0,0,0,0,0,0.0,0,0,0,0,0.0,0,0,0,0,0,0,0,0
0,0,0,0,0.0,0.0,0,0,0,0,0,0,0,0,0.0,0,0,0,0,0.0,0,0,0,0,0,0,0,0
0,0,0,0,0.0,0.0,0,0,0,0,0,0,0.0,0,0.0,0,0,0,0,0.0,0,0,0,0,0,0,0,0
0,0,0,0,0.0,0.0,0,0,0,0,0,0,0,0,0.0,0,0,0,0,0.0,0,0,0,0,0,0,0,0
0,0,0,0,0.0,0.0,0,0,0,0,0,0,0,0,0.0,0,0,0,0,0.0,0,0,0,0,0,0,0,0
0,0,0,0,0.0,0.0,0,0,0,0,0,0,0,0,0.0,0,0,0,0,0.0,0,0,0,0,0,0,0,0
0,0,0,0,0.0,0.0,0,0,0,0,0,0,0,0,0.0,0,0,0,0,0.0,0,0,0,0,0,0,0,0
0,0,0,0,0.0,0.0,0,0,0,0,0,0,0,0,0.0,0,0,0,0,0.0,0,0,0,0,0,0,0,0
0,0,0,0,0.0,0.0,0,0,0,0,0,0,0,0,0.0,0,0,0,0,0.0,0,0,0,0,0,0,0,0
0,0,0,0,0.0,0.0,0,0,0,0,0,0,0,0,0.0,0,0,0,0,0.0,0,0,0,0,0,0,0,0
0,0,0,0,0.0,0.0,0,0,0,0,0,0,0,0,0.0,0,0,0,0,0.0,0,0,0,0,0,0,0,0
0,0,0,0,0.0,0.0,0,0,0,0,0,0,0,0,0.0,0,0,0,0,0.0,0,0,0,0,0,0,0,0
0,0,0,0,0.0,0.0,0,0,0,0,0,0,0,0,0.0,0,0,0,0,0.0,0,0,0,0,0,0,0,0
0,0,0,0,0.0,0.0,0,0,0,0,0,0,0,0,0.0,0.0,0,0,0,0.0,0,0.0,0,0,0,0,0,0
0,0,0,0,0.0,0.0,0,0,0,0,0,0,0,0,0.0,0.0,0,0,0,0.0,0,0.0,0,0,0,0,0,0
0,0,0,0,0.0,0.0,0,0,0,0,0,0,0,0,0.0,0.0,0,0,0,0,0,0,0,0,0,0,0,0
0,0,0,0,0.0,0.0,0,0,0,0,0,0,0,0,0.0,0.0,0,0,0,0,0,0,0,0,0,0,0,0
0,0,0,0,0.0,0.0,0,0,0,0,0,0,0,0,0.0,0.0,0,0,0,0,0,0,0,0,0,0,0,0
0,0,0,0,0.0,0.0,0,0,0,0,0,0,0.0,0,0.0,0.0,0,0,0,0,0,0,0,0,0,0,0,0
0,0,0,0,0.0,0.0,0,0,0,0,0,0,0,0,0.0,0.0,0,0,0,0,0,0,0,0,0,0,0,0
0,0,0,0,0.0,0.0,0,0,0,0,0,0,0,0,0.0,0.0,0,0,0,0.0,0,0,0,0,0,0,0,0
0,0,0,0,0.0,0.0,0,0,0,0,0,0,0,0,0.0,0.0,0,0,0,0.0,0,0,0,0,0,0,0,0
0,0,0,0,0.0,0.0,0,0,0,0,0,0,0,0,0.0,0.0,0,0,0,0,0,0,0,0,0,0,0,0
0,0,0,0,0.0,0.0,0,0,0,0,0,0,0.0,0,0.0,0.0,0,0,0,0,0,0,0,0,0,0,0,0
0,0,0,0,0.0,0.0,0,0,0,0,0,0,0.0,0,0.0,0.0,0,0,0,0,0,0,0,0,0,0,0,0
0,0,0,0,0.0,0.0,0,0,0,0,0,0,0.0,0,0.0,0.0,0,0,0,0,0,0,0,0,0,0,0,0
0,0,0,0,0.0,0.0,0,0,0,0,0,0,0.0,0,0.0,0.0,0,0,0,0,0,0,0,0,0,0,0,0
0,0,0,0,0.0,0.0,0,0,0,0,0,0,0.0,0,0.0,0.0,0,0,0,0,0,0,0,0,0,0,0,0
0,0,0,0,0.0,0.0,0,0,0,0,0,0,0.0,0,0.0,0.0,0,0,0,0,0,0,0,0,0,0,0.0,0
0,0,0,0,0.0,0.0,0,0,0,0,0,0,0,0,0.0,0.0,0,0,0,0,0,0,0,0,0,0,0.0,0
0,0,0,0,0.0,0.0,0,0,0,0,0,0,0,0,0.0,0.0,0,0,0,0,0,0,0,0,0,0,0.0,0
0,0,0,0,0.0,0.0,0,0,0,0,0,0,0,0,0.0,0.0,0,0,0,0,0,0,0,0,0,0,0.0,0
0,0,0,0,0.0,0.0,0,0,0,0,0,0,0,0,0.0,0.0,0,0,0,0,0,0,0,0,0,0,0.0,0
0,0,0,0,0.0,0.0,0,0,0,0,0,0,0,0,0.0,0.0,0,0,0,0,0,0,0,0,0,0,0.0,0
0,0,0,0,0.0,0.0,0,0,0,0,0,0,0.0,0,0.0,0.0,0,0,0,0,0,0,0,0,0,0,0.0,0
0,0,0,0,0.0,0.0,0,0,0,0,0,0,0,0,0.0,0.0,0,0,0,0.0,0,0,0,0,0,0,0.0,0
0,0,0,0,0.0,0.0,0,0,0,0,0,0,0,0,0.0,0.0,0,0,0,0.0,0,0,0,0,0,0,0.0,0
0,0,0,0,0.0,0.0,0,0,0,0,0,0,0,0,0.0,0.0,0,0,0,0.0,0,0,0,0,0,0,0.0,0
0,0,0,0,0.0,0.0,0,0,0,0,0,0,0.0,0,0.0,0.0,0,0,0,0.0,0,0,0,0,0,0,0.0,0
0,0,0,0,0.0,0.0,0,0,0,0,0,0,0,0,0.0,0.0,0,0,0,0.0,0,0,0,0,0,0,0.0,0
0,0,0,0,0.0,0.0,0,0,0,0,0,0,0,0,0.0,0.0,0,0,0,0.0,0,0,0,0,0,0,0.0,0
0,0,0,0,0.0,0.0,0,0,0,0,0,0,0.0,0,0.0,0.0,0,0,0,0.0,0,0,0,0,0,0,0.0,0
0,0,0,0,0.0,0.0,0,0,0,0,0,0,0.0,0,0.0,0.0,0,0,0,0.0,0,0,0,0,0,0,0.0,0
0,0,0,0,0.0,0.0,0,0,0,0,0,0,0,0,0.0,0.0,0,0,0,0.0,0,0,0,0,0,0,0.0,0
0,0,0,0,0.0,0.0,0,0,0,0,0,0,0,0,0.0,0.0,0,0,0,0.0,0,0,0,0,0,0,0.0,0
0,0,0,0,0.0,0.0,0,0,0,0,0,0,0.0,0,0.0,0.0,0,0,0,0.0,0,0,0,0,0,0,0.0,0
0,0,0,0,0.0,0.0,0,0,0,0,0,0,0.0,0,0.0,0.0,0,0,0,0.0,0,0,0,0,0,0,0.0,0
0,0,0,0,0.0,0.0,0,0,0,0,0,0,0.0,0,0.0,0.0,0,0,0,0.0,0,0,0,0,0,0,0.0,0
0,0,0,0,0.0,0.0,0,0,0,0,0,0,0.0,0,0.0,0.0,0,0,0,0.0,0,0,0,0,0,0,0.0,0
0,0,0,0,0.0,0.0,0,0,0,0,0,0,0.0,0,0.0,0.0,0,0,0,0,0,0,0,0,0,0,0.0,0
0,0,0,0,0.0,0.0,0,0,0,0,0,0,0.0,0,0.0,0.0,0,0,0,0,0,0,0,0,0,0,0.0,0
0,0,0,0,0.0,0.0,0,0,0,0,0,0,0.0,0,0.0,0.0,0,0,0,0,0,0,0,0,0,0,0.0,0
0,0,0,0,0.0,0.0,0,0,0,0,30.3,0,0.0,0,0.0,0.0,0,0,0,0.0,0,0,0,0,0,0,0.0,0
0,0,0,0,0.0,0.0,0,0,0,0,0,0,0.0,0,0.0,0.0,0,0,0,0.0,0,0,0,0,0,0,0.0,0
0,0,0,0,0.0,0.0,0,0,0,0,0,0,0.0,0,0.0,0.0,0,0,0,0.0,0,0,0,0,0,0,0.0,0
0,0,0,0,0.0,0.0,0,0,0,0,0,0,0.0,0,0.0,0.0,0,0,0,0,0,0,0,0,0,0,0.0,0
0,0,0,0,0.0,0.0,0,0,0,0,0,0,0.0,0,0.0,0.0,0,0,0,0,0,0,0,0,0,0,0.0,0
0,0,0,0,0.0,0.0,0,0,0,0,0,0,0.0,0,0.0,0.0,0,0,0,0,0,0,0,0,0,0,0.0,0
0,0,0,0,0.0,0.0,0,0,0,0,0,0,0.0,0,0.0,0.0,0,0,0,0,0,0,0.0,0,0,0,0.0,0
0,0,0,0,0.0,0.0,0,0,0,0,0,0,0.0,0,0.0,0.0,0,0,0,0,0,0,0.0,0,0,0,0.0,0
0,0,0,0,0.0,0.0,0,0,0,0,0,0,0.0,0,0.0,0.0,0,0,0,0,0,0,0.0,0,0,0,0.0,0
0,0,0,0,0.0,0.0,0,0,0,0,0,0,0.0,0,0.0,0.0,0,0,0,0,0,0,0,0,0,0,0.0,0
0,0,0,0,0.0,0.0,0,0,0,0,0,0,0.0,0,0.0,0.0,0,0,0,0,0,0,0,0,0,0,0.0,0
0,0,0,0,0.0,0.0,0,0,0,0,0,0,0.0,0,0.0,0.0,0,0,0,0,0,0,0,0,0,0,0.0,0
0,0,0,0,0.0,0.0,0,0,0,0,0,0,0.0,0,0.0,0.0,0,0,0,0,0,0,0,0,0,0,0.0,0
0,0,0,0,0.0,0.0,0,0,0,0,0,0,0.0,0,0.0,0.0,0,0,0,0,0,0,0,0,0,0,0.0,0
0,0,0,0,0.0,0.0,0,0,0,0,0,0,0.0,0,0.0,0.0,0,0,0,0,0,0,0,0,0,0,0.0,0
0,0,0,0,0.0,0.0,0,0,0,0,0,0,0.0,0,0.0,0.0,0,0,0,0,0,0,0,0,0,0,0.0,0
0,0,0,0,0.0,0.0,0,0,0,0,26.4,0,0.0,0,0.0,0.0,0,0,0,0,0,0,0,0,0,0,0.0,0
0,0,0,0,0.0,0.0,0,0,0,0,0,0,0.0,0,0.0,0.0,0,0,0,0,0,0,0,0,0,0,0.0,0
0,0,0,0,0.0,0.0,0,0,0,0,0,0,0.0,0,0.0,0.0,0,0,0,0,0,0,0,0,0,0,0.0,0
0,0,0,0,0.0,0.0,0,0,0,0,0,0,0.0,0,0.0,0.0,0,0,0,0,0,0,0,0,0,0,0.0,0
0,0,0,0,0.0,0.0,0,0,0,0,0,0,0.0,0,0.0,0.0,0,0,0,0,0,0,0,0,0,0,0.0,0
0,0,0,0,0.0,0.0,0,0,0,0,0,0,0.0,0,0.0,0.0,0,0,0,0,0,0,0,0,0,0,0.0,0
0,0,0,0,0.0,0.0,0,0,0,0,0,0,0.0,0,0.0,0.0,0,0,0,0,0,0,0,0,0,0,0.0,0
0,0,0,0,0.0,0.0,0,0,0,0,0,0,0.0,0,0.0,0.0,0,0,0,0,0,0,0,0,0,0,0.0,0
0,0,0,0,0.0,0.0,0,0,0,0,0,0,0.0,0,0.0,0.0,0,0,0,0,0,0,0,0,0,0,0.0,0
0,0,0,0,0.0,0.0,0,0,0,0,0,0,0.0,0,0.0,0.0,0,0,0,0,0,0,0,0,0,0,0.0,0
0,0,0,0,0.0,0.0,0,0,0,0,0,0,0.0,0,0.0,0.0,0,0,0,0,0,0.0,0,0,0,0,0.0,0
0,0,0,0,0.0,0.0,0,0,0,0,0,0,0.0,0,0.0,0.0,0,0,0,0,0,0.0,0,0,0,0,0.0,0
0,0,0,0,0.0,0.0,0,0,0,0,0,0,0.0,0,0.0,0.0,0,0,0,0,0,0.0,0,0,0,0,0.0,0
0,0,0,0,0,0,0,0,0,0,0,0,0,0,0,0,0,0,0,0,0,0,0,0,0,0,0,0
0,0,0,0,0.0,0.0,0,0,0,0,0,0,0.0,0,0.0,0.0,0,0,0,0,0,0.0,0,0,0,0,0.0,0
0,0,0,0,0.0,0.0,0,0,0,0,0,0,0.0,0,0.0,0.0,0,0,0,0,0,0,0,0,0,0,0.0,0
0,0,0,0,0.0,0.0,0,0,0,0,0,0,0.0,0,0.0,0.0,0,0,0,0,0,0.0,0,0,0,0,0.0,0
0,0,0,0,0.0,0.0,0,0,0,0,0,0,0.0,0,0.0,0.0,0,0,0,0,0,0.0,0,0,0,0,0.0,0
0,0,0,0,0.0,0.0,0,0,0,0,0,0,0.0,0,0.0,0.0,0,0,0,0,0,0.0,0,0,0,0,0.0,0
0,0,0,0,0,0,0,0,0,0,0,0,0,0,0,0,0,0,0,0,0,0,0,0,0,0,0,0
0,0,0,0,0.0,0.0,0,0,0,0,0,0,0.0,0,0.0,0.0,0,0,0,0,0,0.0,0,0,0,0,0.0,0
0,0,0,0,0.0,0.0,0,0,0,0,0,0,0.0,0,0.0,0.0,0,0,0,0,0,0.0,0,0,0,0,0.0,0
0,0,0,0,0.0,0.0,0,0,0,0,0,0,0.0,0,0.0,0.0,0,0,0,0,0,0.0,0,0,0,0,0.0,0
0,0,0,0,0.0,0.0,0,0,0,0,0,0,0.0,0,0.0,0.0,0,0,0,0,0,0.0,0,0,0,0,0.0,0
0,0,0,0,0.0,0.0,0,0,0,0,0,0,0.0,0,0.0,0.0,0,0,0,0,0,0.0,0,0,0,0,0.0,0
0,0,0,0,0.0,0.0,0,0,0,0,0,0,0.0,0,0.0,0.0,0,0,0,0,0,0.0,0,0,0,0,0.0,0
0,0,0,0,0.0,0.0,0,0,0,0,0,0,0.0,0,0.0,0.0,0,0,0,0,0,0.0,0,0,0,0,0.0,0
0,0,0,0,0.0,0.0,0,0,0,0,0,0,0.0,0,0.0,0.0,0,0,0,0,0,0.0,0,0,0,0,0.0,0
0,0,0,0,0.0,0.0,0,0,0,0,0,0,0.0,0,0.0,0.0,0,0,0,0,0,0.0,0,0,0,0,0.0,0
0,0,0,0,0.0,0.0,0,0,0,0,0,0,0.0,0,0.0,0.0,0,0,0,0,0,0,0,0,0,0,0.0,0
0,0,0,0,0,0.0,0,0,0,0,0,0,0.0,0,0.0,0.0,0,0,0,0,0,0,0,0,0,0,0.0,0
0,0,0,0,0,0.0,0,0,0,0,0,0,0.0,0,0.0,0.0,0,0,0,0,0,0,0,0,0,0,0.0,0
0,0,0,0,0,0.0,0,0,0,0,0,0,0.0,0,0.0,0.0,0,0,0,0,0,0,0,0,0,0,0.0,0
0,0,0,0,0,0.0,0,0,0,0,0,0,0.0,0,0.0,0.0,0,0,0,0,0,0,0,0,0,0,0.0,0
0,0,0,0,0,0.0,0,0,0,0,0,0,0.0,0,0.0,0.0,0,0,0,0,0,0,0,0,0,0,0.0,0
0,0,0,0,0,0.0,0,0,0,0,0,0,0.0,0,0.0,0.0,0,0,0,0,0,0,0,0,0,0,0.0,0
0,0,0,0,0,0,0,0,0,0,0,0,0.0,0,0.0,0.0,0,0,0,0,0,0,0,0,0,0,0.0,0
0,0,0,0,0,0,0,0,0,0,0,0,0.0,0,0.0,0.0,0,0,0,0,0,0,0,0,0,0,0.0,0
0,0,0,0,0,0,0,0,0,0,0,0,0.0,0,0.0,0.0,0,0,0,0,0,0,0,0,0,0,0.0,0
0,0,0,0,0,0,0,0,0,0,0,0,0.0,0,0.0,0.0,0,0,0,0,0,0,0,0,0,0,0.0,0
0,0,0,0,0,0,0,0,0,0,0,0,0.0,0,0.0,0.0,0,0,0,0,0,0,0,0,0,0,0.0,0
0,0,0,0,0,0,0,0,0,0,0,0,0.0,0,0.0,0.0,0,0,0,0,0,0,0,0,0,0,0.0,0
0,0,0,0,0,0,0,0,0,0,0,0,0.0,0,0.0,0.0,0,0,0,0,0,0,0,0,0,0,0.0,0
0,0,0,0,0.0,0,0,0,0,0,0,0,0.0,0,0.0,0.0,0,0,0,0,0,0,0,0,0,0,0.0,0
0,0,0,0,0,0,0,0,0,0,0,0,0.0,0,0.0,0.0,0,0,0,0,0,0,0,0,0,0,0.0,0
0,0,0,0,0,0,0,0,0,0,0,0,0.0,0,0.0,0.0,0,0,0,0,0,0,0,0,0,0,0.0,0
0,0,0,0,0,0,0,0,0,0,0,0,0.0,0,0.0,0.0,0,0,0,0,0,0,0,0,0,0,0.0,0
0,0,0,0,0,0,0,0,0,0,0,0,0.0,0,0.0,0.0,0,0,0,0,0,0,0,0,0,0,0.0,0
0,0,0,0,0,0,0,0,0,0,0,0,0.0,0,0.0,0.0,0,0,0,0,0,0,0,0,0,0,0.0,0
0,0,0,0,0,0,0,0,0,0,0,0,0.0,0,0.0,0.0,0,0,0,0,0,0,0,0,0,0,0.0,0
0,0,0,0,0,0,0,0,0,0,0,0,0.0,0,0.0,0.0,0,0,0,0,0,0,0,0,0,0,0.0,0
0,0,0,0,0,0,0,0,0,0,0,0,0.0,0,0.0,0.0,0,0,0,0,0,0,0,0,0,0,0.0,0
0,0,0,0,0,0,0,0,0,0,0,0,0.0,0,0.0,0.0,0,0,0,0,0,0,0,0,0,0,0.0,0
0,0,0,0,0,0,0,0,0,0,0,0,0.0,0,0.0,0.0,0,0,0,0,0,0,0,0,0,0,0.0,0
0,0,0,0,30.05,0,0,0,0,0,30.6,0,0.0,0,0.0,0.0,0,0,0,0,0,0,0,0,0,0,0.0,0
0,0,0,0,0,0,0,0,0,0,0,0,0.0,0,0.0,0.0,0,0,0,0,0,0,0,0,0,0,0.0,0
0,0,0,0,0,0,0,0,0,0,0,0,0.0,0,0.0,0.0,0,0,0,0,0,0,0,0,0,0,0.0,0
0,0,0,0,0,0,0,0,0,0,0,0,0.0,0,0.0,0.0,0,0,0,0,0,0,0,0,0,0,0.0,0
0,0,0,0,0.0,0,0,0,0,0,0,0,0.0,0,0.0,0.0,0,0,0,0,0,0,0,0,0,0,0.0,0
0,0,0,0,0.0,0,0,0,0,0,0,0,0.0,0,0.0,0.0,0,0,0,0,0,0,0,0,0,0,0.0,0
0,0,0,0,0.0,0,0,0,0,0,0,0,0.0,0,0.0,0.0,0,0,0,0,0,0,0,0,0,0,0.0,0
0,0,0,0,0.0,0,0,0,0,0,0,0,0.0,0,0.0,0.0,0,0,0,0,0,0,0,0,0,0,0.0,0
0,0,0,0,0.0,0,0,0,0,0,0,0,0.0,0,0.0,0.0,0,0,0,0,0,0,0,0,0,0,0.0,0
0,0,0,0,0.0,0,0,0,0,0,0,0,0.0,0,0.0,0.0,0,0,0,0,0,0,0,0,0,0,0.0,0
0,0,0,0,0,0,0,0,0,0,0,0,0,0,0,0,0,0,0,0,0,0.0,0,0,0,0,0,0
0,0,0,0,0,0,0,0,0,0,0,0,0,0,0,0,0,0,0,0,0,0.0,0,0,0,0,0,0
0,0,0,0,0,33.3,0,0,0,0,0,0,0,0,0,0,0,0,0,0,0,0.0,0,0,0,0,0,0
0,0,0,0,0,31.65,0,0,0,0,0,0,0,0,0,0,0,0,0,0,0,0.0,0,0,0,0,0,0
0,0,0,0,0,0,0,0,0,0,0,0,0,0,0,0,0,0,0,0,0,0.0,0,0,0,0,0,0
0,0,0,0,0,0,0,0,0,0,0,0,0,0,0,0,0,0,0,0,0,0.0,0,0,0,0,0,0
0,0,0,0,0,0,0,0,0,0,0,0,0,0,0,0,0,0,0,0,0,0.0,0,0,0,0,0,0
0,0,0,0,0,0,0,0,0,0,0,0,0,0,0,0,0,0,0,0,0,0.0,0,0,0,0,0,0
0,0,0,0,0,0,0,0,0,0,0,0,0,0,0,0,0,0,0,0,0,0.0,0,0,0,0,0,0
0,0,0,0,0,0,0,0,0,0,0,0,0,0,0,0,0,0,0,0,0,0.0,0,0,0,0,0,15.7
0,0,0,34.15,0,0,0,0,0,0,0,0,0,0,0,0,0,0,0,0,0,0.0,0,0,0,0,0,0
0,0,0,0,0,0,0,0,0,39.2,0,0,0,0,0,0,0,0,0,0,0,0.0,0,0,0,0,0,0
0,0,0,0,30.35,0,0,0,0,0,0,0,0,0,0,0,0,0,0,0,0,0.0,0,0,0,0,0,0
0,0,0,0,0,0,0,0,0,0,0,0,0,0,0,0,0,0,0,0,0,0.0,0,0,0,0,0,0
0,0,0,0,0,0,0,0,0,0,0,0,0,0,0,0,0,0,0,0,0,0.0,0,0,0,0,0,0
0,0,0,0,0,0,0,0,0,0,0,0,0,0,0,0,0,0,0,0,0,0.0,0,37.5,0,0,0,13.8
0,0,0,0,0,0,0,0,0,37.45,0,0,0,0,0,0,0,0,0,0,0,0.0,0,0,0,0,0,0
0,0,0,0,0,0,0,0,0,38.35,0,0,0,0,0,0,0,0,0,0,0,0.0,0,0,0,0,0,0
0,0,0,0,0,36.15,0,0,0,0,0,0,0,0,0,0,0,0,0,0,0,0.0,0,0,0,0,0,0
0,0,0,0,0,0,0,0,0,0,0,0,0,0,0,0,0,0,0,0,0,0.0,0,0,0,0,0,0
0,0,0,0,0,32.9,0,0,0,0,0,0,0,0,0,0,0,0,0,0,0,0.0,0,0,0,0,0,0
0,0,0,0,29.9,0,0,0,0,0,29.8,0,0,0,0,0,0,0,0,0,0,0.0,0,0,0,0,0,0
0,0,0,0,0,0,0,0,0,0,0,0,0,0,0,0,0,0,0,0,0,0.0,0,0,0,0,0,0
0,0,0,0,0,0,0,0,0,0,0,0,0,0,0,0,0,0,0,0,0,0.0,0,0,0,0,0,0
0,0,0,0,0,0,0,0,0,0,0,0,0,0,0,0,0,0,0,0,0,0.0,0,0,0,0,0,0
0,0,0,0,0,0,0,0,0,0,0,0,0,0,0,0,0,0,0,0,0,0.0,0,0,0,0,0,0
0,0,0,0,0,0,0,0,0,0,0,0,0,0,0,0,0,0,0,0,0,0.0,0,0,0,0,0,0
0,0,0,0,0,0,0,0,0,0,0,0,0,0,0,0,0,0,0,0,0,0.0,0,0,0,0,0,0
0,0,0,0,0,0,0,0,0,0,0,0,0,0,0,0,0,0,0,0,0,0.0,0,0,0,0,0,0
0,0,0,0,0,0,0,0,0,0,0,0,0,0,0,0,33.7,0,0,0,0,0.0,0,0,0,0,0,0
0,0,0,0,0,0,0,0,0,0,0,0,0,0,0,0,36.35,0,0,0,0,0.0,0,0,0,0,0,0
0,0,0,0,0,0,0,0,0,0,0,0,0,0,0,0,0,0,0,0,0,0.0,0,0,0,0,0,0
0,0,0,0,0,0,0,0,0,0,0,0,0,0,0,0,0,0,0,0,0,0.0,0,0,0,0,0,0
0,0,0,0,0,0,0,0,0,0,0,0,0,0,0,0,0,0,0,0,0,0.0,0,0,0,0,0,0
0,0,0,0,0,0,0,0,0,0,0,0,0,0,0,0,0,0,0,0.0,0,0.0,0,0,0,0,0,0
0,0,0,0,0,0,0,0,0,0,0,0,0,0,0,0,0,0,0,0.0,0,0.0,0,0,0,0,0,0
0,0,0,0,0,0,0,0,0,0,0,0,0,0,0,0,0,0,0,0.0,0,0.0,0,0,0,0,0,0
0,0,0,0,0,33.3,0,0,0,0,0,0,0,0,0,0,0,0,0,0,0,0.0,0,0,0,0,0,0
0,0,0,0,0,31.75,0,0,0,0,0,0,0,0,0,0,0,0,0,0,0,0.0,0,0,0,0,0,0
0,0,0,0,0,0,0,0,0,0,0,0,0,0,0,0,0,0,0,0,0,0.0,0,0,0,0,0,0
0,0,0,0,0,0,22.5,0,0,0,0,0,0,0,0,0,36.15,0,0,0,0,0,0,33.15,0,0,0,21.0
0,0,0,0,0,0,0,0,0,0,0,0,0,0,0,0,37.9,0,0,0,0,0,0,0,0,0,0,17.9
0,0,0,0,0,0,0,0,0,36.35,0,0,0,0,0,0,0,21.75,0,0,0,0,0,0,0,0,21.15,18.8
0,0,0,34.4,0,0,0,0,0,0,0,0,0,0,0,0,0,17.2,0,0,0,0,0,0,0,0,0,12.95
0,0,0,0,0,0,0,0,0,0,0,0,0,0,0,0,0,0,0,0,0,0,0,0,0,0,0,0
0,0,0,0,0,31.1,0,0,0,0,0,0,0,0,0,0,0,17.2,0,0,0,0,0,0,0,0,0,17.75
0,0,0,0,0,0,0,0,0,0,0,0,0,0,0,0,0,0,0,0.0,0,0,0,0,0,0,0,0
0,0,0,0,0,0,0,0,0,0,0,0,0,0,0,0,0,0,0,0.0,0,0,0,0,0,0,0,0
0,0,0,0,0,30.95,0,0,0,0,30.75,0,0,0,0,0,0,0,0,0,0,0,0,0,0,0,0,15.45
0,0,0,0,26.3,0,17.2,0,0,0,0,0,0,0,0,0,0,18.2,0,0,0,0,0,0,0,0,0,16.6
0,0,0,0,24.85,0,15.6,0,0,0,0,0,0,0,0,0,0,17.45,0,0,0,0,0,0,0,0,0,16.4
0,0,0,0,28.65,0,0,0,0,0,0,0,0,0,0,0,0,0,0,0,18.95,0,0,0,0,0,19.7,0
0,0,0,0,0,0,18.25,0,0,0,0,0,0,0,0,27.3,0,0,0,0,21.3,0,0,0,0,0,0,0
0,0,0,31.45,0,0,0,0,0,29.95,0,0,0,0,0,0,0,0,0,0,0,0,0,0,0,0,0,20.6
0,0,31.0,33.15,0,31.4,0,0,0,0,0,0,0,0,0,0,0,0,0,0,0,0,0,0,0,0,22.1,0
0,0,0,0,31.7,30.8,21.95,0,0,0,31.1,0,0,0,0,0,0,0,0,0,22.75,0,0,0,0,0,0,0
0,0,0,33.45,0,0,0,0,0,34.65,0,0,0,0,0,0,21.45,0,0,0,21.45,0,0,0,0,0,0,0
0,0,0,0,0,34.45,0,0,0,34.65,0,0,0,0,0,34.9,0,0,0,0,23.1,0,0,0,0,0,0,0
0,0,0,0,0,0,0,0,0,0,0,0,0,0,0,0,0,23.05,0,0,0,0,0,0,0,0,22.2,21.0
0,0,0,0,0,0,0,0,0,0,0,0,0,0,0,0,20.9,21.25,0,0,0,0,0,0,0,0,21.35,17.55
0,0,0,0,0,0,0,0,0,0,0,0,0,0,0,0,20.65,21.4,0,0,0,0,0,0,0,0,20.65,19.75
0,0,0,0,31.95,0,20.45,0,0,0,32.3,0,0,0,0,0,0,0,0,0,0,0,0,0,0,0,0,20.3
0,0,0,0,0,0,21.55,0,0,31.3,0,0,0,0,0,0,31.85,22.75,0,0,0,0,0,0,0,0,0,22.45
0,0,0,0,0,0,0,0,0,36.95,0,0,0,0,0,0,0,0,0,0,0,0,0,0,0,0,0,17.7
0,0,0,35.35,36.4,36.3,0,0,0,0,35.2,0,0,0,0,0,0,0,0,0,0,0,0,0,0,0,0,19.1
0,0,38.45,0,0,39.6,0,0,0,40.7,0,0,0,0,0,0,0,0,0,0,0,0,0,0,0,0,0,19.45
0,0,30.75,0,30.8,29.95,20.9,0,0,0,31.25,0,0,0,0,0,0,0,0,0,0,0,0,0,0,0,0,0
0,0,29.95,0,29.4,29.1,0,0,0,0,30.4,0,0,0,0,0,0,0,0,0,21.05,0,0,0,0,0,0,0
0,0,0,0,0,0,0,0,0,0,0,0,0,0,0,0,0,0,0,0,0,0,0,0,0,0,0.0,0
0,0,0,0,33.1,34.3,0,0,0,0,33.0,0,0,0,0,0,0,0,0,0,0,0,0,0,0,0,0,20.7
0,0,32.3,0,33.25,35.15,0,0,0,0,33.1,0,0,0,0,0,0,0,0,0,0,0,0,0,0,0,0,0
0,0,31.3,0,33.85,33.0,0,0,0,0,32.8,0,0,0,0,0,0,0,0,0,0,0,0,0,0,0,0,0
0,0,0,0,27.2,0,17.6,0,0,0,0,0,0,0,0,0,28.8,0,0,0,0,0,0,0,0,0,0,19.9
0,0,0,0,0,0,0,0,0,0,0,0,0,0,0,0,0,0,0,0,0,0,0,0,0,0,0.0,0
0,0,0,0,0,0,0,0,0,0,0,0,0,0,0,0,0,0,0,0,0,0,0,0,0,0,0.0,0
0,0,0,0,0,0,0,0,0,0,0,29.05,29.45,0,0,0,0,0,0,0,0,0,21.65,0,0,28.95,0,19.45
0,0,0,0,0,0,18.15,0,0,27.45,0,0,0,0,0,0,0,0,0,0,0,0,0,0,0,0,0,0
0,0,0,0,0,0,0,0,0,0,0.0,0,0,0,0,0,0,0,0,0,0,0,0,0,0,0,0,0
0,0,0,0,0,0,0,0,0,0,0.0,0,0,0,0,0,0,0,0,0,0,0,0,0,0,0,0,0
0,0,0,0,0,0,0,0,0,0,0.0,0,0,0,0.0,0,0,0,0,0,0,0,0,0,0,0,0,0
0,0,0,0,0,0,0,0,0,0,0.0,0,0,0,0,0,0,0,0,0,0,0,0,0,0,0,0.0,0
0,0,0,0,0,0,0,0,0,0,0.0,0,0,0,0,0,0,0,0,0,0,0,0,0,0,0,0,0
0,0,0,0,0,0,0,0,0,0,0.0,0,0,0,0,0,0,0,0,0,0,0,0,0,0,0,0,0
0,0,0,0,0,0,0,0,0,0,0.0,0,0,0,0,0,0,0,0,0,0,0,0,0,0,0,0,0
0,0,0,0,0,0,0,0,0,0,0.0,0,0,0,0.0,0,0,0,0,0,0,0,0,0,0,0,0,0
0,0,0,0,0,0,0,0,0,0,0.0,0,0,0,0,0,0,0,0,0,0,0,0,0,0,0,0,0
0,0,0,0,0,0,0,0,0,0,0.0,0,0,0,0,0,0,0,0,0,0,0,0,0,0,0,0,0
0,0,0,0,0,0,0,0,0,0,0.0,0,0,0,0,0,0,0,0,0,0.0,0,0,0,0,0,0,0
0,0,0,0,0,0,0,0,0,0,0.0,0,0,0,0,0,0,0,0,0,0.0,0,0,0,0,0,0.0,0
0,0,0,0,0,0,0,0,0,0,0.0,0,0,0,0,0,0,0,0,0,0.0,0,0,0,0,0,0,0
0,0,0,0,0,0,0,0,0,0,0.0,0,0,0,0,0,0,0,0,0,0,0,0,0,0,0,0,0
0,0,0,0,0,0,0,0,0,0,0.0,0,0,0,0,0,0,0,0,0,0,0,0,0,0,0,0,0
0,0,0,0,0,0,0,0,0,0,0.0,0,0,0,0,0,0,0,0,0,0,0,0,0,0,0,0,0
0,0,0,0,0,0,0,0,0,0,0.0,0,0,0,0.0,0,0,0,0,0,0,0,0,0,0,0,0,0
0,0,0,0,0,0,0,0,0,0,0.0,0,0,0,0.0,0,0,0,0,0,0,0,0,0,0,0,0.0,0
0,0,0,0,0,0,0,0,0,0,0.0,0,0,0,0.0,0,0,0,0,0,0,0,0,0,0,0,0,0
0,0,0,0,0,0,0,0,0,0,0.0,0,0,0,0.0,0,0,0,0,0,0,0,0,0,0,0,0,0
0,0,0,0,0,0,0,0,0,0,0.0,0,0,0,0.0,0,0,0,0,0,0,0,0,0,0,0,0,0
0,0,0,0,0,0,0,0,0,0,0.0,0,0,0,0.0,0,0,0,0,0,0,0,0,0,0,0,0,0
0,0,0,0,0,0,0,0,0,0,0.0,0,0,0,0.0,0,0,0,0,0,0,0,0,0,0,0,0,0
0,0,0,0,0,0,0,0,0,0,0.0,0,0,0,0.0,0,0,0,0,0,0,0,0,0,0,0,0,0
0,0,0,0,0,0,0,0,0,0,0.0,0,0,0,0.0,0,0,0,0,0,0,0,0,0,0,0,0,0
0,0,0,0,0,0,0,0,0,0,0.0,0,0,0,0.0,0,0,0,0,0,0,0,0,0,0,0,0,0
0,0,0,0,0,0,0,0,0,0,0.0,0,0,0,0.0,0,0,0,0,0,0,0,0,0,0,0,0,0
0,0,0,0,0,0,0,0,0,0,0.0,0,0,0,0.0,0,0,0,0,0,0,0,0,0,0,0,0,0
0,0,0,0,0,0,0,0,0,0,0.0,0,0,0,0.0,0,0,0,0,0,0,0,0,0,0,0,0,0
0,0,0,0,0,0,0,0,0,0,0.0,0,0,0,0.0,0,0,0,0,0,0,0,0,0,0,0,0,0
0,0,0,0,0,0,0,0,0,0,0.0,0,0,0,0.0,0,0,0,0,0,0,0,0,0,0,0,0,0
0,0,0,0,0,0,0,0,0,0,0.0,0,0,0,0.0,0,0,0,0,0,0,0,0,0,0,0,0,0
0,0,0,0,0,0,0,0,0,0,0.0,0,0,0,0.0,0,0,0,0,0,0,0,0,0,0,0,0,0
0,0,0,0,0,0,0,0,0,0,0.0,0,0.0,0,0.0,0,0,0,0,0,0,0,0,0,0,0,0,0
0,0,0,0,0,0,0,0,0,0,0.0,0,0.0,0,0.0,0,0,0,0,0,0,0,0,0,0,0,0,0
0,0,0,0,0,0,0,0,0,0,0.0,0,0,0,0.0,0,0,0,0,0,0,0,0,0,0,0,0,0
0,0,0,0,0,0,0,0,0,0,0.0,0,0,0,0.0,0,0,0,0,0,0,0,0,0,0,0,0,0
0,0,0,0,0,0,0,0,0,0,0.0,0,0,0,0.0,0,0,0,0,0,0,0,0,0,0,0,0,0
0,0,0,0,0,0,0,0,0,0,0.0,0,0,0,0.0,0,0,0,0,0,0,0,0,0,0,0,0,0
0,0,0,0,0,0,0,0,0,0,0.0,0,0,0,0.0,0,0,0,0,0,0,0,0,0,0,0,0,0
0,0,0,0,0,0,0,0,0,0,0.0,0,0,0,0.0,0,0,0,0,0,0,0,0,0,0,0,0,0
0,0,0,0,0,0,0,0,0,0,0.0,0,0,0,0,0,38.15,0,0,0,0,0,0,0,0,0,0,0
0,0,0,0,0,0,0,0,0,0,0.0,0,0,0,0.0,0,0,0,0,0,0,0,0,0,0,0,0,0
0,0,0,0,0,0,0,0,0,0,0.0,0,0,0,0.0,0,0,0,0,0,0,0,0,0,0,0,0,0
0,0,0,0,0,0,0,0,0,0,0.0,0,0,0,0.0,0,0,0,0,0,0,0,0,0,0,0,0,0
0,0,0,0,0,0,0,0,0,0,0.0,0,0,0,0.0,0,0,0,0,0,0,0,0,0,0,0,0,0
0,0,0,0,0,0,0,0,0,0,0.0,0,0,0,0.0,0,0,0,0,0,0,0,0,0,0,0,0,0
0,0,0,0,0,0,0,0,0,0,0.0,0,0,0,0.0,0,0,0,0,0,0,0,0,0,0,0,0,0
0,0,0,0,0,0,0,0,0,0,0.0,0,0,0,0.0,0,0,0,0,0,0,0,0,0,0,0,0.0,0
0,0,0,0,0,0,0,0,0,0,0.0,0,0,0,0.0,0,0,0,0,0,0,0,0,0,0,0,0,0
0,0,0,0,0,0,0,0,0,0,0.0,0,0,0,0.0,0,0,0,0,0,0,0,0,0,0,0,0,0
0,0,0,0,0,0,0,0,0,0,0.0,0,0,0,0.0,0,0,0,0,0,0,0,0,0,0,0,0,0
0,0,0,0,0,0,0,0,0,0,0.0,0,0,0,0.0,0,0,0,0,0,0,0,0,0,0,0,0,0
0,0,0,0,0,0,0,0,0,0,0.0,0,0,0,0.0,0,0,0,0,0,0,0,0,0,0,0,0,0
0,0,0,0,0,0,0,0,0,0,0.0,0,0,0,0.0,0,0,0,0,0,0,0,0,0,0,0,0,0
0,0,0,0,0,0,0,0,0,0,0.0,0.0,0,0,0.0,0,0,0,0,0,0,0,0,0,0,0,0,0
0,0,0,0,0,0,0,0,0,0,0.0,0.0,0,0,0.0,0,0,0,0,0,0,0,0,0,0,0,0,0
0,0,0,0,0,0,0,0,0,0,0.0,0.0,0,0,0.0,0,0,0,0,0,0,0,0,0,0,0,0,0
0,0,0,0,0,0,0,0,0,0,0.0,0.0,0,0,0.0,0,0,0,0,0,0,0,0,0,0,0,0,0
0,0,0,0,0,0,0,0,0,0,0.0,0.0,0,0,0.0,0,0,0,0,0,0,0,0,0,0,0,0,0
0,0,0,0,0,0,0,0,0,0,0.0,0.0,0,0,0.0,0,0,0,0,0,0,0,0,0,0,0,0,0
0,0,0,0,0,0,0,0,0,0,0.0,0,0,0,0.0,0,0,0,0,0,0,0,0,0,0,0,0,0
0,0,0,0,0,0,0,0,0,0,0.0,0,0,0,0.0,0,0,0,0,0,0,0,0,0,0,0,0,0
0,0,0,0,0,0,0,0,0,0,0.0,0.0,0,0,0.0,0,0,0,0,0,0,0,0,0,0,0,0,0
0,0,0,0,0,0,0,0,0,0,0.0,0.0,0,0,0.0,0,0,0,0,0,0,0,0,0,0,0,0,0
0,0,0,0,0,0,0,0,0,0,0.0,0.0,0,0,0.0,0,0,0,0,0,0,0,0,0,0,0,0,0
0,0,0,0,0,0,0,0,0,0,0.0,0.0,0,0,0.0,0,0,0,0,0,0,0,0,0,0,0,0,0
0,0,0,0,0,0,0,0,0,0,0.0,0.0,0.0,0,0.0,0,0,0,0,0,0,0,0,0,0,0,0,0
0,0,0,0,0,0,0,0,0,0,0.0,0.0,0.0,0,0.0,0,0,0,0,0,0,0,0,0,0,0,0,0
0,0,0,0,0,0,0,0,0,0,0.0,0.0,0,0,0.0,0,0,0,0,0,0,0,0,0,0,0,0,0
0,0,0,0,0,0,0,0,0,0,0.0,0.0,0,0,0.0,0,0,0,0,0,0,0,0,0,0,0,0,0
0,0,0,0,0,0,0,0,0,0,0,0.0,0,0,0.0,0,0,0,0,0,0,0,0,0,0,0,0,0
0,0,0,0,0,0,0,0,0,0,0,0.0,0,0,0.0,0,0,0,0,0,0,0,0,0,0,0,0,0
0,0,0,0,0,0,0,0,0,0,0,0.0,0,0,0.0,0,0,0,0,0,0,0,0,0,0,0,0,0
0,0,0,0,0,0,0,0,0,0,0,0.0,0,0,0.0,0,0,0,0,0,0,0,0,0,0,0,0,0
0,0,0,0,0,0,0,0,0,0,0,0.0,0,0,0.0,0,0,0,0,0,0,0,0,0,0,0,0,0
0,0,0,0,0.0,0,0,0,0,0,0,0.0,0,0,0.0,0,0,0,0,0,0,0,0,0,0,0,0,0
0,0,0,0,0,0,0,0,0,0,0,0.0,0,0,0.0,0,0,0,0,0,0,0,0,0,0,0,0,0
0,0,0,0,0.0,0,0,0,0,0,0,0.0,0,0,0.0,0,0,0,0,0,0,0,0,0,0,0,0,0
0,0,0,0,0,0,0,0,0,0,0,0.0,0,0,0.0,0,0,0,0,0,0,0,0,0,0,0,0,0
0,0,0,0,0.0,0,0,0,0,0,0,0,0,0,0.0,0,0,0,0,0,0,0,0,0,0,0,0,0
0,0,0,0,0,0,0,0,0,0,0,0,0,0,0.0,0,0,0,0,0,0,0,0,0,0,0,0,0
0,0,0,0,0,0,0,0,0,0,0,0,0,0,0.0,0,0,0,0,0,0,0,0,0,0,0,0,0
0,0,0,0,0,0,0,0,0,0,0,0,0,0,0.0,0,0,0,0,0,0,0,0,0,0,0,0,0
0,0,0,0,0,0,0,0,0,0,0,0,0,0,0.0,0,0,0,0,0,0,0,0,0,0,0,0,0
0,0,0,0,0,0,0,0,0,0,0,0,0,0,0.0,0,0,0,0,0,0,0,0,0,0,0,0,0
0,0,0,0,0,0,0,0,0,0,0,0,0,0,0.0,0,0,0,0,0,0,0,0,0,0,0,0,0
0,0,0,0,0,0,0,0,0,0,0,0,0,0,0.0,0,0,0,0,0,0,0,0,0,0,0,0,0
0,0,0,0,0,0,0,0,0,0,0,0,0,0,0.0,0,0,0,0,0,0,0,0,0,0,0,0,0
0,0,0,0,0.0,0,0,0,0,0,0,0,0,0,0.0,0,0,0,0,0,0,0,0,0,0,0,0,0
0,0,0,0,0,0,0,0,0,0,0,0,0,0,0.0,0,0,0,0,0,0,0,0,0,0,0,0,0
0,0,0,0,0,0,0,0,0,0,0,0,0,0,0.0,0,0,0,0,0,0,0,0,0,0,0,0,0
0,0,0,0,0,0,0,0,0,0,0,0,0,0,0.0,0,0,0,0,0,0,0,0,0,0,0,0,0
0,0,0,0,0,0,0,0,0,0,0,0,0,0,0.0,0,0,0,0,0,0,0,0,0,0,0,0,0
0,0,0,0,0,0,0,0,0,0,0,0,0,0,0.0,0,0,0,0,0,0,0,0,0,0,0,0,0
0,0,0,0,0,0,0,0,0,0,0,0,0,0,0.0,0,0,0,0,0,0,0,0,0,0,0,0,0
0,0,0,0,0,0,0,0,0,0,0,0,0,0,0.0,0,0,0,0,0,0,0,0,0,0,0,0,0
0,0,0,0,0,0,0,0,0,0,0,0,0,0,0.0,0,0,0,0,0,0,0,0,0,0,0,0,0
0,0,0,0,0,0,0,0,0,0,0,0,0,0,0.0,0,0,0,0,0,0,0,0,0,0,0,0,0
0,0,0,0,0,0,0,0,0,0,0,0,0,0,0.0,0,0,0,0,0,0,0,0,0,0,0,0,0
0,0,0,0,0,0,0,0,0,0,0,0,0,0,0.0,0,0,0,0,0,0,0,0,0,0,0,0,0
0,0,0,0,0,0,0,0,0,0,0,0,0,0,0.0,0,0,0,0,0,0,0,0,0,0,0,0,0
0,0,0,0,0,0,0,0,0,0,0,0,0,0,0.0,0,0,0,0,0,0,0,0,0,0,0,0,0
0,0,0,0,0,0,0,0,0,0,0,0,0,0,0.0,0,0,0,0,0,0,0,0,0,0,0,0,0
0,0,0,0,0,0,0,0,0,0,0,0,0,0,0.0,0,0,0,0,0,0,0,0,0,0,0,0,0
0,0,0,0,0,0,0,0,0,0,0,0,0,0,0.0,0,0,0,0,0,0,0,0,0,0,0,0,0
0,0,0,0,0,0,0,0,0,0,0,0,0,0,0.0,0,0,0,0,0,0,0,0,0,0,0,0,0
0,0,0,0,0,0,0,0,0,0,0,0,0,0,0.0,0,0,0,0,0,0,0,0,0,0,0,0,0
0,0,0,0,0,0,0,0,0,0,0,0,0,0,0.0,0,0,0,0,0,0,0,0,0,0,0,0,0
0,0,0,0,0,0,0,0,0,0,0,0,0,0,0.0,0,0,0,0,0,0,0,0,0,0,0,0,0
0,0,0,0,0,0,0,0,0,0,0,0,0,0,0.0,0,0,0,0,0,0,0,0,0,0,0,0,0
0,0,0,0,0,0,0,0,0,0,0,0,0,0,0.0,0,0,0,0,0,0,0,0,0,0,0,0,0
0,0,0,0,0,0,0,0,0,0,0,0,0,0,0.0,0,0,0,0,0,0,0,0,0,0,0,0,0
0,0,0,0,0,0,0,0,0,0,0,0,0,0,0.0,0,0,0,0,0,0,0,0,0,0,0,0,0
0,0,0,0,0,0,0,0,0,0,0,0,0,0,0.0,0,0,0,0,0,0,0,0,0,0,0,0,0
0,0,0,0,0,0,0,0,0,0,0,0,0,0,0.0,0,0,0,0,0,0,0,0,0,0,0,0,0
0,0,0,0,0,0,0,0,0,0,0,0,0,0,0.0,0,0,0,0,0,0,0,0,0,0,0,0,0
0,0,0,0,0,0,0,0,0,0,0,0,0,0,0.0,0,0,0,0,0,0,0,0,0,0,0,0,0
0,0,0,0,0,0,0,0,0,0,0,0,0,0,0.0,0,37.55,0,0,0,0,0,0,0,0,0,0,0
0,0,0,0,0,0,0,0,0,0,0,0,0,0,0.0,0,0,0,0,0,0,0,0,0,0,0,0,0
0,0,0,0,0,0,0,0,0,0,0,0,0,0,0.0,0,0,0,0,0,0,0,0,0,0,0,0,0
0,0,0,0,0,0,0,0,0,0,0,0,0,0,0.0,0,0,0,0,0.0,0,0,0,0,0,0,0,0
0,0,0,0,0,0,0,0,0,0,0,0,0,0,0.0,0,0,0,0,0,0,0,0,0,0,0,0,0
0,0,0,0,0,0,0,0,0,0,0,0,0,0,0.0,0,0,0,0,0,0,0,0,0,0,0,0,0
0,0,0,0,0,0,0,0,0,0,0,0,0,0,0.0,0,0,0,0,0,0,0,0,0,0,0,0,0
0,0,0,0,0,0,0,0,0,0,0,0,0,0,0.0,0,0,0,0,0,0,0,0,0,0,0,0,0
0,0,0,0,0,0,0,0,0,0,0,0,0,0,0.0,0,0,0,0,0,0,0,0,0,0,0,0,0
0,0,0,0,0,0,0,0,0,0,0,0,0,0,0.0,0,0,0,0,0,0,0,0,0,0,0,0,0
0,0,0,0,0,0,0,0,0,0,0,0,0,0,0.0,0,0,0,0,0,0,0,0,0,0,0,0,0
0,0,0,0,0.0,0,0,0,0,0,0,0,0,0,0.0,0,0,0,0,0,0,0,0,0,0,0,0,0
0,0,0,0,0.0,0,0,0,0,0,0,0,0,0,0.0,0,0,0,0,0,0,0,0,0,0,0,0,0
0,0,0,0,0.0,0,0,0,0,0,0,0,0,0,0.0,0,0,0,0,0,0,0,0,0,0,0,0,0
0,0,0,0,0.0,0,0,0,0,0,0,0,0,0,0.0,0,0,0,0,0.0,0,0,0,0,0,0,0,0
0,0,0,0,0,0,0,0,0,0,0,0,0,0,0.0,0,0,0,0,0,0,0,0,0,0,0,0,0
0,0,0,0,0,0.0,0,0,0,0,0,0,0,0,0.0,0,0,0,0,0,0,0,0,0,0,0,0,0
0,0,0,0,0.0,0.0,0,0,0,0,0,0,0,0,0.0,0,0,0,0,0,0,0,0,0,0,0,0,0
0,0,0,0,0,0.0,0,0,0,0,0,0,0,0,0.0,0,0,0,0,0,0,0,0,0,0,0,0,0
0,0,0,0,0.0,0.0,0,0,0,0,0,0,0,0,0.0,0,0,0,0,0.0,0,0,0,0,0,0,0,0
0,0,0,0,0,0.0,0,0,0,0,0,0,0,0,0.0,0,0,0,0,0,0,0,0,0,0,0,0,0
0,0,0,0,0,0.0,0,0,0,0,0,0,0,0,0.0,0,0,0,0,0,0,0,0,0,0,0,0,0
0,0,0,0,0,0.0,0,0,0,0,0,0,0,0,0.0,0,0,0,0,0.0,0,0,0,0,0,0,0,0
0,0,0,0,0,0.0,0,0,0,0,0,0,0,0,0.0,0,0,0,0,0.0,0,0,0,0,0,0,0,0
0,0,0,0,0,0.0,0,0,0,0,0,0,0,0,0.0,0,0,0,0,0.0,0,0,0,0,0,0,0,0
0,0,0,0,0,0.0,0,0,0,0,0,0,0,0,0.0,0,0,0,0,0.0,0,0,0,0,0,0,0,0
0,0,0,0,0,0.0,0,0,0,0,0,0,0,0,0.0,0,0,0,0,0.0,0,0,0,0,0,0,0,0
0,0,0,0,0,0.0,0,0,0,0,0,0,0,0,0.0,0,0,0,0,0.0,0,0,0,0,0,0,0,0
0,0,0,0,0,0.0,0,0,0,0,0,0,0,0,0.0,0,0,0,0,0.0,0,0,0,0,0,0,0,0
0,0,0,0,0,0.0,0,0,0,0,0,0,0,0,0.0,0,0,0,0,0.0,0,0,0,0,0,0,0,0
0,0,0,0,0,0.0,0,0,0,0,0,0,0,0,0.0,0,0,0,0,0.0,0,0,0,0,0,0,0,0
0,0,0,0,0,0.0,0,0,0,0,0,0,0,0,0.0,0,0,0,0,0.0,0,0,0,0,0,0,0,0
0,0,0,0,0,0.0,0,0,0,0,0,0,0,0,0.0,0,0,0,0,0.0,0,0,0,0,0,0,0,0
0,0,0,0,0,0.0,0,0,0,0,0,0,0,0,0.0,0,0,0,0,0.0,0,0,0,0,0,0,0,0
0,0,0,0,0,0.0,0,0,0,0,0,0,0,0,0.0,0,0,0,0,0.0,0,0,0,0,0,0,0,0
0,0,0,0,0,0.0,0,0,0,0,0,0,0,0,0.0,0,0,0,0,0.0,0,0,0,0,0,0,0,0
0,0,0,0,0,0.0,0,0,0,0,0,0,0,0,0.0,0,0,0,0,0.0,0,0,0,0,0,0,0,0
0,0,0,0,0,0.0,0,0,0,0,0,0,0,0,0.0,0,0,0,0,0.0,0,0,0,0,0,0,0,0
0,0,0,0,0,0.0,0,0,0,0,0,0,0,0,0.0,0,0,0,0,0.0,0,0,0,0,0,0,0,0
0,0,0,0,0.0,0.0,0,0,0,0,0,0,0,0,0.0,0,0,0,0,0.0,0,0,0,0,0,0,0,0
0,0,0,0,0.0,0.0,0,0,0,0,0,0,0,0,0.0,0,0,0,0,0.0,0,0,0,0,0,0,0,0
0,0,0,0,0.0,0.0,0,0,0,0,0,0,0,0,0.0,0,0,0,0,0.0,0,0,0,0,0,0,0,0
0,0,0,0,0.0,0.0,0,0,0,0,0,0,0,0,0.0,0,0,0,0,0.0,0,0,0,0,0,0,0,0
0,0,0,0,0.0,0.0,0,0,0,0,0,0,0,0,0.0,0,0,0,0,0.0,0,0,0,0,0,0,0,0
0,0,0,0,0.0,0.0,0,0,0,0,0,0,0,0,0.0,0,0,0,0,0.0,0,0,0,0,0,0,0,0
0,0,0,0,0.0,0.0,0,0,0,0,0,0,0,0,0.0,0,0,0,0,0.0,0,0,0,0,0,0,0,0
0,0,0,0,0.0,0.0,0,0,0,0,0,0,0,0,0.0,0,0,0,0,0.0,0,0,0,0,0,0,0,0
0,0,0,0,0.0,0.0,0,0,0,0,0,0,0,0,0.0,0,0,0,0,0.0,0,0,0,0,0,0,0,0
0,0,0,0,0.0,0.0,0,0,0,0,0,0,0,0,0.0,0,0,0,0,0.0,0,0,0,0,0,0,0,0
0,0,0,0,0.0,0.0,0,0,0,0,0,0,0,0,0.0,0,0,0,0,0.0,0,0,0,0,0,0,0,0
0,0,0,0,0,0.0,0,0,0,0,0,0,0.0,0,0.0,0,0,0,0,0.0,0,0,0,0,0,0,0,0
0,0,0,0,0,0.0,0,0,0,0,0,0,0,0,0.0,0,0,0,0,0.0,0,0,0,0,0,0,0,0
0,0,0,0,0.0,0.0,0,0,0,0,0,0,0,0,0.0,0,0,0,0,0.0,0,0,0,0,0,0,0,0
0,0.0,0,0,0.0,0.0,0,0,0,0,0,0,0,0,0.0,0,0,0,0,0.0,0,0,0,0,0,0,0,0
0,0,0,0,0,0.0,0,0,0,0,0,0,0,0,0.0,0,0,0,0,0.0,0,0,0,0,0,0,0,0
0,0,0,0,0.0,0.0,0,0,0,0,0,0,0,0,0.0,0,0,0,0,0.0,0,0,0,0,0,0,0,0
0,0,0,0,0.0,0.0,0,0,0,0,0,0,0,0,0.0,0,0,0,0,0.0,0,0,0,0,0,0,0,0
0,0,0,0,0.0,0.0,0,0,0,0,0,0,0,0,0.0,0,0,0,0,0.0,0,0,0,0,0,0,0,0
0,0.0,0,0,0.0,0.0,0,0,0,0,0,0,0,0,0.0,0,0,0,0,0.0,0,0,0,0,0,0,0,0
0,0.0,0,0,0.0,0.0,0,0,0,0,0,0,0,0,0.0,0,0,0,0,0.0,0,0,0,0,0,0,0,0
0,0,0,0,0.0,0.0,0,0,0,0,0,0,0,0,0.0,0,0,0,0,0.0,0,0,0,0,0,0,0,0
0,0,0,0,0.0,0.0,0,0,0,0,0,0,0,0,0.0,0,0,0,0,0.0,0,0,0,0,0,0,0,0
0,0,0,0,0.0,0.0,0,0,0,0,0,0,0,0,0.0,0,0,0,0,0.0,0,0,0,0,0,0,0,0
0,0,0,0,0.0,0.0,0,0,0,0,0,0,0,0,0.0,0,0,0,0,0.0,0,0,0,0,0,0,0,0
0,0,0,0,0.0,0.0,0,0,0,0,0,0,0,0,0.0,0,0,0,0,0.0,0,0,0,0,0,0,0,0
0,0,0,0,0.0,0.0,0,0,0,0,0,0,0,0,0.0,0,0,0,0,0.0,0,0,0,0,0,0,0,0
0,0,0,0,0.0,0.0,0,0,0,0,0,0,0,0,0.0,0,0,0,0,0.0,0,0,0,0,0,0,0,0
0,0,0,0,0.0,0.0,0,0,0,0,0,0,0,0,0.0,0,0,0,0,0.0,0,0,0,0,0,0,0,0
0,0,0,0,0.0,0.0,0,0,0,0,0,0,0,0,0.0,0,0,0,0,0.0,0,0,0,0,0,0,0,0
0,0,0,0,0.0,0.0,0,0,0,0,0,0,0,0,0.0,0,0,0,0,0.0,0,0,0,0,0,0,0,0
0,0,0,0,0.0,0.0,0,0,0,0,0,0,0,0,0.0,0,0,0,0,0.0,0,0,0,0,0,0,0,0
0,0,0,0,0.0,0.0,0,0,0,0,0,0,0,0,0.0,0,0,0,0,0.0,0,0,0,0,0,0,0,0
0,0,0,0,0.0,0.0,0,0,0,0,0,0,0.0,0,0.0,0,0,0,0,0.0,0,0,0,0,0,0,0,0
0,0,0,0,0.0,0.0,0,0,0,0,0,0,0,0,0.0,0,0,0,0,0.0,0,0,0,0,0,0,0,0
0,0,0,0,0.0,0.0,0,0,0,0,0,0,0,0,0.0,0,0,0,0,0.0,0,0,0,0,0,0,0,0
0,0,0,0,0.0,0.0,0,0,0,0,0,0,0,0,0.0,0,0,0,0,0.0,0,0,0,0,0,0,0,0
0,0,0,0,0.0,0.0,0,0,0,0,0,0,0,0,0.0,0,0,0,0,0.0,0,0,0,0,0,0,0,0
0,0,0,0,0.0,0.0,0,0,0,0,0,0,0,0,0.0,0,0,0,0,0.0,0,0,0,0,0,0,0,0
0,0,0,0,0.0,0.0,0,0,0,0,0,0,0,0,0.0,0,0,0,0,0.0,0,0,0,0,0,0,0,0
0,0,0,0,0.0,0.0,0,0,0,0,0,0,0,0,0.0,0,0,0,0,0.0,0,0,0,0,0,0,0,0
0,0,0,0,0.0,0.0,0,0,0,0,0,0,0,0,0.0,0,0,0,0,0.0,0,0,0,0,0,0,0,0
0,0,0,0,0.0,0.0,0,0,0,0,0,0,0,0,0.0,0,0,0,0,0.0,0,0,0,0,0,0,0,0
0,0,0,0,0.0,0.0,0,0,0,0,0,0,0,0,0.0,0,0,0,0,0.0,0,0,0,0,0,0,0,0
0,0,0,0,0.0,0.0,0,0,0,0,0,0,0,0,0.0,0.0,0,0,0,0.0,0,0.0,0,0,0,0,0,0
0,0,0,0,0.0,0.0,0,0,0,0,0,0,0,0,0.0,0.0,0,0,0,0.0,0,0.0,0,0,0,0,0,0
0,0,0,0,0.0,0.0,0,0,0,0,0,0,0,0,0.0,0.0,0,0,0,0,0,0,0,0,0,0,0,0
0,0,0,0,0.0,0.0,0,0,0,0,0,0,0,0,0.0,0.0,0,0,0,0,0,0,0,0,0,0,0,0
0,0,0,0,0.0,0.0,0,0,0,0,0,0,0,0,0.0,0.0,0,0,0,0,0,0,0,0,0,0,0,0
0,0,0,0,0.0,0.0,0,0,0,0,0,0,0.0,0,0.0,0.0,0,0,0,0,0,0,0,0,0,0,0,0
0,0,0,0,0.0,0.0,0,0,0,0,0,0,0,0,0.0,0.0,0,0,0,0,0,0,0,0,0,0,0,0
0,0,0,0,0.0,0.0,0,0,0,0,0,0,0,0,0.0,0.0,0,0,0,0.0,0,0,0,0,0,0,0,0
0,0,0,0,0.0,0.0,0,0,0,0,0,0,0,0,0.0,0.0,0,0,0,0.0,0,0,0,0,0,0,0,0
0,0,0,0,0.0,0.0,0,0,0,0,0,0,0,0,0.0,0.0,0,0,0,0,0,0,0,0,0,0,0,0
0,0,0,0,0.0,0.0,0,0,0,0,0,0,0.0,0,0.0,0.0,0,0,0,0,0,0,0,0,0,0,0,0
0,0,0,0,0.0,0.0,0,0,0,0,0,0,0.0,0,0.0,0.0,0,0,0,0,0,0,0,0,0,0,0,0
0,0,0,0,0.0,0.0,0,0,0,0,0,0,0.0,0,0.0,0.0,0,0,0,0,0,0,0,0,0,0,0,0
0,0,0,0,0.0,0.0,0,0,0,0,0,0,0.0,0,0.0,0.0,0,0,0,0,0,0,0,0,0,0,0,0
0,0,0,0,0.0,0.0,0,0,0,0,0,0,0.0,0,0.0,0.0,0,0,0,0,0,0,0,0,0,0,0,0
0,0,0,0,0.0,0.0,0,0,0,0,0,0,0.0,0,0.0,0.0,0,0,0,0,0,0,0,0,0,0,0.0,0
0,0,0,0,0.0,0.0,0,0,0,0,0,0,0,0,0.0,0.0,0,0,0,0,0,0,0,0,0,0,0.0,0
0,0,0,0,0.0,0.0,0,0,0,0,0,0,0,0,0.0,0.0,0,0,0,0,0,0,0,0,0,0,0.0,0
0,0,0,0,0.0,0.0,0,0,0,0,0,0,0,0,0.0,0.0,0,0,0,0,0,0,0,0,0,0,0.0,0
0,0,0,0,0.0,0.0,0,0,0,0,0,0,0,0,0.0,0.0,0,0,0,0,0,0,0,0,0,0,0.0,0
0,0,0,0,0.0,0.0,0,0,0,0,0,0,0,0,0.0,0.0,0,0,0,0,0,0,0,0,0,0,0.0,0
0,0,0,0,0.0,0.0,0,0,0,0,0,0,0.0,0,0.0,0.0,0,0,0,0,0,0,0,0,0,0,0.0,0
0,0,0,0,0.0,0.0,0,0,0,0,0,0,0,0,0.0,0.0,0,0,0,0.0,0,0,0,0,0,0,0.0,0
0,0,0,0,0.0,0.0,0,0,0,0,0,0,0,0,0.0,0.0,0,0,0,0.0,0,0,0,0,0,0,0.0,0
0,0,0,0,0.0,0.0,0,0,0,0,0,0,0,0,0.0,0.0,0,0,0,0.0,0,0,0,0,0,0,0.0,0
0,0,0,0,0.0,0.0,0,0,0,0,0,0,0.0,0,0.0,0.0,0,0,0,0.0,0,0,0,0,0,0,0.0,0
0,0,0,0,0.0,0.0,0,0,0,0,0,0,0,0,0.0,0.0,0,0,0,0.0,0,0,0,0,0,0,0.0,0
0,0,0,0,0.0,0.0,0,0,0,0,0,0,0,0,0.0,0.0,0,0,0,0.0,0,0,0,0,0,0,0.0,0
0,0,0,0,0.0,0.0,0,0,0,0,0,0,0.0,0,0.0,0.0,0,0,0,0.0,0,0,0,0,0,0,0.0,0
0,0,0,0,0.0,0.0,0,0,0,0,0,0,0.0,0,0.0,0.0,0,0,0,0.0,0,0,0,0,0,0,0.0,0
0,0,0,0,0.0,0.0,0,0,0,0,0,0,0,0,0.0,0.0,0,0,0,0.0,0,0,0,0,0,0,0.0,0
0,0,0,0,0.0,0.0,0,0,0,0,0,0,0,0,0.0,0.0,0,0,0,0.0,0,0,0,0,0,0,0.0,0
0,0,0,0,0.0,0.0,0,0,0,0,0,0,0.0,0,0.0,0.0,0,0,0,0.0,0,0,0,0,0,0,0.0,0
0,0,0,0,0.0,0.0,0,0,0,0,0,0,0.0,0,0.0,0.0,0,0,0,0.0,0,0,0,0,0,0,0.0,0
0,0,0,0,0.0,0.0,0,0,0,0,0,0,0.0,0,0.0,0.0,0,0,0,0.0,0,0,0,0,0,0,0.0,0
0,0,0,0,0.0,0.0,0,0,0,0,0,0,0.0,0,0.0,0.0,0,0,0,0.0,0,0,0,0,0,0,0.0,0
0,0,0,0,0.0,0.0,0,0,0,0,0,0,0.0,0,0.0,0.0,0,0,0,0,0,0,0,0,0,0,0.0,0
0,0,0,0,0.0,0.0,0,0,0,0,0,0,0.0,0,0.0,0.0,0,0,0,0,0,0,0,0,0,0,0.0,0
0,0,0,0,0.0,0.0,0,0,0,0,0,0,0.0,0,0.0,0.0,0,0,0,0,0,0,0,0,0,0,0.0,0
0,0,0,0,0.0,0.0,0,0,0,0,30.3,0,0.0,0,0.0,0.0,0,0,0,0.0,0,0,0,0,0,0,0.0,0
0,0,0,0,0.0,0.0,0,0,0,0,0,0,0.0,0,0.0,0.0,0,0,0,0.0,0,0,0,0,0,0,0.0,0
0,0,0,0,0.0,0.0,0,0,0,0,0,0,0.0,0,0.0,0.0,0,0,0,0.0,0,0,0,0,0,0,0.0,0
0,0,0,0,0.0,0.0,0,0,0,0,0,0,0.0,0,0.0,0.0,0,0,0,0,0,0,0,0,0,0,0.0,0
0,0,0,0,0.0,0.0,0,0,0,0,0,0,0.0,0,0.0,0.0,0,0,0,0,0,0,0,0,0,0,0.0,0
0,0,0,0,0.0,0.0,0,0,0,0,0,0,0.0,0,0.0,0.0,0,0,0,0,0,0,0,0,0,0,0.0,0
0,0,0,0,0.0,0.0,0,0,0,0,0,0,0.0,0,0.0,0.0,0,0,0,0,0,0,0.0,0,0,0,0.0,0
0,0,0,0,0.0,0.0,0,0,0,0,0,0,0.0,0,0.0,0.0,0,0,0,0,0,0,0.0,0,0,0,0.0,0
0,0,0,0,0.0,0.0,0,0,0,0,0,0,0.0,0,0.0,0.0,0,0,0,0,0,0,0.0,0,0,0,0.0,0
0,0,0,0,0.0,0.0,0,0,0,0,0,0,0.0,0,0.0,0.0,0,0,0,0,0,0,0,0,0,0,0.0,0
0,0,0,0,0.0,0.0,0,0,0,0,0,0,0.0,0,0.0,0.0,0,0,0,0,0,0,0,0,0,0,0.0,0
0,0,0,0,0.0,0.0,0,0,0,0,0,0,0.0,0,0.0,0.0,0,0,0,0,0,0,0,0,0,0,0.0,0
0,0,0,0,0.0,0.0,0,0,0,0,0,0,0.0,0,0.0,0.0,0,0,0,0,0,0,0,0,0,0,0.0,0
0,0,0,0,0.0,0.0,0,0,0,0,0,0,0.0,0,0.0,0.0,0,0,0,0,0,0,0,0,0,0,0.0,0
0,0,0,0,0.0,0.0,0,0,0,0,0,0,0.0,0,0.0,0.0,0,0,0,0,0,0,0,0,0,0,0.0,0
0,0,0,0,0.0,0.0,0,0,0,0,0,0,0.0,0,0.0,0.0,0,0,0,0,0,0,0,0,0,0,0.0,0
0,0,0,0,0.0,0.0,0,0,0,0,26.4,0,0.0,0,0.0,0.0,0,0,0,0,0,0,0,0,0,0,0.0,0
0,0,0,0,0.0,0.0,0,0,0,0,0,0,0.0,0,0.0,0.0,0,0,0,0,0,0,0,0,0,0,0.0,0
0,0,0,0,0.0,0.0,0,0,0,0,0,0,0.0,0,0.0,0.0,0,0,0,0,0,0,0,0,0,0,0.0,0
0,0,0,0,0.0,0.0,0,0,0,0,0,0,0.0,0,0.0,0.0,0,0,0,0,0,0,0,0,0,0,0.0,0
0,0,0,0,0.0,0.0,0,0,0,0,0,0,0.0,0,0.0,0.0,0,0,0,0,0,0,0,0,0,0,0.0,0
0,0,0,0,0.0,0.0,0,0,0,0,0,0,0.0,0,0.0,0.0,0,0,0,0,0,0,0,0,0,0,0.0,0
0,0,0,0,0.0,0.0,0,0,0,0,0,0,0.0,0,0.0,0.0,0,0,0,0,0,0,0,0,0,0,0.0,0
0,0,0,0,0.0,0.0,0,0,0,0,0,0,0.0,0,0.0,0.0,0,0,0,0,0,0,0,0,0,0,0.0,0
0,0,0,0,0.0,0.0,0,0,0,0,0,0,0.0,0,0.0,0.0,0,0,0,0,0,0,0,0,0,0,0.0,0
0,0,0,0,0.0,0.0,0,0,0,0,0,0,0.0,0,0.0,0.0,0,0,0,0,0,0,0,0,0,0,0.0,0
0,0,0,0,0.0,0.0,0,0,0,0,0,0,0.0,0,0.0,0.0,0,0,0,0,0,0.0,0,0,0,0,0.0,0
0,0,0,0,0.0,0.0,0,0,0,0,0,0,0.0,0,0.0,0.0,0,0,0,0,0,0.0,0,0,0,0,0.0,0
0,0,0,0,0.0,0.0,0,0,0,0,0,0,0.0,0,0.0,0.0,0,0,0,0,0,0.0,0,0,0,0,0.0,0
0,0,0,0,0,0,0,0,0,0,0,0,0,0,0,0,0,0,0,0,0,0,0,0,0,0,0,0
0,0,0,0,0.0,0.0,0,0,0,0,0,0,0.0,0,0.0,0.0,0,0,0,0,0,0.0,0,0,0,0,0.0,0
0,0,0,0,0.0,0.0,0,0,0,0,0,0,0.0,0,0.0,0.0,0,0,0,0,0,0,0,0,0,0,0.0,0
0,0,0,0,0.0,0.0,0,0,0,0,0,0,0.0,0,0.0,0.0,0,0,0,0,0,0.0,0,0,0,0,0.0,0
0,0,0,0,0.0,0.0,0,0,0,0,0,0,0.0,0,0.0,0.0,0,0,0,0,0,0.0,0,0,0,0,0.0,0
0,0,0,0,0.0,0.0,0,0,0,0,0,0,0.0,0,0.0,0.0,0,0,0,0,0,0.0,0,0,0,0,0.0,0
0,0,0,0,0,0,0,0,0,0,0,0,0,0,0,0,0,0,0,0,0,0,0,0,0,0,0,0
0,0,0,0,0.0,0.0,0,0,0,0,0,0,0.0,0,0.0,0.0,0,0,0,0,0,0.0,0,0,0,0,0.0,0
0,0,0,0,0.0,0.0,0,0,0,0,0,0,0.0,0,0.0,0.0,0,0,0,0,0,0.0,0,0,0,0,0.0,0
0,0,0,0,0.0,0.0,0,0,0,0,0,0,0.0,0,0.0,0.0,0,0,0,0,0,0.0,0,0,0,0,0.0,0
0,0,0,0,0.0,0.0,0,0,0,0,0,0,0.0,0,0.0,0.0,0,0,0,0,0,0.0,0,0,0,0,0.0,0
0,0,0,0,0.0,0.0,0,0,0,0,0,0,0.0,0,0.0,0.0,0,0,0,0,0,0.0,0,0,0,0,0.0,0
0,0,0,0,0.0,0.0,0,0,0,0,0,0,0.0,0,0.0,0.0,0,0,0,0,0,0.0,0,0,0,0,0.0,0
0,0,0,0,0.0,0.0,0,0,0,0,0,0,0.0,0,0.0,0.0,0,0,0,0,0,0.0,0,0,0,0,0.0,0
0,0,0,0,0.0,0.0,0,0,0,0,0,0,0.0,0,0.0,0.0,0,0,0,0,0,0.0,0,0,0,0,0.0,0
0,0,0,0,0.0,0.0,0,0,0,0,0,0,0.0,0,0.0,0.0,0,0,0,0,0,0.0,0,0,0,0,0.0,0
0,0,0,0,0.0,0.0,0,0,0,0,0,0,0.0,0,0.0,0.0,0,0,0,0,0,0,0,0,0,0,0.0,0
0,0,0,0,0,0.0,0,0,0,0,0,0,0.0,0,0.0,0.0,0,0,0,0,0,0,0,0,0,0,0.0,0
0,0,0,0,0,0.0,0,0,0,0,0,0,0.0,0,0.0,0.0,0,0,0,0,0,0,0,0,0,0,0.0,0
0,0,0,0,0,0.0,0,0,0,0,0,0,0.0,0,0.0,0.0,0,0,0,0,0,0,0,0,0,0,0.0,0
0,0,0,0,0,0.0,0,0,0,0,0,0,0.0,0,0.0,0.0,0,0,0,0,0,0,0,0,0,0,0.0,0
0,0,0,0,0,0.0,0,0,0,0,0,0,0.0,0,0.0,0.0,0,0,0,0,0,0,0,0,0,0,0.0,0
0,0,0,0,0,0.0,0,0,0,0,0,0,0.0,0,0.0,0.0,0,0,0,0,0,0,0,0,0,0,0.0,0
0,0,0,0,0,0,0,0,0,0,0,0,0.0,0,0.0,0.0,0,0,0,0,0,0,0,0,0,0,0.0,0
0,0,0,0,0,0,0,0,0,0,0,0,0.0,0,0.0,0.0,0,0,0,0,0,0,0,0,0,0,0.0,0
0,0,0,0,0,0,0,0,0,0,0,0,0.0,0,0.0,0.0,0,0,0,0,0,0,0,0,0,0,0.0,0
0,0,0,0,0,0,0,0,0,0,0,0,0.0,0,0.0,0.0,0,0,0,0,0,0,0,0,0,0,0.0,0
0,0,0,0,0,0,0,0,0,0,0,0,0.0,0,0.0,0.0,0,0,0,0,0,0,0,0,0,0,0.0,0
0,0,0,0,0,0,0,0,0,0,0,0,0.0,0,0.0,0.0,0,0,0,0,0,0,0,0,0,0,0.0,0
0,0,0,0,0,0,0,0,0,0,0,0,0.0,0,0.0,0.0,0,0,0,0,0,0,0,0,0,0,0.0,0
0,0,0,0,0.0,0,0,0,0,0,0,0,0.0,0,0.0,0.0,0,0,0,0,0,0,0,0,0,0,0.0,0
0,0,0,0,0,0,0,0,0,0,0,0,0.0,0,0.0,0.0,0,0,0,0,0,0,0,0,0,0,0.0,0
0,0,0,0,0,0,0,0,0,0,0,0,0.0,0,0.0,0.0,0,0,0,0,0,0,0,0,0,0,0.0,0
0,0,0,0,0,0,0,0,0,0,0,0,0.0,0,0.0,0.0,0,0,0,0,0,0,0,0,0,0,0.0,0
0,0,0,0,0,0,0,0,0,0,0,0,0.0,0,0.0,0.0,0,0,0,0,0,0,0,0,0,0,0.0,0
0,0,0,0,0,0,0,0,0,0,0,0,0.0,0,0.0,0.0,0,0,0,0,0,0,0,0,0,0,0.0,0
0,0,0,0,0,0,0,0,0,0,0,0,0.0,0,0.0,0.0,0,0,0,0,0,0,0,0,0,0,0.0,0
0,0,0,0,0,0,0,0,0,0,0,0,0.0,0,0.0,0.0,0,0,0,0,0,0,0,0,0,0,0.0,0
0,0,0,0,0,0,0,0,0,0,0,0,0.0,0,0.0,0.0,0,0,0,0,0,0,0,0,0,0,0.0,0
0,0,0,0,0,0,0,0,0,0,0,0,0.0,0,0.0,0.0,0,0,0,0,0,0,0,0,0,0,0.0,0
0,0,0,0,0,0,0,0,0,0,0,0,0.0,0,0.0,0.0,0,0,0,0,0,0,0,0,0,0,0.0,0
0,0,0,0,30.05,0,0,0,0,0,30.6,0,0.0,0,0.0,0.0,0,0,0,0,0,0,0,0,0,0,0.0,0
0,0,0,0,0,0,0,0,0,0,0,0,0.0,0,0.0,0.0,0,0,0,0,0,0,0,0,0,0,0.0,0
0,0,0,0,0,0,0,0,0,0,0,0,0.0,0,0.0,0.0,0,0,0,0,0,0,0,0,0,0,0.0,0
0,0,0,0,0,0,0,0,0,0,0,0,0.0,0,0.0,0.0,0,0,0,0,0,0,0,0,0,0,0.0,0
0,0,0,0,0.0,0,0,0,0,0,0,0,0.0,0,0.0,0.0,0,0,0,0,0,0,0,0,0,0,0.0,0
0,0,0,0,0.0,0,0,0,0,0,0,0,0.0,0,0.0,0.0,0,0,0,0,0,0,0,0,0,0,0.0,0
0,0,0,0,0.0,0,0,0,0,0,0,0,0.0,0,0.0,0.0,0,0,0,0,0,0,0,0,0,0,0.0,0
0,0,0,0,0.0,0,0,0,0,0,0,0,0.0,0,0.0,0.0,0,0,0,0,0,0,0,0,0,0,0.0,0
0,0,0,0,0.0,0,0,0,0,0,0,0,0.0,0,0.0,0.0,0,0,0,0,0,0,0,0,0,0,0.0,0
0,0,0,0,0.0,0,0,0,0,0,0,0,0.0,0,0.0,0.0,0,0,0,0,0,0,0,0,0,0,0.0,0
