0.5,0.5,0.0,0.5,0.5,0.5,0.5,0.5,0.5,0.5
0.75,0.75,0.045454545454545456,0.75,0.75,0.75,0.75,0.75,0.15384615384615383,0.75
0.8571428571428571,0.8571428571428571,0.08823529411764708,0.8571428571428571,0.8571428571428571,0.8571428571428571,0.8571428571428571,0.3125,0.16,0.8571428571428571
0.9090909090909091,0.9090909090909091,0.12765957446808512,0.9090909090909091,0.9090909090909091,0.9090909090909091,0.9090909090909091,0.27586206896551724,0.1276595744680851,0.9090909090909091
0.9374999999999998,0.9374999999999998,0.1639344262295082,0.9374999999999998,0.9374999999999998,0.9374999999999998,0.9374999999999998,0.27906976744186046,0.10126582278481013,0.9374999999999998
0.9545454545454545,0.6451612903225805,0.1973684210526316,0.9545454545454545,0.9545454545454545,0.9545454545454545,0.9545454545454545,0.29310344827586204,0.09821428571428573,0.9545454545454545
0.9655172413793102,0.553191489361702,0.22826086956521738,0.7105263157894737,0.9655172413793102,0.9655172413793102,0.9655172413793102,0.31081081081081086,0.10273972602739728,0.9655172413793102
0.9729729729729727,0.5156249999999999,0.25688073394495414,0.6181818181818182,0.9729729729729727,0.9729729729729727,0.7608695652173911,0.3296703296703298,0.1104972375690608,0.9729729729729727
0.9782608695652172,0.4999999999999999,0.28346456692913385,0.5753424657534246,0.9782608695652172,0.9782608695652172,0.6718749999999998,0.34862385321100925,0.11981566820276501,0.9782608695652172
0.982142857142857,0.49504950495049493,0.30821917808219174,0.5543478260869564,0.982142857142857,0.982142857142857,0.5543478260869563,0.36718750000000006,0.1299212598425197,0.982142857142857
0.9850746268656714,0.4538461538461538,0.33132530120481923,0.5446428571428571,0.9850746268656714,0.9850746268656714,0.49586776859504117,0.38513513513513514,0.1404109589041096,0.9850746268656714
0.9873417721518986,0.43124999999999997,0.35294117647058815,0.5413533834586466,0.9873417721518986,0.9873417721518986,0.43124999999999986,0.4023668639053255,0.15105740181268884,0.9873417721518986
0.9891304347826088,0.418848167539267,0.3732057416267942,0.5419354838709676,0.9891304347826088,0.9891304347826088,0.3949999999999999,0.395,0.16172506738544476,0.9891304347826088
0.9905660377358491,0.4125560538116593,0.39224137931034475,0.544943820224719,0.9905660377358491,0.9043478260869566,0.3734439834024895,0.39224137931034486,0.166270783847981,0.9905660377358491
0.9917355371900828,0.4101562500000001,0.41015624999999994,0.5495049504950494,0.9917355371900828,0.8489208633093526,0.34589041095890405,0.3924528301886792,0.1716101694915254,0.9917355371900828
0.9927007299270074,0.41034482758620705,0.4270462633451957,0.5550660792951541,0.9927007299270074,0.8109756097560976,0.31728045325779025,0.3946488294314381,0.17748091603053434,0.9927007299270074
0.9935064935064936,0.41230769230769243,0.44299674267100975,0.5612648221343873,0.9935064935064936,0.7842105263157895,0.29009433962264136,0.39820359281437123,0.18370883882149047,0.932515337423313
0.9941860465116279,0.4155124653739613,0.45808383233532923,0.5678571428571428,0.9941860465116279,0.7649769585253456,0.2721774193548386,0.4027027027027027,0.1901743264659271,0.8894736842105264
0.9947643979057592,0.407862407862408,0.47237569060773477,0.5746753246753247,0.9947643979057592,0.7510204081632653,0.26010544815465714,0.40786240786240785,0.19280575539568348,0.8577981651376148
0.9952606635071091,0.40308370044052877,0.485933503836317,0.5816023738872403,0.95,0.7408759124087592,0.2519440124416795,0.41348314606741576,0.1960526315789474,0.8340080971659919
0.9956896551724137,0.4003984063745021,0.4988123515439428,0.5885558583106267,0.9159999999999999,0.7335526315789473,0.2465181058495821,0.41942148760330583,0.19640718562874254,0.815884476534296
0.9960629921259841,0.39927404718693293,0.5110619469026547,0.5954773869346734,0.8896797153024911,0.7283582089552239,0.243073047858942,0.42557251908396954,0.19456521739130436,0.8019480519480519
0.9615384615384613,0.39180327868852466,0.5227272727272726,0.6023255813953489,0.8690095846645368,0.7247956403269754,0.24110218140068884,0.43185840707964607,0.19383697813121273,0.7911764705882351
0.934169278996865,0.38656716417910447,0.5338491295938104,0.5953389830508474,0.8526011560693642,0.7224999999999999,0.24025289778714437,0.4301948051948052,0.19396157365050318,0.7828418230563001
0.9121813031161472,0.37702702702702706,0.5444646098003629,0.5902912621359223,0.8394736842105263,0.7211981566820276,0.240272373540856,0.4296407185628742,0.19475021168501266,0.7764127764127764
0.8943298969072164,0.36463414634146346,0.5546075085324232,0.5867620751341681,0.8289156626506023,0.7206823027718549,0.24097472924187724,0.4299583911234396,0.19606299212598421,0.7714932126696832
0.8797169811320754,0.35054945054945064,0.5546751188589542,0.5844370860927152,0.8203991130820399,0.7207920792079207,0.24222035323801513,0.4309677419354839,0.19779411764705881,0.7677824267782427
0.8676789587852494,0.3396603396603398,0.5553914327917282,0.5830769230769229,0.8135245901639344,0.7214022140221401,0.24390243902439027,0.4325301204819277,0.19794520547945205,0.7650485436893205
0.8577154308617233,0.3275862068965519,0.5566298342541436,0.582496413199426,0.8079847908745247,0.7224137931034482,0.2459379615952733,0.4345372460496614,0.19859064702114032,0.7631103074141049
0.849442379182156,0.3149216817807091,0.5582901554404145,0.5825503355704698,0.8035398230088494,0.7237479806138934,0.24826147426981923,0.4369034994697773,0.19963920625375828,0.7618243243243245
0.842560553633218,0.30209895052473773,0.5602923264311815,0.5753424657534245,0.7999999999999999,0.725341426403642,0.2508207485226527,0.4395604395604396,0.20101925254813138,0.7610759493670887
0.8368336025848142,0.29189560439560447,0.5625717566016075,0.5625717566016073,0.7972136222910217,0.7271428571428571,0.2535736482287135,0.4424528301886793,0.20267379679144384,0.7607726597325408
0.832072617246596,0.2837238758708044,0.5650759219088939,0.552127659574468,0.7950581395348837,0.72911051212938,0.25648584905660377,0.4455357142857144,0.20455696202531648,0.7608391608391608
0.8281249999999999,0.2751168224299066,0.5677618069815197,0.5435643564356435,0.7934336525307798,0.7312101910828026,0.25766871165644173,0.4487722269263338,0.2066314271984623,0.7612137203166226
0.8248663101604277,0.2681473456121344,0.5705939629990264,0.5365402405180387,0.792258064516129,0.7334137515078408,0.2591221575885775,0.4521319388576027,0.20886654478976238,0.7618453865336658
0.8221941992433796,0.2608040201005025,0.5735430157261796,0.5307892454466608,0.7914634146341463,0.7356979405034325,0.2608040201005025,0.4555895865237367,0.21123693379790942,0.7626918536009445
0.8200238379022646,0.2548009367681499,0.5711790393013101,0.5261011419249592,0.7909930715935334,0.7380434782608696,0.2626794258373206,0.45912408759124096,0.21372141372141373,0.7637178051511757
0.8182844243792325,0.24989039894782994,0.5694214876033059,0.5223076923076923,0.790799561883899,0.7404343329886246,0.26471930625285267,0.4627177700348433,0.21513470681458005,0.7648936170212765
0.8169164882226981,0.24588138385502478,0.5681818181818183,0.5192727272727272,0.7908428720083245,0.7428571428571429,0.2668992586131706,0.4663557628247835,0.21560497549943466,0.7661943319838055
0.8158697863682606,0.2426242236024846,0.5673864482501862,0.5168849069607167,0.7910891089108909,0.7453007518796994,0.2691986644407346,0.4700255102040817,0.21631333093783692,0.7600382409177818
0.8151016456921589,0.24000000000000013,0.5669737774627924,0.5113858165256993,0.7915094339622639,0.7477558348294435,0.27022718214428065,0.4737163814180929,0.2172271791352094,0.7547511312217192
0.8145756457564579,0.237913043478261,0.5668918918918919,0.5067733990147781,0.7920792079207918,0.7502145922746782,0.2701367781155016,0.47741935483870973,0.21831910702560745,0.7502145922746778
0.814260563380282,0.23628552544613363,0.5670967741935484,0.5029205607476633,0.7927773000859841,0.7526705012325391,0.2690777576853527,0.48112676056338033,0.21956590122680097,0.7463295269168023
0.8141295206055512,0.23407593347976166,0.5675508945095621,0.49972237645752343,0.7869387755102036,0.7551181102362204,0.267193947730399,0.4848320693391116,0.2209477814669485,0.743012422360248
0.8141592920353986,0.23138773079213826,0.5646298472385429,0.4970914859862505,0.7818322981366456,0.7575528700906343,0.265727391874181,0.4885297184567257,0.22244779582366597,0.7401924500370092
0.814329738058552,0.2283130827917492,0.5622197309417041,0.4949545913218969,0.777366863905325,0.7599709934735313,0.26356830941983794,0.49221496735308884,0.22405133928571438,0.7378091872791516
0.8146233382570166,0.2249329758713138,0.5602570969469739,0.4932497589199612,0.7734650670430482,0.7623693379790938,0.2618268372508183,0.4958837772397094,0.22574576726686382,0.7358108108108106
0.8150248051027643,0.22208057113717503,0.5586878523833932,0.4894301470588232,0.7700606877950096,0.7647453083109917,0.2595008508224618,0.4995327102803737,0.2275200829230371,0.7341526520051743
0.8155207624234176,0.21968408262454445,0.5574656188605108,0.48617814831066225,0.7670967741935479,0.7670967741935482,0.2575839653304443,0.5031588447653428,0.2293646823411706,0.7327960322380656
0.8160994764397911,0.2169986104678093,0.5565504241281809,0.48342425514057874,0.7645241038318907,0.7694220012430079,0.25602487691111697,0.506759703445268,0.23127114548090869,0.7317073170731706
0.8167506297229222,0.21408077687044813,0.5559076505205974,0.48110932475884205,0.7576650943396221,0.7717195925704013,0.2547802334243855,0.5103331927456768,0.2332320635662538,0.7308571428571426
0.8174651303820502,0.21159114857745,0.5555071832825423,0.47714175950825943,0.7515492957746475,0.7739884393063583,0.25381315538608207,0.513877551020408,0.23524089572494913,0.7260798250410058
0.8182349503214498,0.20947580645161296,0.555322715842414,0.4737035674880468,0.7460916442048513,0.7717934480843974,0.25234285714285726,0.5173913043478259,0.23729184925503946,0.721843897328444
0.8190529875986474,0.20713596914175514,0.5553311793214861,0.4707334273624821,0.7412190082644624,0.769887880405766,0.25115257958287607,0.5208732286480274,0.2393797790994053,0.7180904522613063
0.819912948857454,0.20461254612546131,0.5555122711336188,0.4681787406905888,0.7368681863230917,0.7682425488180882,0.25021114864864874,0.5243223171184551,0.24150010302905422,0.7147683397683394
0.8208092485549137,0.2024398868458275,0.555848063181647,0.46599414253172783,0.7329842931937168,0.7668316831683165,0.24949166327775527,0.5277377521613831,0.24301118210862624,0.7118329466357305
0.8217369222955818,0.20057695571016462,0.5563226744186044,0.46252342286071196,0.7295194508009148,0.7656324582338899,0.24897079004116848,0.531118881118881,0.24457784663051904,0.7092451987494414
0.8226915520628686,0.19898874571847988,0.5569219957835556,0.4579467225381621,0.7231241772707323,0.764624596959926,0.24862819299905398,0.5344651952461797,0.2461943243751175,0.70697074010327
0.8236692015209128,0.19764521193092624,0.5576334580074802,0.4538925596093076,0.717354675652906,0.7637900355871883,0.2478554480744662,0.5377763114483667,0.24785544807446616,0.7049792531120329
0.8246663598711462,0.19652042360060518,0.5584458347053012,0.45030369961347316,0.7121457489878538,0.7631126397248491,0.24726824109975332,0.5410519563822961,0.24955658034764105,0.7032438926712052
0.8256798930004462,0.19559188439643854,0.5593490746649649,0.44713071200850146,0.7074405921308916,0.7625779625779623,0.2468483816013629,0.5442919525888956,0.2512935494998276,0.7017408123791101
0.8267070008643046,0.19483998308191175,0.5603341584158416,0.4443306885078064,0.7031894934333954,0.762173038229376,0.24657985824954676,0.5474962063732927,0.25306259439503276,0.697726425642937
0.8277451802179382,0.19424754634678298,0.5613929750825578,0.44064039408866984,0.6993487698986971,0.7618862042088851,0.24644852354349564,0.5506646971935005,0.2548603169416762,0.6941049604601005
0.8287921919479465,0.19379947229551453,0.5625182162634801,0.436182808430026,0.6958798882681559,0.7617069486404829,0.2459446933415727,0.5537974683544301,0.2566836409929981,0.6908396946564884
0.8298460323726807,0.19313249936175644,0.5637032842582107,0.43218600410303165,0.6927487352445191,0.7616257781032585,0.24558515414546545,0.5568946188340805,0.258529776674938,0.6878980891719744
0.8309049079754603,0.19260724440598342,0.5649422124380847,0.4275378206533655,0.6899250081512875,0.7616341030195378,0.24535693557748117,0.5599562960939632,0.2603961893240587,0.685251215559157
0.8319672131147544,0.19221090473337324,0.5662295959325662,0.4233530405405405,0.6873817034700311,0.7617241379310341,0.2452484865549768,0.5629826897470038,0.2617855038302888,0.6828732747804264
0.8330315103223472,0.19193210881190417,0.5675605311116897,0.4195846905537459,0.6850946854001219,0.7618888144675147,0.24524948735475058,0.5659740259740258,0.2627276638462643,0.6807411907654919
0.8340965128566398,0.19176072234762978,0.5689305625950328,0.41619178620554126,0.6830423202130804,0.7621217051740965,0.24535069075451651,0.5689305625950327,0.26325334821428586,0.6788342655284072
0.835161069225497,0.19168768505318567,0.570335636722606,0.41313840896145804,0.6791642816256435,0.7624169566592847,0.2455437871351072,0.5718525847143208,0.26339346263393476,0.6771338852412215
0.8362241494329555,0.19170487258769597,0.5702975047984642,0.41039294895336015,0.6756232686980604,0.7627692307692304,0.24582128943068995,0.574740400869355,0.2631787032156037,0.6756232686980607
0.8372848327379022,0.1918049792531121,0.5703617269544922,0.40792747955918934,0.6723906627314189,0.7631736526946103,0.2461764346017374,0.5775943396226413,0.26263919109177025,0.6742872512103278
0.8383422967415378,0.19198141789537473,0.5705200999318645,0.40491746905089393,0.6694408322496744,0.7636257650830657,0.2466030989272944,0.5804147465437786,0.2622216693618611,0.6731120982492812
0.8393958076448832,0.1922282341367438,0.5707651481645288,0.40219743632428817,0.664988673546438,0.7641214873687195,0.24709572490706322,0.5832019815356899,0.2619162835712559,0.672085344170688
0.8404447115384618,0.19254003260140004,0.5710900473933649,0.3997418938538472,0.6608971233544608,0.7646570796460174,0.24764925795853632,0.5859564164648908,0.26171415116552876,0.6711956521739127
0.8414884266041609,0.19291191322236778,0.5714885576317444,0.3975281602002501,0.6555057769394007,0.7631083624630274,0.24825909141151767,0.5886784330606971,0.26160724521380274,0.670432692307692
0.8425264361246073,0.19333941605839428,0.5719549641760489,0.39553598542362567,0.6489749430523915,0.7617054669108027,0.24892101855848084,0.5913684210526314,0.2615882944264493,0.6697870348701145
0.8435582822085892,0.1938184733232387,0.5712577237392861,0.39374723492110286,0.6429515418502197,0.7604378818737267,0.2496311907270812,0.5940267765190524,0.2616506968641116,0.669250056986551
0.8445835601524226,0.19410639777468716,0.5706796116504851,0.3914972802748351,0.6373907482413127,0.7592959841348533,0.2503860805106559,0.5966539004233017,0.2617884451996602,0.6688138605064415
0.8456019133669946,0.19421592740225604,0.5702119606358815,0.38946051167964385,0.6308738664468255,0.7582709490461237,0.251182449431418,0.5992501973164956,0.26199606176805895,0.6684711996535296
0.8466130288087207,0.19415949702183993,0.5698468352094479,0.3876199486417082,0.6235317539319127,0.7573546716874555,0.2520173194253101,0.6018160741885625,0.2622685419407063,0.6682154171066527
0.8476166328600406,0.1941708380429518,0.5695769576957693,0.3853728991596637,0.6154880860876245,0.7565396971087652,0.2528879476318831,0.6043519394512772,0.2626013046056533,0.668040387389244
0.8486124876114965,0.19424517146235717,0.5693956430077299,0.3833290783763082,0.6068582020389245,0.7558191584601609,0.25379180405087154,0.606858202038925,0.26299014873478854,0.6679404666130332
0.8496003875030274,0.1943781286099346,0.569296740994854,0.38147274307711393,0.5977483917083627,0.7551867219917009,0.25472655169233616,0.6093352706138758,0.26343121518270235,0.6679104477611942
0.8505801562869999,0.19435878149680333,0.5692745853576812,0.37978967726338675,0.5893411521214207,0.7546365380515878,0.2556900289017342,0.6117835528657886,0.26392095299658336,0.6679455208133515
0.8515516442797592,0.1941975762027176,0.5683229813664594,0.3782670120084764,0.5815697383769367,0.7541631973355535,0.25668023358697584,0.6142034548944337,0.26445608962775574,0.6680412371134022
0.8525147258722248,0.19410160734787602,0.5674856413529034,0.3763896848137534,0.5743755036261076,0.7537616917446113,0.2576953091129802,0.616595380667237,0.265033604527768,0.6681934774642728
0.8534692972733319,0.19406648898863796,0.5667549462533102,0.374679021993971,0.56675494625331,0.7534273792966417,0.25873353166170854,0.618959731543624,0.2656507056888042,0.6683984235041205
0.8544152744630071,0.19408819696865784,0.5661238776441939,0.3731229597388464,0.5596924932167617,0.7531559526121571,0.2597932988831473,0.6212969058591176,0.2660169491525424,0.6686525319782725
0.8553525913338997,0.19416303253941627,0.5655859607376559,0.37171052631578927,0.5522670943286189,0.7529434105582979,0.2608731196860694,0.6236072985628933,0.2661470856479563,0.6689525115720899
0.8562811980033276,0.19410722488352253,0.5651352137249198,0.3699834505585435,0.5453775582215946,0.7527860326894497,0.2619716050372985,0.6258913009031848,0.26633125050718176,0.6692953020134229
0.8572010592788754,0.194105560549634,0.5647661026588935,0.36840512458387964,0.5389770240700215,0.7526803561693616,0.26308745965519964,0.6281493001555208,0.266566025742889,0.6696780551905387
0.8581121532628216,0.19415461973601505,0.5636287857738257,0.36696525248548073,0.5330238726790446,0.7526231548995191,0.26421947449768174,0.6303816793893129,0.2668482490272374,0.6700981180633746
0.8590144700821275,0.19425124638394775,0.5617794656177942,0.36565443013645965,0.5274810142875526,0.7526114206128127,0.26536651995750504,0.6315868263473053,0.2671749904689288,0.6705530171734678
0.8599080107320812,0.19439252336448593,0.560074182010862,0.3640626465347462,0.5223152894111759,0.7526423457211042,0.2665275396884551,0.6318181818181818,0.2675435318735521,0.671040444581661
0.8607927860229193,0.19457575041361377,0.5585037535594095,0.3626041571284679,0.5174969623329277,0.7527133077308393,0.2674520708327237,0.6320930900732653,0.267951348182884,0.6715582450832073
0.8616688156198195,0.19479842446709913,0.5570597165991901,0.3612701252236134,0.512999290947766,0.75282185506298,0.2683960908306987,0.6324088413346473,0.2681508078994615,0.6721044045676998
0.86253612716763,0.1950582220959954,0.555734257082766,0.3596820683029083,0.5087981598619892,0.7529656941327344,0.2693583680383993,0.6327629036709908,0.26839400126733803,0.672677039406718
0.8633947554925584,0.19535298378559085,0.5545201500665615,0.35786152796725756,0.504871766155224,0.7531426775612817,0.27033774880366207,0.6331529093369417,0.26867835934263234,0.6732743867655447
0.864244741873805,0.19568069983597589,0.5534107058266222,0.3558292419072977,0.5012003491924918,0.7533507934062543,0.2713331515812434,0.6335766423357663,0.2690014903129658,0.673894795747062
0.8650861333788162,0.1960394976923902,0.5523997217713885,0.35394490940115353,0.49776595744680796,0.7535881553104694,0.2723435615704142,0.6340320270798071,0.2691336699441935,0.6745367192862045
0.8659189822564445,0.19642763053901674,0.5508051712406439,0.35219876170820746,0.4945522465497557,0.753852993479549,0.273368025821751,0.6345171180378127,0.26908546117769677,0.6751987067223494
0.8667433453828458,0.19684346701164288,0.5493285983797578,0.35058184639255224,0.49154430379746794,0.7541436464088394,0.274405648765952,0.6350300902708123,0.2690857982495369,0.6758793969849245
0.8675592837554442,0.19728548190321263,0.5479630635524169,0.349085944018812,0.4881951990516641,0.7544585532886283,0.27545558812284965,0.6347430538480451,0.2691319335631464,0.6765775123344585
0.8683668620307299,0.19775224775224773,0.5460729089169942,0.34770349484306584,0.48505591978403356,0.7547962470242257,0.2765170511534606,0.6345110334016639,0.2690108809245712,0.6772918526074206
0.8691661481020532,0.198242427217831,0.54431038069482,0.34612872795878374,0.48211259649783433,0.7551553478141318,0.2773736128236747,0.6343310067431681,0.2689384800965018,0.6780212899185973
0.869957212713936,0.1987547661566678,0.5426680244399185,0.34466846514269484,0.4793525246022253,0.7555345572354205,0.27803370105467345,0.6342001393081032,0.2689120397774358,0.6787647637795275
0.8707401291097429,0.19928808732795444,0.5405540055799123,0.34331573096164536,0.4767640449438198,0.7559326527906662,0.2787149073135842,0.6341157702825888,0.26892904875355916,0.6795212765957447
0.8715149727098387,0.19984128466062928,0.5385740758802301,0.34206408599224436,0.4743364387414304,0.7563484828753737,0.27941607551152026,0.6340753999328784,0.26879206113835974,0.6802898895093263
0.8710004343419714,0.20041331802525836,0.5367204660490879,0.3409075764643167,0.47205983493810133,0.7567809621289656,0.28013611719921566,0.6340766780182358,0.2685097095528568,0.6810697185565807
0.8705230244457074,0.20100320845948758,0.5349859681945742,0.33984068947505885,0.4699251282914103,0.7562476453597884,0.28087400681044267,0.6341173931808374,0.26827794561933527,0.6818599311136626
0.8700809377616519,0.2016100338018146,0.5333638863428046,0.33885831306796377,0.4679239067775669,0.754802955665024,0.2816287772998939,0.6341954632181472,0.2680940567360586,0.6826597426055545
0.8696724681375905,0.2022329246935201,0.5318479920941515,0.3377022450771355,0.46604838709677376,0.753442860594346,0.2822048801934491,0.6343089261535257,0.26795550847457617,0.683468413456201
0.8692960021537216,0.20274928897698866,0.5304324848057782,0.3366324460564334,0.46429135724443,0.7521630911461417,0.2828015143320714,0.6344559320298906,0.2678599302773296,0.6842852462596922
0.8689500132240146,0.2031634297345432,0.5291119557705598,0.3356441015130509,0.46264612526128324,0.750959637082703,0.28341762044184193,0.6346347353592274,0.2678051025103532,0.6851095831542761
0.868633056133056,0.20359781293042273,0.5278813559322034,0.3344955971869276,0.461106473400622,0.7498287280200956,0.28405219852209007,0.634843688167788,0.267788944723618,0.6859408033826639
0.868343761971651,0.2039349379774911,0.5267359667359669,0.3334299292917586,0.45966661705610923,0.7487668161434975,0.2847043038497265,0.6350812335830335,0.26780950498962547,0.6867783210236139
0.8680808334379313,0.20429368480633942,0.5256713737654071,0.33244257448260195,0.4583211678832114,0.7477705603875369,0.28537304330148405,0.635345899913884,0.26786495020646095,0.6876215828811304
0.8678430404738398,0.20455992360337413,0.5246834428594328,0.3313071603836718,0.45706510062307504,0.7468368119390069,0.28605757196495624,0.6356362951807231,0.26795355726503883,0.6884700665188471
0.8676292162096576,0.2048490070894207,0.5237682984416813,0.3300339057202233,0.4555352627142453,0.7459626009349762,0.2867570900123305,0.6359511020559364,0.26807370499200894,0.6893232784282597
0.867438253191743,0.20515984728703093,0.5229223038268266,0.3286327077747991,0.4537502582822506,0.7451451242430566,0.2874708398133749,0.6362890731796228,0.26822386679000915,0.6901807523204692
0.867269099870907,0.20549141728695122,0.5221420432966201,0.32711312026913386,0.45207052624467986,0.7443817342226778,0.2881981032665965,0.6366490268185488,0.2684026039058587,0.691042047531993
0.8671207573308702,0.20584274706366423,0.5214243057629144,0.3256868910768598,0.4504904559915162,0.7436699283768783,0.2887682869277962,0.6370298428394845,0.2686085592650682,0.6919067475360126
0.8669922762380734,0.20621291963002544,0.5207660698561786,0.32434892541087246,0.44867711109666497,0.7430073398135286,0.2893549737245967,0.6368453053070443,0.26868963083844205,0.692774458551158
0.8668827539957527,0.20660106749936455,0.5201644902965156,0.3230944819372769,0.4466471188169299,0.7423917284432302,0.28995737269102084,0.6366977181437485,0.26865153422160487,0.6936448082405963
0.866791332086679,0.20700636942675155,0.5192144072603517,0.32191914271797384,0.4447292734775539,0.7418209728485077,0.29057473341767587,0.6365853658536587,0.26864587782998706,0.6945174444947896
0.8667171935902988,0.20742804740406318,0.518330080847505,0.3208187861686357,0.44291761241641603,0.7412930627654549,0.29120634354953684,0.6365066225165564,0.26852747067972577,0.695392034291838
0.8666595608612235,0.2078653638860878,0.5175083944356884,0.3196074748802706,0.44120657474863006,0.7408060921248137,0.29169228067094066,0.6364599462146526,0.26844304687823234,0.696268262629819
0.8666176933571202,0.2083176192272088,0.5167464114832536,0.3184710438952417,0.4395909681995506,0.7403582526046422,0.2920380787537864,0.6364438738666455,0.2683910386965376,0.6971458315259829
0.8665908856050428,0.20878414931025152,0.5160413628529763,0.31740567960505467,0.4380659391687949,0.7399478276513443,0.29240414551968286,0.6364570164348927,0.2682330299506835,0.6980244590780814
0.866578465296153,0.20926432335089704,0.5153906351897743,0.31623665480427054,0.4366269456639488,0.7395731869299562,0.29278957326045846,0.6364980544747083,0.26797411411885397,0.6989038785834742
0.8665797914995989,0.20975754186268372,0.5147917602515563,0.3151385368411853,0.43526973278807896,0.7392327811682647,0.29304272158455247,0.6365657339977004,0.26775170913610924,0.6997838377120056
0.8665942529870642,0.21026323476906092,0.5142424051032655,0.31410779471762945,0.43372035437187023,0.7389251373626371,0.2933175394167145,0.636658862623669,0.2675641564997895,0.70066409772895
0.8666212666601808,0.21078085965024657,0.5137403630937579,0.3131411203512179,0.43199135368819225,0.7386488543163944,0.2936130798969074,0.6367763059979166,0.2674098903996081,0.7015444327646159
0.8666602760736195,0.21130990011379436,0.5132835455435849,0.3122354113057193,0.43009497532763824,0.7384025984842173,0.2939284437914468,0.636916984452919,0.26728743136963923,0.702424629127453
0.8667107500472321,0.21184986427880556,0.5128699740792093,0.3113877551020408,0.4280431272462106,0.7381851000984572,0.2942627765811633,0.6370798698951936,0.26719538045464497,0.7033044846577503
0.8667721813611394,0.2124002833646471,0.5124977735557801,0.3105954149435901,0.42584734931751944,0.7379951495553756,0.2946152657601979,0.6372639828998933,0.2671324138427742,0.7041838081192273
0.866844085528127,0.2129607103758666,0.5121651655164349,0.3098558167094608,0.42351878793959746,0.7378315940412649,0.2949851383278715,0.6374683899971904,0.2670972779217091,0.7050624186260248
0.8669259996381401,0.21344300681456568,0.5118704621412932,0.3090195468853223,0.42130404806461125,0.737693334380152,0.29537165845772095,0.6376922011358915,0.266969749956286,0.7059401451027816
0.8662329560645219,0.21393639408399767,0.5116120606439158,0.3082364637503823,0.4191972920696323,0.7375793220863641,0.2957741253292771,0.6379345673109762,0.2667539537608103,0.7068168257756567
0.8655720431995786,0.21444041208147968,0.5113884380771169,0.30750413969592044,0.4169673376376755,0.7374885566066522,0.29619187110948386,0.6381946783428766,0.2665693331522477,0.7076923076923081
0.864942031493338,0.21495462165443083,0.5111981465136807,0.30682028674100686,0.414623916488023,0.7374200827378713,0.29662425907185214,0.6384717607973422,0.2664145639515427,0.7085664462689824
0.8643417462482949,0.21547860344286152,0.5110398085708072,0.3061827466715301,0.41217637910529675,0.7373729882073721,0.2970706818425092,0.6387650760356581,0.26628839111932173,0.7094391048630042
0.8637700647113206,0.21601195679760848,0.5109121132500404,0.3055894820030174,0.40963368647872145,0.7373464014043299,0.29753055976327214,0.6390739183858241,0.2661896243291592,0.71031015436907
0.8632259133460362,0.21655429876859628,0.5108138120670511,0.30503856768806165,0.40700440528634363,0.7367889842116645,0.29800333936273854,0.6393976134260735,0.26611713387645136,0.7111794728378668
0.8627082652727869,0.2171052631578946,0.5107437154480028,0.3045281834977515,0.40429670614679697,0.7357244318181818,0.2984884919271731,0.6397355163727958,0.26606984689358476,0.7120469451156374
0.8622161378643908,0.21766449963278284,0.5107006893713348,0.30405660701404863,0.4015183645771483,0.7347095871238628,0.2989855121636755,0.6400870105655685,0.2660467438449778,0.7129124625034093
0.8617485904867785,0.21823167289443252,0.5106836522357006,0.30362220717670946,0.3986767643142478,0.7337425005172056,0.2994939169487552,0.6404515060425738,0.2660468552781456,0.7137759224346896
0.861304722374501,0.21880646189818245,0.5106915719365019,0.3032234383342231,0.3957789026779884,0.7328213144837897,0.30001324415601643,0.6408284382002056,0.2660692588092346,0.7146372281705134
0.8608836706318557,0.21938855912171024,0.5107234631350073,0.30285883475342956,0.3928313976772128,0.7319442583411496,0.30054305155718425,0.6412172665311489,0.26611307632352066,0.7154962885108067
0.8604846083511127,0.21997766987770354,0.5107783847054237,0.30252700554708534,0.3898404965820697,0.7311096433289298,0.3010829157911753,0.6416174734356551,0.2661774713731989,0.7163530175210909
0.8601067428399612,0.2205735116679073,0.510855437346556,0.3022266299827244,0.38681208570988135,0.7303158580267013,0.30163243139635204,0.6420285631011365,0.2662616467564332,0.7172073342736255
0.8597493139509014,0.22117581357567123,0.5109537613458162,0.3019564531397918,0.38375170119461666,0.7295613640742404,0.30219120990149057,0.6424500604455701,0.2663648422631064,0.7180591626021416
0.859411592505855,0.22178431569434662,0.511072534484377,0.3017152818852536,0.38066454053252247,0.7288446921712692,0.3027588789713504,0.6428815101205366,0.266486332574032,0.7189084308693754
0.8590928788097647,0.22239876858909088,0.511210970073196,0.3015019811407685,0.3775554747180794,0.7281644383356242,0.3033350816030608,0.6433224755700325,0.26662542530157757,0.7197550717466609
0.8587925012474161,0.22301893278982365,0.5113683151104813,0.3013154704170708,0.3744290608050243,0.7275192604006164,0.303919475369834,0.6437725381414702,0.2667814591607188,0.7205990220048907
0.858509814958137,0.2236445783132527,0.5115438485519365,0.3011547205935144,0.3712895547465696,0.7269078747339617,0.3045117317087885,0.6442312962455468,0.2669538022605071,0.7214402223161971
0.8582442005834147,0.2242754842120437,0.5117368796858269,0.3010187509227816,0.3682890804795108,0.7263290531621265,0.30499985092871434,0.6446983645618977,0.2670496111848702,0.7222786170657438
0.8579950630828309,0.22483955312574255,0.5119467466055374,0.30090662624260267,0.36542027715027475,0.7257816200852676,0.30549742078113507,0.6451733732876713,0.2671627010679016,0.7231141541730617
0.8577618306140414,0.22540973969478187,0.5121728147728761,0.3007107709130672,0.36267628947891145,0.7252644497691543,0.3060040804430197,0.6456559674263656,0.26729243786356444,0.7239467849223953
0.8575439534728262,0.2259858090031403,0.5124144756659068,0.3004345479848902,0.35991288235867763,0.7247764638015576,0.3065194835139499,0.6461458061144499,0.2674382151627569,0.7247764638015581
0.8573409030895172,0.22649759510275433,0.5124325243337445,0.30018503981159583,0.35726828645317843,0.7243166287015946,0.3069360538014364,0.646642561983471,0.26759945271962227,0.7256031483488286
0.8565843487326518,0.2270160739492733,0.5124706079946257,0.2999612488928255,0.35473651191969885,0.7238839536714272,0.3073628448251573,0.6471459205554987,0.2676886190889151,0.7264267990074448
0.8558564353251437,0.22747235422625578,0.5125280013274706,0.29976222361912047,0.35231196054254005,0.723477488480542,0.3077994817064677,0.6476555796699137,0.2677082020914705,0.7272473789872859
0.8551562103124211,0.22786812207618584,0.5126040086895932,0.2995870556800086,0.34998939426077996,0.7230963214736036,0.3082456043653201,0.6481712489396737,0.26766067605914284,0.7280648541333485
0.85448275862069,0.2282050717134103,0.5124706453963885,0.2994348776456789,0.3477639066829544,0.7227395776935573,0.3087008668156791,0.6486926492353231,0.2676323037576236,0.728879192800655
0.8538352008914757,0.22855150471790578,0.5123600000000003,0.2993048607088314,0.3456308972630838,0.7224064171122998,0.30916493650066074,0.6492195121951219,0.26753959770673413,0.7296903657352471
0.8532126918139028,0.22890709204569906,0.5122712721811645,0.2991962125744609,0.3434681114729531,0.722096032961809,0.30963749366480847,0.6497515797597799,0.2674666986679468,0.7304983459609439
0.852614418548485,0.22927151752964212,0.5122036943023395,0.29901331003648696,0.34127883906808004,0.7218076501591612,0.3100182053243979,0.6502886037303819,0.2674129058268315,0.731303108671558
0.8520395992366417,0.2296444772655339,0.5121565297931463,0.29875897774281146,0.33917916689901295,0.7215405238193444,0.3103097356678758,0.6508303453481787,0.2673775486290134,0.7321046311282833
0.851487481590575,0.23002567903296475,0.5121290716301781,0.29852841635538624,0.3371649611807631,0.7212939378502294,0.3105147722874469,0.6513765748950068,0.2673599851762635,0.732902892561984
0.8509573415585177,0.23041484174861537,0.5121206409048071,0.2983207846245295,0.33523233523233514,0.7210672036244654,0.31063601806260693,0.6519270713131776,0.2673596007234599,0.7336978740801314
0.8504484820607181,0.23081169494990758,0.5121305854731117,0.2980451642893842,0.333271331012675,0.7208596587234469,0.3107719475277499,0.6524816218437512,0.26737580626909596,0.734489558578147
0.8499602317918423,0.23121597830705987,0.5121582786824851,0.29779314012230784,0.33138896154852204,0.7206706657488449,0.3109220636663009,0.6530400216821753,0.26733182702847824,0.7352779306549265
0.8494919440857807,0.23162744116174216,0.5122031181698969,0.29756388822545965,0.32958174513237865,0.7204996111975119,0.3110858891164352,0.6536020736503396,0.2672297521392091,0.7360629765323309
0.8490429958391128,0.23198461629958522,0.5120625090018728,0.2973566202501769,0.32784639967534934,0.7203459043958687,0.3112629652226968,0.6541675878841476,0.26714604187612034,0.7368446839784428
0.8486127864897471,0.23228894861784105,0.5119424767735739,0.2971705815119776,0.3261798286156844,0.7202089764901453,0.3114528511419053,0.6547363815357689,0.2670800743269524,0.7376230422343993
0.848200737047475,0.23260194174757234,0.5118423367939472,0.2970050492241716,0.32457910800433193,0.7200882794891063,0.3115642684877863,0.6553082784897816,0.26703125333789085,0.7383980419446187
0.847806289173408,0.2328638136782024,0.5117614308580977,0.29685933084146215,0.32304147465437777,0.719983285356115,0.3115996788362538,0.6558831090924669,0.26699900720305886,0.7391696750902536
0.8474289043054603,0.23307598691716697,0.5116991260064693,0.2966500709635268,0.32156431525350787,0.7198934851476059,0.31165039473069556,0.6564607098935582,0.2669827874331553,0.7399379349257108
0.8470680628272256,0.23323988183716815,0.5116548133528435,0.2964612609402488,0.32014515634941193,0.7198183881952327,0.3117159161795624,0.6570409233997899,0.2669820675977194,0.7407028159180832
0.8467232632777724,0.23335691414103762,0.5116279069767447,0.2962922189440308,0.3187816551275497,0.7197575213291424,0.31179576257628044,0.6576235978396343,0.26699634223593627,0.7414643136893525
0.8463940216000413,0.2334856132336141,0.5116178428761655,0.29614229111333634,0.3174715909090908,0.7197104281399893,0.3118894717800289,0.658208586938641,0.26695634599838347,0.7422224249612269
0.8456440352119805,0.23362560840002142,0.5116240779768181,0.2960108501431614,0.3162128573042593,0.7196766682774678,0.3119965992482548,0.6587957497048403,0.2669318727011038,0.7429771475024847
0.8449189837967597,0.23377654296487352,0.5116460891943843,0.2958972939598457,0.31500345496288684,0.7196558167832774,0.3120324051529504,0.6593849502236908,0.2669224228282152,0.7437284800787022
0.8442181242893164,0.2338826301976393,0.5116833725464921,0.2958010444743934,0.31384148486980984,0.7196474634565776,0.31208252118876045,0.6599760574620905,0.26692751638462325,0.7444764224042514
0.8435407400166187,0.2340000706788701,0.5117354423113722,0.29564529229231307,0.31272514213792785,0.7196512122501062,0.31214649474482586,0.6605689450809952,0.2669466919592741,0.7452209750964581
0.8428861395708488,0.23412851096575565,0.511801830230357,0.295507446392156,0.31165271025635516,0.7196666806952566,0.3122238901994422,0.6611634912562102,0.26697950584179314,0.7459621396318173
0.842253655739272,0.2342676107542887,0.5118820847515851,0.2953869350829292,0.31062255575520537,0.719693499354516,0.31231428813990975,0.6617595785069535,0.26702553118899186,0.7463680907762408
0.8416426444875008,0.23441704228007298,0.511975770312452,0.29520949636228055,0.3096331232522223,0.7197313112997606,0.31241728462491836,0.6623570935318034,0.2670205183990401,0.7464483198638885
0.8410524839930833,0.23457648975159456,0.5119109507354518,0.2949770779350209,0.3086829308497484,0.7197797716150077,0.31253249048678516,0.6629559270516714,0.2670292141504885,0.7465375710376769
0.8404825737265418,0.23474564881392343,0.5118622526175637,0.2946916086810825,0.3077705658534598,0.7198385469223003,0.3126595306710578,0.6635559736594541,0.2670511949154103,0.7466355568517985
0.8399323335771764,0.23492422604095584,0.5118291806420702,0.29435499590659225,0.3068946807869298,0.719907314929487,0.3127980436111674,0.6641571316760462,0.2670860529808553,0.7467419993401525
0.8394012030211209,0.23511193845444178,0.5118112570022825,0.2940394031692177,0.3060539896784435,0.7199857639987343,0.3129476806359836,0.6647593030124038,0.26713339572385036,0.7465415221383398
0.838888640329292,0.2352576546009164,0.5118080206530352,0.29367469879518066,0.30524726459861146,0.7200735927346743,0.31310810540826695,0.6653623930373728,0.2671928449258841,0.746355449662804
0.8383941218130313,0.235412897389506,0.51181902660007,0.2932627054742874,0.3044008832758685,0.7201705095911641,0.31327899339215737,0.6659663104510051,0.26726403612438965,0.7461833586443936
0.8379171411053693,0.23557738457108082,0.5118438452250907,0.29280521901211554,0.30351676105923747,0.7202762324956835,0.3134600313479621,0.6665709671631076,0.26734661799891757,0.746024839806978
0.8374572084759718,0.2357508437782246,0.5118820616444206,0.29237092879656423,0.30266714553049895,0.7201063223846589,0.31365091685262414,0.6671762781767757,0.2674402517898527,0.7458794973182482
0.8370138501779512,0.23593301210114068,0.5119332750993267,0.29195909364347306,0.3018508488504564,0.7199503871307221,0.31385135784436174,0.66778216147668,0.26748625926750375,0.7457469482658405
0.8365866078248322,0.23612363568518885,0.5119970983762069,0.29156900219970433,0.30106673556769503,0.7198080214301656,0.31406107219006985,0.6683885379218872,0.2675437852867876,0.745626822157435
0.836175037796069,0.23632246934877668,0.5120731572549455,0.291135403106443,0.3003137197679931,0.7196788331921474,0.31427978727416717,0.668995331143005,0.2676124916051044,0.7455187604435674
0.8357787106696036,0.23652927622041442,0.5121610899838583,0.290723722505424,0.2995907624078312,0.7195624430264356,0.3145072396076598,0.6696024674434541,0.26769205187894946,0.7451326768398111
0.8353972106800507,0.23674382739382177,0.5122605467797438,0.29033327517012747,0.2988968688182772,0.7194584837545125,0.3147431744562701,0.6702098757046794,0.26772600032932686,0.7447639596741199
0.834683492774272,0.2369659016000476,0.5122206422879834,0.28996340284491096,0.2982310863666794,0.7193665999428079,0.31498734548655677,0.670817487295123,0.2677712366073616,0.7444121221047987
0.8336487738090442,0.23719528489563196,0.5121944739638683,0.28961347293627343,0.2975925022646504,0.7192864474569071,0.3152395144290178,0.6714252359827888,0.26782743527207564,0.7440766931544806
0.832304567719326,0.23743177036590177,0.512034090012363,0.28928287727956464,0.296980241511774,0.7192176930356452,0.3154994507572345,0.6720330578512393,0.267894282148914,0.74375721709007
0.8309964552973609,0.2376751578425508,0.511889568954291,0.28897103097611565,0.2963934649653314,0.7191600138840678,0.31576693138217166,0.6726408912188726,0.2679174127303557,0.7434532528312678
0.8297234125438253,0.2378798606996803,0.5117604580388923,0.2886773712961431,0.2958313675271279,0.71911309728429,0.3160417403608063,0.6732486765613327,0.2679515954357826,0.7431643733861562
0.8284844514662247,0.23809182825881442,0.5116463196608266,0.28834245273745956,0.29529317643921443,0.7190766402233494,0.31632366861830774,0.6738563564369184,0.26799651730464286,0.742890165312413
0.8272786185339076,0.2383108587650813,0.5115467307449098,0.2879677063744246,0.29477814968095084,0.7190503490371967,0.31661251368303966,0.6744638754148583,0.26805187603967745,0.7426302282028167
0.8261049932116458,0.2385367569468868,0.5114612821604833,0.2876121103213697,0.29422606426357834,0.7190339390700158,0.31690807943369875,0.6750711800063272,0.2680653036313705,0.7423841741937706
0.8249626865671642,0.2387693337610351,0.5112505891984422,0.2872750948849471,0.29369715355321735,0.7190271343481137,0.3172101758579474,0.675678218598087,0.26808954456822437,0.7421516274956639
0.8238508399483109,0.23896484510001767,0.5110559677657119,0.2869561116700202,0.2931326224379029,0.7190296672676609,0.31751861882193605,0.6762849413886385,0.26812429801572474,0.7419322239439471
0.8227686237258413,0.23916737468139304,0.5108769709947442,0.2866546325978028,0.29259124721638724,0.7187987012987012,0.31783322985014484,0.6768913003267772,0.26816927322907114,0.7417256105698656
0.8217152360980549,0.23937673205455598,0.5107131667108531,0.28631504359345644,0.29207232267037536,0.7185811679958836,0.31815383591501223,0.6774972490524515,0.2682241891375308,0.7415314451898614
0.820689901953768,0.23959273275780768,0.5104305900324615,0.2859931376286695,0.2915751708780501,0.7183767081833528,0.318480269235845,0.6781027428398242,0.2682887739491517,0.7410983112972908
0.8196918717903311,0.23981519808788743,0.5101650040187228,0.28568840306191784,0.29104374837416397,0.7181849736518252,0.3188123670865366,0.6787077385424493,0.2683134582623513,0.7406819213068003
0.8187204206836108,0.24004395488005054,0.5099159427755277,0.2853470052764533,0.2905340945227674,0.7180056267583617,0.3191499716116471,0.6793121945404695,0.2683481644682255,0.740281834815267
0.8177748473070516,0.24027883529813293,0.5096829556787349,0.2849701830450288,0.2900455608176966,0.7178383400433568,0.3194929296504237,0.679916070689757,0.26839262168408257,0.7398976250278196
0.8168544729971142,0.2405196766340781,0.5094656067637736,0.2846113276099505,0.2895775232896219,0.7176827958638885,0.31984109256836507,0.6805193282729112,0.2683985725124347,0.7392878506438312
0.8159586408625557,0.2407663211164325,0.5091364205256573,0.28426992369955617,0.28912938136003863,0.7175386860426227,0.3201329008780949,0.6811219299520419,0.2684146035812753,0.7386980108499098
0.8150867149351743,0.24097804518978402,0.5088245238363578,0.2839454746549075,0.28870055675887824,0.7174057115315094,0.3204305461848648,0.6817238397232632,0.2683933105199253,0.7381275859939482
0.8142380793597866,0.2411958867589181,0.5085294511677758,0.2836375016002618,0.28823876473212345,0.7172835820895519,0.3207338707167531,0.6823250228728271,0.2683824032163227,0.7375760726627727
0.8134121376213432,0.24137974444514354,0.5082507520792782,0.28334554265750034,0.2877963300661043,0.717172015973968,0.32104272132362,0.6829254459348327,0.2683353209019952,0.7370429830672767
0.8126083118072132,0.2415303957059041,0.5079879906204118,0.28306915220181955,0.2873726972663412,0.7170707396441027,0.3213569493134116,0.6835250766504459,0.26829890676623097,0.736527844455113
0.8118260419027882,0.24164861686985553,0.5077407447616982,0.28275890660844094,0.2869673310334231,0.7169794874774823,0.32167641029534555,0.6841238839285716,0.26827287853577403,0.7360301985495187
0.8110647851186659,0.24177415593819387,0.5073888446729335,0.28241589795527333,0.286579715356634,0.7168980014974368,0.32194225642724794,0.684721837807916,0.2682569630440809,0.7355496010129268
0.8103240152477763,0.24190682504137834,0.5070539595942377,0.2820891678301772,0.286209352655946,0.716826031111745,0.32221392291604395,0.6853189094203895,0.26825089586984413,0.7348635090993936
0.8096032220509107,0.24200808544017346,0.5067356418918921,0.2817782671160224,0.28585576296939436,0.7167633328617905,0.3224912571868885,0.6859150709557925,0.26821016061497804,0.7341980587011787
0.8089019106692017,0.2420786866414585,0.5064334581668309,0.28148276228984886,0.28551848318305806,0.7167096701817363,0.3227741110408794,0.6865102956277364,0.2681795402269313,0.7335527257118329
0.8082196010621872,0.24215709539629768,0.506146988701151,0.28120223475465134,0.2851495954003407,0.7166648131672595,0.32306234050309857,0.6871045576407508,0.26811529594579125,0.7329270021261517
0.8075558274701742,0.24224311381472857,0.5057617648871274,0.2809362802052192,0.28479711023808896,0.7166285383534078,0.32335580567691885,0.687697832158532,0.26806141259059135,0.7323203954389709
0.8069101378996814,0.24233655001808616,0.505393633477164,0.28063890325918256,0.2844605801000353,0.716600628501161,0.32365437060427715,0.6882900952732841,0.2680176233509402,0.7317324280705658
0.8062820936308215,0.2424372179145928,0.5050421523940144,0.2803562275756022,0.2841395727944316,0.7165808723923053,0.32395790313163086,0.6888813239761182,0.26794133703905926,0.7311626368172918
0.8056712687455365,0.24254493698491733,0.5047068934503232,0.2800878607432612,0.2838336708795857,0.7165690646322459,0.32426627478133063,0.6894714961284623,0.2678334235253606,0.7306105723261846
0.805077249675669,0.24265953207718982,0.5043874418144006,0.2797891611734514,0.28354247104247104,0.716565005460405,0.32457936062815457,0.6900605904344463,0.2677363114324383,0.7300757985923115
0.8044996347699047,0.2427808332109902,0.5040833955004126,0.27946106963468886,0.2832655835084761,0.7165685005678661,0.3248970391807656,0.6906485864142256,0.2676497250256847,0.7295578924777333
0.8039380338786735,0.24290867538985447,0.5037943648816938,0.27910451447199436,0.2830026314804884,0.716579360921948,0.3252191922678631,0.6912354643782057,0.26757339724385887,0.7290564432510032
0.8033920679561497,0.24304289842187118,0.5035199722259728,0.27872041103431394,0.28275325060562617,0.7165974025974019,0.325545704928815,0.6918212054021369,0.26750706936292595,0.7285710521461879
0.8028613686785367,0.2431833467479627,0.5031541520110111,0.2783521398184396,0.2825170884680403,0.7166224466139454,0.3258764653085646,0.6924057913030434,0.26745049067540055,0.7281013319404538
0.8023455780778663,0.24332986927747055,0.5028041987191635,0.2779992794523838,0.28229380410631244,0.7166543187798577,0.3262113645566202,0.6929892046159575,0.2674034181843673,0.7274515386008947
0.8018443481905826,0.24348231923068542,0.5024697154662412,0.27761978986947156,0.2820830675540685,0.7166928495413767,0.3265502967299421,0.6935714285714286,0.2673656163113997,0.726820385236861
0.8013573407202216,0.24364055398798085,0.5020475782733334,0.2772557388259429,0.2818845594025149,0.716737873837647,0.3268407477331346,0.694152447073779,0.26733685661764733,0.7262074224707669
0.8008842267135325,0.24380443494523082,0.5015403346307811,0.2769067202542294,0.28169797038368727,0.7167892309609865,0.3271357314401835,0.6947322446800767,0.26727811325054146,0.7256122140481701
0.8004246862494215,0.24397382737520784,0.5010512459549885,0.27657234160800304,0.28152300097327587,0.7168467644222443,0.32743513509973654,0.6951360462316397,0.2671901480058753,0.7250343363715812
0.7999784081401313,0.24414860029467456,0.5005798572101621,0.27625222330598437,0.2813593610119635,0.7167275670108143,0.32773884894892136,0.695541005543873,0.26711185308848107,0.7244733780539115
0.7995450896440996,0.24429521790439965,0.500125727422947,0.27594599820297316,0.2812067693442773,0.716617210682492,0.32804676611779254,0.6959470676121137,0.26700517766271886,0.7239289394906014
0.7991244361899709,0.24444743851503295,0.49959057248647115,0.2756533110865596,0.2810649534740162,0.7165154877931096,0.32835878253740497,0.6963541789253183,0.2669083456376581,0.7234006324495251
0.7987161611112573,0.2446051305260125,0.4990736983255995,0.27537381819807344,0.2809336492353734,0.7164221961666382,0.3286244691401976,0.6967622874229117,0.26682111751013604,0.7228880796778155
0.7983199853911773,0.2447354721487846,0.49857465153290553,0.27510718677642015,0.28081260047892603,0.7163371389238322,0.3288947228918701,0.697171342453049,0.2667432609661723,0.7223909145248053
0.7979356374172185,0.2448714961555214,0.49809299261468065,0.27485309462353796,0.28070155877171454,0.7162601243171969,0.329169433550925,0.6975812947322396,0.26663800053749015,0.7219087805803144
0.7975628527449975,0.245013070581138,0.4975341524185928,0.27457342901009407,0.2806002831106785,0.7161909655720088,0.32944849374362517,0.6979920963062796,0.266542275295874,0.7214413313275665
0.7972013738710089,0.24516006706051402,0.49690043938826267,0.27430638022239023,0.2805085396487609,0.7161294807331368,0.3296828120948721,0.6984037005124485,0.26645585684673656,0.7209882298100451
0.7968509500138781,0.2453123607080241,0.49628641841936477,0.2740516355540333,0.28042610143303254,0.716075492517413,0.3298732812078725,0.6988160619429189,0.2663785235462588,0.7205491483116458
0.7965113369037491,0.245469830001868,0.49569160238927845,0.27380889204937436,0.2803527481542247,0.7160288281713265,0.3300207996302285,0.6992291364093397,0.26631006025538323,0.7201237680495068
0.796182296579457,0.24563235667297806,0.49511551921450264,0.2735778561279798,0.2802882659070952,0.7159893193338156,0.330174214345217,0.6996428809085463,0.26625025810448105,0.7197117788789378
0.7958635971931556,0.24579982559829458,0.49455771127918463,0.2733582432263182,0.2802324469610853,0.7159568019039488,0.3303333892577233,0.7000572535893594,0.2661641352328479,0.7191444284168768
0.7955550128220786,0.24594121494248433,0.49401773488948314,0.27314977745574986,0.2801850895407545,0.7159311159132928,0.33049819185382545,0.7004722137204318,0.26608683282699513,0.7184259921344295
0.7952563232871406,0.246057053387306,0.4934951597524122,0.2729521912759601,0.28014599761551173,0.7159121054027762,0.3306684930859793,0.7008877216591062,0.26601814516129063,0.7177260340740411
0.7949673139780813,0.24617834093084506,0.4929024609074598,0.27273004948176505,0.280114980698186,0.7158996183038648,0.33084416726258137,0.7013037388212475,0.26592393315398416,0.7170441315379039
0.7946877756848907,0.24630495526432136,0.4923279750937165,0.2725188835480874,0.28009185365200645,0.715893506323878,0.33102509194171564,0.7017202276520174,0.26580482577982406,0.716379873665868
0.7944175044352455,0.24643677731492714,0.4917712647841633,0.2722838714846567,0.28007643650558456,0.7158936248352739,0.33121114782889993,0.7021371515975524,0.26569482449751,0.715732861030714
0.7941563013377142,0.24657369114074287,0.4912319055575511,0.2720256659846243,0.2800685542755152,0.715899832768749,0.33140221867865843,0.7024000337438837,0.26559371856597386,0.7151027052498553
0.793903972430494,0.24671558382971664,0.4907094856151872,0.27177885704715843,0.2800680367962319,0.7159119925100007,0.33155281200883785,0.7026653545780027,0.2655013032819452,0.7144890286126981
0.7936603285354525,0.24686234540252464,0.4901205189222387,0.2715431742898741,0.2800747185567732,0.715929969800004,0.33166374583074204,0.7029330450869934,0.26541737976655216,0.713891463722929
0.7934251851172599,0.24698461678086844,0.48954923959871544,0.27131835539961624,0.2800884385441351,0.7159536336386692,0.33178057897159,0.7032030379328845,0.26534175476090543,0.7133096531550354
0.7931983621474066,0.24708288656821306,0.4889952297566575,0.27110414583493586,0.2801090400929007,0.7159828561917442,0.33190318051128875,0.7034752674070731,0.2652742404302258,0.7127432491244066
0.7929796839729117,0.24718648798554316,0.48845808383233563,0.270900298541629,0.2801363707408567,0.7158638062398048,0.3320314228811682,0.7037496693861771,0.26521465417610207,0.7121919131703905
0.7927689791895342,0.24729530475564468,0.48785737612445484,0.2707065736806746,0.2801702820903195,0.7157523719748353,0.3321651817592581,0.7040261812892668,0.2651312415497227,0.7116553158517187
0.7925660805193072,0.24740922360494946,0.4872742260756926,0.27052273836794477,0.28021062967491045,0.715648389196225,0.3323043359694572,0.7043047420364278,0.26502456672804503,0.7111331364537398
0.7921914635491341,0.24752813416823563,0.48670822323761737,0.2703485664250983,0.28025727283153046,0.7155516976866241,0.33240553214993535,0.7045852920086048,0.2649262639804596,0.7106250627069327
0.7918271756259847,0.24765192889692828,0.4861589691617203,0.27018383814109975,0.2803100745773006,0.7154621410967958,0.332512474191328,0.7048677730086832,0.26480531433101584,0.7101307905161944
0.791473002910386,0.2477805029708442,0.4856260769672605,0.2699968819354011,0.2803357133437579,0.7153795668343904,0.3326250373723997,0.7051521282237629,0.2646928495853719,0.7096500237004265
0.7911287367717739,0.24791375421323011,0.4850327542010826,0.26978826398303934,0.28036771375934044,0.7153038259564888,0.3327431001028488,0.7054383021885848,0.26458868087092324,0.7091824737419656
0.7907941736359162,0.248051583008952,0.4843807371840138,0.2695894764402633,0.280373224398849,0.7152347730657673,0.33286654382732284,0.7057262407500676,0.2644926245278986,0.7087278595454278
0.790469114837614,0.2481938922256999,0.4837467262363275,0.2694002974324058,0.28038528896672527,0.7151722662101428,0.33299525293293447,0.7060158910329171,0.2643746242795008,0.708285907205556
0.7901533664784696,0.2483405871380798,0.4831303043351439,0.2692205113616159,0.2804037667816715,0.7151161667857621,0.3331291146601316,0.7063072014062709,0.26423520328484457,0.7078563497836823
0.7898467392895224,0.24846456824326568,0.4825310665968647,0.26904990868748185,0.280428520803613,0.7150663394432083,0.3332680190167788,0.7066001214513437,0.2640748802786244,0.7074389270924356
0.7895490484985574,0.24859309601757065,0.48194861984148707,0.26885834354753985,0.2804594175177742,0.7150226519968015,0.33341185869531803,0.7068946019300363,0.26392333416866154,0.7070333854883404
0.7892601137019031,0.24872607532414068,0.48138258217553404,0.26867603871617984,0.2804963268231502,0.7149849753368731,0.3335605289928788,0.7071905947544791,0.2637803717076771,0.7066394776719734
0.7889797587405436,0.2488369240832344,0.4808325825926776,0.26850278953858364,0.2805391219251815,0.714953183344904,0.33371392773421704,0.7074880529574744,0.2636458049577774,0.7062569624953583
0.7887078115803784,0.24895237785862775,0.4802982605911859,0.26833839702169543,0.28058767923244804,0.7149271528114164,0.33387195519736634,0.7077869306638104,0.2634909637790754,0.7058856047762954
0.788444104196466,0.2490723412493546,0.479779265807374,0.2681826676407129,0.2806418782572078,0.7149067633565184,0.3340345140418913,0.7080871830624156,0.26334459884437683,0.705525175119337
0.7881884724611012,0.2491967211801187,0.4792752576642818,0.268035413153457,0.2807016015196141,0.7147553629150741,0.33420150923963626,0.7083887663793266,0.263206526263215,0.7051754497431334
0.7879407560355779,0.24932542683169492,0.4787859050348469,0.26786790305302627,0.28076673445545436,0.7146113309385306,0.3343334087488564,0.7086916378514407,0.2630765671222464,0.704836210313885
0.7877007982654969,0.24945836957381193,0.4783108859188794,0.2676806273154686,0.28080684806710576,0.7144745179686786,0.33447005598929064,0.7089957557010294,0.2629269332983367,0.7045072437846537
0.7874684460794862,0.24959546290041315,0.47778191005039977,0.2675021643237004,0.2808525530498321,0.7143447779974826,0.33457241854551445,0.7093010791109846,0.2627854903716974,0.7041883422402923
0.7872435498912026,0.24973662236719912,0.47726781101680926,0.2673323239350166,0.28090373447501193,0.7142219683718266,0.3346798295509322,0.7096075682007779,0.26262487472115364,0.7038793027477657
0.787025963504494,0.24988176553135738,0.4767682634276915,0.2671709211445656,0.28096028023611264,0.7139743407995456,0.33479218540509476,0.709915184003104,0.2624725195372051,0.7035799272116459
0.7868155440216035,0.2500308118933909,0.47628295078680993,0.2670177759137981,0.2810220809635331,0.7136047002533064,0.3349093849593302,0.7102238884411904,0.2623282488350792,0.7032900222345746
0.7866121517543022,0.2501836828409613,0.4758115651925255,0.26687271300574106,0.28108902994250784,0.7131158990117673,0.3350313294458988,0.7105336443067504,0.26219189131483445,0.7030093989824954
0.7864156501378446,0.25034030159466475,0.47535380705023045,0.2667355618267817,0.2811610230339444,0.7125108300121289,0.33515792240958425,0.710844415238557,0.26206328020727027,0.7027378730544662
0.7862259056476408,0.2505005931556637,0.4749093847962385,0.2666061562746646,0.28123795859807343,0.7117924203865459,0.3352890696416245,0.7111561657016209,0.26194225312587704,0.702475264356873
0.7860427877185466,0.2506644842551019,0.4744780146326052,0.26648433459241727,0.28131973742079464,0.7109636251962049,0.3354246791158889,0.7114688609669495,0.26182865192455057,0.7022213969818708
0.7858661686666786,0.2508319033052302,0.4739958991677725,0.266369939227938,0.28140626264260865,0.7101525334777965,0.3355276483694551,0.7117824670918719,0.2617223225608117,0.7019760990898881
0.785695923613661,0.25100278035217793,0.4735273345383596,0.26626281669899005,0.28149743969002966,0.7093587783694787,0.33563535911602205,0.7120969509009091,0.2616231149642836,0.7016174659699803
0.7855319304132166,0.2511770470303048,0.47307203364659234,0.2661367664321499,0.2815931762093779,0.7085820024672417,0.33574771663561587,0.7124122799671737,0.26153088291019333,0.7011480961427272
0.7853740695800201,0.25135463651807155,0.4725677699300786,0.2660180712794647,0.28169338200285676,0.7078218575257247,0.33586462838722486,0.7127284225942823,0.26144548389767375,0.700690424258327
0.7852222242207307,0.2515354834953717,0.4720772381509659,0.26590658052020744,0.28179796896682235,0.7070780041702915,0.335949905354852,0.7130453477987636,0.261366779032656,0.7002442201237382
0.7850762799671293,0.25171952410226733,0.4716001486781587,0.2658021472738336,0.2819068510321596,0.7062302453647878,0.3360400028522533,0.7133630252929486,0.2612946329151512,0.6998092590197853
0.7847930600152561,0.2519066958990762,0.4711362195192257,0.26570462837913444,0.2820199441066801,0.7054001616814867,0.33613482588827087,0.7136814254683246,0.2612289135307304,0.6993853215426342
0.7843755504667954,0.2520969378277581,0.47068517607205435,0.26561388427792254,0.2821371660194626,0.7045873914927067,0.3362342816413089,0.7140005193793425,0.261169492146022,0.6989721934507208
0.7839676764849922,0.25229019017455145,0.4702467508861224,0.2655297789030528,0.28225843646706134,0.7037915824004325,0.3363382793987775,0.7143202787276607,0.2611162432080538,0.6985696655169138
0.7835692574902299,0.25248639453381416,0.46982068343295413,0.26545217957059186,0.28238367696150707,0.7028966040359658,0.33644673049854884,0.7146406758468131,0.2610690442472763,0.6981775333857028
0.7831801169388913,0.25266252262618033,0.4694067198853526,0.26538095687595736,0.2825128107800342,0.7020198852052809,0.33655954827234885,0.7149616836872889,0.26102777578410985,0.6976820365632992
0.782800082214305,0.25284174116793817,0.46900461290501905,0.2653159845938575,0.28264576291646554,0.7011610533524241,0.33667664799100816,0.7152832758020087,0.26096844566751765,0.697085604558969
0.7824289845211767,0.253023990905499,0.46861412143818876,0.2652571395818703,0.2827824600341922,0.7002069561994185,0.33679794681150393,0.7156054263321907,0.26091513636395847,0.6965024214005685
0.7820666587833839,0.25320921387179685,0.46823501051893446,0.2652043016875082,0.28292283042068794,0.6991602047384061,0.33692336372572274,0.7159281099935878,0.26086772993013996,0.6959322292604745
0.7817129435450041,0.2533973533521467,0.4678103650842003,0.26515735365862253,0.2830668039434993,0.6981341524611845,0.3370188542605239,0.7162513020630907,0.2608261112664245,0.6953747764677353
0.7813676808744622,0.2535883538511821,0.4673975265971813,0.2651161810570085,0.28321431200765673,0.6971283707314122,0.33708495113134285,0.7165749783656827,0.26079016803221794,0.694829817328237
0.7810307162716797,0.2537821610608328,0.4669962572522444,0.2650806721750779,0.2833652875144526,0.6960336592450621,0.3371557344332091,0.716899115261736,0.2607597905643589,0.6942971119511134
0.7807018985781208,0.25397872182930364,0.4666063252049839,0.2650507179554733,0.2835196648215365,0.6948525588650369,0.33723111504103,0.7172236896346407,0.2607348717983868,0.6937764260811508
0.7803810798896268,0.25417798413101955,0.46622750438809857,0.26502621191350384,0.2836773797042769,0.6935876085066242,0.3373110058063616,0.7175486788787552,0.2607153071925693,0.693267530936947
0.7800681154719423,0.25437989703750025,0.46585957433404424,0.26500705006228664,0.28383836931834533,0.6922413415008547,0.3373953215037791,0.7178740608876694,0.2607009946545777,0.6927702030545959
0.7797628636788345,0.25458441068913307,0.4655023200041713,0.2649931308404856,0.28400257216347546,0.6908162821386614,0.33748397877898023,0.7181998140427708,0.26069183447070315,0.692284224136678
0.7794651858727132,0.25479147626780996,0.46515553162407375,0.26498435504254186,0.2841699280483563,0.6893149423964783,0.3375768960985561,0.7185259172021057,0.26068772923751204,0.6918093809063489
0.7791749463476667,0.2550010459703992,0.4648190045248874,0.2649806257512975,0.28434037805661694,0.6877398188431632,0.3376739937013681,0.7188523496895245,0.2606885837958417,0.6913454649663269
0.7788920122548242,0.2552130729830219,0.4644925389902875,0.26498184827291626,0.2845138645138648,0.6860933897274122,0.3377751935514705,0.7191790912841071,0.2606943051670453,0.6908922726625865
0.7786162535299652,0.25542751145610504,0.46417594010894875,0.2649879300740109,0.2846903309557379,0.6843781122441815,0.3378804192925232,0.7195061222098549,0.2607048024913952,0.6904496049525793
0.7783475428232982,0.25564431648018326,0.4638690176322424,0.2649987807208903,0.2848697220969368,0.6825964199780241,0.3379895962036376,0.7198334231256469,0.260719986968562,0.6900172672778057
0.7780857554313321,0.25586344406242434,0.4635715858369534,0.26501431182084323,0.28505198380119934,0.680750720520705,0.3381026511566054,0.7201609751154483,0.2607397718000859,0.6895950694405701
0.777830769230769,0.25608485110385254,0.46328346339281334,0.26503443696538054,0.2852370630521871,0.6788433932599627,0.3382195125744593,0.7204887596787665,0.26076407213376457,0.6891828254847636
0.7775824646143495,0.25630849537724604,0.4630044732346528,0.2650590716753579,0.2854249079252492,0.6768767873358358,0.33834011039131723,0.7208167587213469,0.26079280500988333,0.6887803535805178
0.7773407244285818,0.25653433550568455,0.4627344424389867,0.2650881333479095,0.28561546756003475,0.6748532197605833,0.3384643760134643,0.7211449545461017,0.26082588930921624,0.6883874759125874
0.7771054339132923,0.2567623309417266,0.46247320210485343,0.26512154120512094,0.28580869213392257,0.6727749736978783,0.33859224228162804,0.7214733298442654,0.2608632457027305,0.6880040185723196
0.776876480642936,0.2569924419471933,0.46222058723873927,0.2651592162443771,0.28600453283624155,0.6706442968966562,0.338723643434405,0.7218018676867691,0.2609047966029302,0.6876298114530779
0.7766537544696064,0.2572246295735384,0.4619764366434244,0.26520108119031965,0.2862029418432531,0.668463400274743,0.33885851507279663,0.7221305515158299,0.26095046611677636,0.6872646881489907
0.7764371474676889,0.25745885564278664,0.46174059281059543,0.26524706044835605,0.28640387229387027,0.6662344566471737,0.33899679412581757,0.7224593651367477,0.26100018000012465,0.686908485856904
0.7762265538801025,0.25769508272901837,0.4615129018170776,0.26529708005965924,0.2866072782660875,0.6639595995939398,0.33913841881713624,0.7227882927099035,0.2610538656136242,0.6865610452814208
0.7760218700660776,0.2579332741403848,0.4612932132245442,0.265351067657605,0.2868131147540986,0.6616409224617656,0.33928332863271354,0.7231173187429549,0.26111145188002255,0.6862222105429117
0.7758229944504165,0.2581733939016352,0.46108137998256793,0.2654089524255917,0.287021337646077,0.6592804774944161,0.33943146428940435,0.7234464280832222,0.26117286924282473,0.685891829088392
0.7756298274741927,0.2584154067371387,0.460877258334886,0.2654706650561929,0.287231903702599,0.6568802750859642,0.33958276770448875,0.7237756059102592,0.2612380496262576,0.6855697516051614
0.7754422715468379,0.2586592780543855,0.46068070772875386,0.26553613771159323,0.2874447705356857,0.6544422831514128,0.3397371819661009,0.7241048377286066,0.2613069263964902,0.6852558319371043
0.7752602309995716,0.25890497392795087,0.4604915907272716,0.2656053039852614,0.28765989658844526,0.651968426609052,0.33989465130452473,0.7244341093607187,0.26137943432406563,0.6849499270035592
0.7750836120401331,0.2591524610839073,0.4603097729245676,0.26567809886481414,0.28787724111529395,0.6494605869689486,0.3400551210643274,0.7247634069400635,0.26145550954749963,0.6846518967206638
0.7749123227087698,0.2594017068846706,0.4601351228637335,0.2657544586960299,0.28809676416273755,0.6469206020220032,0.340218537677302,0.7250927169043856,0.2615350895380045,0.6843616039250886
0.7747462728354441,0.25965267931426445,0.4599675119574051,0.2658343211479698,0.28831842655069473,0.6443502656240673,0.340384848636192,0.7254220259891341,0.2616181130652974,0.6840789143000745
0.7745853739982184,0.25990534696399237,0.45980681441089216,0.26591762517916595,0.2885421898543447,0.64175132756969,0.3405540024691711,0.7257513212210452,0.2617045201644552,0.6838036963036954
0.7744295394827818,0.2601596790185018,0.4596529071477602,0.2660043110048412,0.28876801638648136,0.6391254935501635,0.34072594871505407,0.7260805899118797,0.261794252103777,0.6835358210992657
0.7742786842430817,0.2604156452422291,0.45950566973777535,0.2660943200651212,0.28899586918035863,0.636474425190636,0.34090063789921354,0.7264098196523079,0.2618872513536211,0.6832751624878203
0.7741327248630252,0.26067321596621307,0.45936498432712364,0.2661875949942059,0.2892257119730104,0.6337997401611921,0.34107802151017946,0.72673899830594,0.2619834615561804,0.6830215968425947
0.773991579519217,0.260932362075265,0.459230735570823,0.266284079590466,0.2894575091890299,0.6311030123569273,0.3412580519768993,0.7270681140034987,0.26208282749616363,0.6827750030454373
0.7738551679447017,0.26119305499548484,0.4591028105672465,0.2663837187874322,0.28969122592479385,0.6283857721421884,0.3414406826466367,0.7273971551371269,0.2621852950723519,0.6825352624250856
0.7737234113936784,0.2614552666821119,0.45898109879468146,0.2664864586256466,0.2899268279331174,0.6256495066543004,0.3416258677634879,0.7277261103548305,0.2622908112699989,0.6823022586972471
0.7735962326071578,0.26171896960769997,0.4588654920498504,0.266592246225346,0.29016428160832625,0.6228956601622596,0.3418135624474968,0.7280549685550511,0.2623993241340471,0.6820758779064197
0.7734735557795336,0.261984136750607,0.4587558843883235,0.2667010297599494,0.2904035539717321,0.6201256344760296,0.34200372267434775,0.7283837188813657,0.2625107827431302,0.6818560083693939
0.7733553065260377,0.26225074158378936,0.45865217206675524,0.26681275843032115,0.29064461265750036,0.6173407894022476,0.3421963052556187,0.7287123507173083,0.2626251371843371,0.6816425406203833
0.7732414118510552,0.2625187580638911,0.4585542534868807,0.26692738243978437,0.29088742589889505,0.614542443242313,0.3423912678195764,0.7290408536813141,0.2627423385287097,0.6814353673577251
0.773131800117271,0.2627881606206199,0.4584620291412081,0.2670448529698586,0.2911319625148929,0.6117318733290015,0.3425885687924962,0.7293692176217784,0.26286233880745097,0.6812343833921015
0.7730264010156224,0.2630589241464004,0.45837540156034956,0.26716512215669774,0.29137819189715175,0.6089103165979175,0.3427881673804903,0.729697432612231,0.2629850909888185,0.6810394855962293
0.7729251455360356,0.26333102398629676,0.4582942752619318,0.2672881430682046,0.2916260839973246,0.6060789701902682,0.3429900235518276,0.7300254889466203,0.2631105489556815,0.6808505728559717
0.7728279659389199,0.2636044359281958,0.4582185567010316,0.2674138696817992,0.29187560931470713,0.6032389920836136,0.34319409801973066,0.7303533771347076,0.263238667483718,0.6806675460228242
0.7727347957273983,0.2638791361932439,0.4581481542220844,0.2675422568628202,0.29212673888421004,0.6003915017474096,0.34340035222563425,0.730681087897564,0.26336940222023264,0.6804903078677301
0.7726455696202525,0.26415510142652904,0.45808297801221337,0.26767326034353695,0.2923794442646448,0.5975375808203326,0.3436087483228911,0.7310086121631727,0.2635027096635727,0.6803187630361831
0.7725602235255614,0.26443230868800127,0.45802294005593225,0.2678068367027537,0.29263369752731466,0.5946782738065319,0.34381924916091106,0.7313359410621295,0.2636385471431243,0.6801528180045746
0.7724786945150102,0.26471073544362433,0.4579679540911735,0.2679429433459854,0.2928894712449005,0.5918145887881169,0.3440318182697207,0.7316630659234413,0.2637768727998686,0.6799923810377466
0.7724009207988545,0.2649903595567517,0.45791793556659793,0.26808153848618704,0.29314673848063366,0.5889474981513431,0.3442464198449297,0.7319899782704203,0.26391764556748104,0.67983736214771
0.7723268417015162,0.2652711592797203,0.45787280160014093,0.2682225811250188,0.29340547277774637,0.586077939324109,0.344463018733092,0.7323166698166697,0.26406082515395474,0.6796876730534934
0.7722563976377946,0.26555311324565534,0.4578324709387561,0.26836603103462875,0.29366564814919227,0.5832068155225264,0.34468158041744984,0.7326431324621601,0.264206372023732,0.6795432271420854
0.7721895300896751,0.265836200460481,0.4577968639193135,0.2685118487399379,0.29392723906762797,0.5803349965044673,0.3449020710040488,0.7329693582893948,0.26435424738032737,0.679403939430435
0.7721261815837169,0.2661204002951297,0.45776590243061605,0.2686599955014099,0.2941902204556494,0.5774633193281292,0.3451244572082123,0.7332953395596595,0.26450441314942646,0.6792697265284785
0.7720662956690049,0.2664056924779451,0.4577395098764957,0.2688104332982922,0.294454567676274,0.5745925891137931,0.345348706341366,0.7336210687093561,0.26465683196244577,0.6791405066031599
0.7720098168956466,0.26669205708727306,0.4577176111399551,0.26896312481231055,0.29472025652366224,0.5717235798070749,0.34557478629819977,0.7339465383464183,0.2648114671405382,0.6790161993434145
0.771956690793802,0.2669794745442348,0.457700132548319,0.26911803341180607,0.2949872632140717,0.5688570349421006,0.3458026655441587,0.734271741246807,0.26496828267903116,0.6788967259260837
0.7719068638532278,0.26726792560567775,0.4576870018393629,0.26927512313629826,0.2952555643770363,0.5659936684031418,0.34603231310325305,0.7345966703510828,0.26512724323228254,0.6787820089827361
0.7718602835033244,0.2675573913572983,0.45767814812838764,0.2694343586814622,0.295525137046765,0.5631341651833712,0.34626369854617683,0.7349213187610535,0.26528831409894305,0.6786719725673637
0.7718168980936686,0.2678478532069319,0.4576735018762087,0.2695957053845061,0.29579595865375247,0.5602791821395015,0.34649679197872724,0.7352456797364972,0.26545146120761065,0.6785665421249268
0.7717766568750214,0.2681392928780059,0.4576729948580309,0.2697591292099377,0.29606800701659713,0.5574293487411712,0.3467315640305149,0.7355697466919557,0.2656166511028661,0.6784656444607244
0.7717395099807944,0.2684316924031507,0.4576765601331799,0.2699245967357068,0.2963412603340193,0.554585267814044,0.3469679858439576,0.7358935131935986,0.26578385093167717,0.6783692077105615
0.7717054084089642,0.2687250341179638,0.4576841320156634,0.2700920751397123,0.2966156971770746,0.5517475162756739,0.34720602906354814,0.736216972956156,0.26595302843016083,0.6782771613116916
0.7716743040044208,0.2690193006549236,0.45769564604553553,0.2702615321866637,0.2968912964815565,0.548916645863283,0.3474456658253892,0.7365401198399181,0.2661241519106919,0.6781894359745102
0.7716461494417401,0.2693144749374487,0.45771103896103943,0.2704329362152851,0.2971680375405834,0.5460931838526791,0.3476868687469871,0.7368629478477999,0.26629719024934784,0.6781059636549772
0.7716208982083667,0.26961054017409775,0.4577302486715017,0.2706062561258514,0.2974458999973642,0.5432776337676154,0.3479296109172971,0.7371854511224696,0.26647211287367983,0.6780266775277457
0.7715985045881949,0.26990747985290686,0.457753214230958,0.2707814613680474,0.29772486383813795,0.5404704760789757,0.34817386588701327,0.7375076239435385,0.26664888975080014,0.6779515119599773
0.7715789236455418,0.27020527773586034,0.4577798758124848,0.2709585219291399,0.29800490938528235,0.5376721688932323,0.3484196076590953,0.7378294607248129,0.2668274913757751,0.6778804024858225
0.7715621112094954,0.2705039178534914,0.4578101746832157,0.2711374083224525,0.2982860172905869,0.534883148629693,0.34866681067952676,0.7381509560116031,0.26700788876031717,0.6778132857815482
0.7715480238586316,0.2708033844996095,0.45784405318002225,0.2713180915761354,0.29856816852868584,0.5321038306861111,0.34891544982829664,0.7384721044780919,0.26719005342176444,0.6777500996412905
0.7715366189060902,0.2711036622261497,0.4578814546858363,0.27150054322222106,0.298851344390646,0.5293346100922967,0.3491655004105994,0.7387929009247587,0.2673739573723406,0.6776907829534186
0.7715278543849968,0.27140473583814223,0.45792232360659774,0.27168473528595616,0.2991355264777063,0.5265758621514133,0.3494169381482464,0.7391133402758586,0.267559573108687,0.6776352756774867
0.7715216890342257,0.27170659038879846,0.45796660534880507,0.2718706402754036,0.299420696695164,0.523827943068701,0.3496697391712833,0.7394334175769556,0.2677468736016581,0.6775835188217638
0.771518082284491,0.27200921117470933,0.45801424629765264,0.2720582311713052,0.2997068372464041,0.5210911905674094,0.34992388000980745,0.739753127992507,0.2679358322863734,0.6775354544213168
0.7715169942447601,0.27231258373115486,0.4580651937957362,0.272247481417198,0.2999939306270675,0.5183659244917712,0.3501793375859801,0.7400724668035015,0.26812642305251777,0.6774910255166384
0.7715183856889767,0.2726166938275202,0.458119396122309,0.2724383649097771,0.3002819596193546,0.5156524473968838,0.3504360892062275,0.7403914294051438,0.26831862023488345,0.6774501761327986
0.7715222180430923,0.2729215274628166,0.4581768024730729,0.27263085598949693,0.30057090728646124,0.5129510451254071,0.3506941125536259,0.7407100113045911,0.26851239860414616,0.6774128512591077
0.7715284533723896,0.27322707086130343,0.4582373629404877,0.2728249294314055,0.30086075696714165,0.5102619873710192,0.3509533856804663,0.7410282081187359,0.2687077333578693,0.6773789968292767
0.7715370543690969,0.27353331046820994,0.458301028494584,0.27302056043620343,0.3011514922703971,0.5075855282286017,0.3512138870009919,0.7413460155720357,0.26890460011172906,0.6773485597020589
0.7715479843402812,0.2738402329455524,0.4583677509642635,0.2732177246215228,0.3014430970702856,0.5049219067311593,0.35147559528430605,0.7416634294943873,0.2691029748909544,0.6773214876423602
0.7715612071960164,0.274147825168046,0.45843748301907383,0.27341639801341816,0.30173555550084946,0.5022713473735027,0.35173848964744486,0.741980445819047,0.26930283412197603,0.677297729302806
0.7715766874378172,0.27445607421910756,0.4585101781514431,0.2736165570380649,0.3020288519511587,0.4996340606227487,0.3520025495486093,0.7422970605805931,0.26950415462427785,0.6772772342057501
0.7715943901473314,0.2747649673869476,0.45858579065936006,0.2738181785136584,0.30232297106046574,0.49701024341571576,0.3522677547805543,0.7426132699129309,0.2697069136024457,0.6772599527257154
0.771614280975286,0.275074492160749,0.45866427562948836,0.2740212396425082,0.3026178977134696,0.4944000796433114,0.3525340854641289,0.7429290700473397,0.26991108863840807,0.6772458360722512
0.7716363261306791,0.2753846362269298,0.45874558892070144,0.27422571800332274,0.3029136170356863,0.49180374062202775,0.3528015220419649,0.7432444573105599,0.27011665768386195,0.6772348362731997
0.7716604923702115,0.2756953874654892,0.4588296871480259,0.27443159154367774,0.30321011438892254,0.4892213855526784,0.3530700452723087,0.7435594281229194,0.2703235990528811,0.677226906158357
0.7716867469879518,0.27600673394643294,0.4589165276669819,0.2746388385726651,0.30350737536685035,0.4866531619665236,0.3533396362229937,0.743873978996499,0.2705318914146991,0.6772219993435202
0.77171505780523,0.276318663926277,0.45900606855830833,0.2748474377537153,0.30380538579068006,0.48409920615894586,0.353610276265549,0.7441881065333356,0.27074151378666406,0.6772200702149078
0.7717453931607516,0.27663116584462805,0.45909826861306335,0.2750573680975899,0.30410413170492867,0.4815596436108487,0.3538819470694404,0.7445018074236616,0.2709524455273602,0.6772210739139455
0.7717453931607516,0.27663116584462805,0.45909826861306335,0.2750573680975899,0.30410413170492867,0.4815596436108487,0.3538819470694404,0.7445018074236616,0.2709524455273602,0.6772210739139455
