0.9090909090909092,0.0,0.0,0.9090909090909092,0.0,0.0
0.9677419354838708,0.0,0.0,0.9090909090909092,0.0,0.0
0.9615384615384613,0.0,0.0,0.8823529411764706,0.0,0.0
0.9638554216867469,0.0,0.0,0.8510638297872342,0.0,0.0
0.9677419354838711,0.0,0.0,0.819672131147541,0.0,0.0
0.9638554216867471,0.0,0.0,0.8235294117647058,0.0,0.0
0.9569377990430623,0.0,0.0,0.8403361344537816,0.0,0.0
0.9486166007905139,0.0,0.0,0.8588957055214724,0.0,0.0
0.9395973154362416,0.0,0.0,0.8755760368663594,0.0,0.0
0.9348441926345611,0.0,0.0,0.889679715302491,0.0,0.0
0.9290953545232276,0.0,0.0,0.8959537572254335,0.0,0.13157894736842107
0.9263157894736843,0.0,0.0,0.8980582524271843,0.0,0.2061855670103093
0.922509225092251,0.0,0.0,0.8977035490605425,0.0,0.3125
0.9180327868852459,0.0,0.0,0.8992805755395681,0.0,0.375
0.9131075110456555,0.0,0.0,0.9020217729393466,0.0,0.4145077720207254
0.9102902374670185,0.0,0.0,0.9028727770177837,0.0,0.44052863436123346
0.9069212410501194,0.0,0.0,0.9024390243902437,0.0,0.4580152671755725
0.9031556039173014,0.0,0.0,0.901098901098901,0.0,0.46979865771812085
0.8991008991008992,0.0,0.0,0.9009900990099011,0.0,0.4776119402985074
0.8948339483394834,0.0,0.0,0.9017857142857145,0.0,0.4825737265415549
0.8920985556499574,0.0,0.0,0.9017059301380993,0.0,0.4854368932038834
0.889063729346971,0.0,0.0,0.9009679821295609,0.0,0.4867256637168141
0.8857979502196194,0.0,0.0,0.9010238907849831,0.0,0.48681541582150095
0.8823529411764707,0.0,0.0,0.901690670006262,0.0,0.4859813084112149
0.878768441308531,0.0,0.0,0.9028177113283499,0.0,0.48442906574394456
0.8750754375377187,0.0,0.0,0.9032943676939429,0.0,0.4823151125401929
0.8725212464589234,0.0,0.0,0.9032576505429419,0.0,0.47976011994003
0.869797225186766,0.0,0.0,0.9036697247706424,0.0,0.4768583450210378
0.8669354838709676,0.0,0.0,0.9044368600682595,0.0,0.47368421052631576
0.863961813842482,0.0,0.0,0.9054805401111996,0.0,0.47029702970297016
0.8608971454463071,0.0,0.0,0.906735751295337,0.0,0.46674445740956816
0.8577586206896551,0.0,0.0,0.9081491712707184,0.0,0.4630650496141123
0.855505525992632,0.0,0.0,0.9090909090909091,0.0,0.45929018789144044
0.8540372670807453,0.0,0.0,0.9101941747572815,0.0,0.45544554455445535
0.8523985239852399,0.0,0.0,0.9109080525414048,0.0,0.45708955223880576
0.850615114235501,0.0,0.0,0.9112968455109192,0.0,0.4632867132867131
0.848708487084871,0.0,0.0,0.9114117947408729,0.0,0.47308319738988563
0.8466966003848622,0.0,0.0,0.9117291414752116,0.0,0.4812834224598928
0.8445945945945947,0.0,0.0,0.912216364886546,0.0,0.48815506101938244
0.842415316642121,0.0,0.0,0.9128450336883287,0.0,0.49391069012178596
0.8401697312588403,0.0,0.0,0.9135904310167046,0.0,0.4987212276214831
0.837867247007617,0.0,0.0,0.9144311728999414,0.0,0.5027256208358567
0.8355159769512835,0.0,0.0,0.9153488372093026,0.0,0.5060379528464631
0.8337531486146098,0.0,0.0,0.9160170092133242,0.0,0.508752735229759
0.8325266214908037,0.0,0.0,0.9164693946567469,0.0,0.5109489051094888
0.8311990686845171,0.0,0.0,0.9170164675492415,0.0,0.5126928820308608
0.8297824624355239,0.0,0.0,0.9173745173745176,0.0,0.5165876777251182
0.8282871972318342,0.0,0.0,0.9175669675891669,0.0,0.5222872579918952
0.8272556782663057,0.0,0.0,0.9176136363636366,0.0,0.5272181740248604
0.8266452648475121,0.0,0.0,0.9175314036045878,0.0,0.5314799672935403
0.8264143657076657,0.0,0.0,0.9173347351820216,0.0,0.5351562499999999
0.826046511627907,0.0,0.0,0.917036098796707,0.0072046109510086435,0.5383177570093457
0.8255563531945441,0.0,0.0,0.9168599682578442,0.013793103448275858,0.5410247223217484
0.8254023187402665,0.0,0.0,0.9165881244109334,0.019828155981493716,0.5433287482806051
0.8251210957073659,0.0,0.006451612903225804,0.9162303664921468,0.025364616360177544,0.5452742894910771
0.8247256294383472,0.0,0.012383900928792567,0.9159885638882782,0.03045066991473811,0.5468998410174878
0.8242272869185138,0.00601322910402886,0.017846519928613917,0.9156652132298205,0.03512880562060889,0.5482388973966307
0.8236360888620218,0.011560693641618493,0.022883295194508,0.9152681972614025,0.044843049327354244,0.549320732427643
0.8229609020354368,0.016685205784204668,0.02753303964757708,0.9148044692737434,0.053734551316496494,0.550171037628278
0.8222095995455834,0.02142474558114622,0.03183023872679044,0.9142801857585143,0.06188757091284166,0.5508124483613328
0.8213891951488419,0.025813113061435206,0.035805626598465465,0.9137008169781203,0.06937561942517342,0.5526036131774706
0.8205059563646092,0.0298804780876494,0.03948667324777887,0.9132336857455343,0.07626310772163965,0.5541303232426885
0.8195655001951341,0.03365384615384615,0.0428979980934223,0.912870411322424,0.08260670032124827,0.555417803124225
0.8189055983824081,0.03715745471435207,0.04606172270842929,0.9124495231549105,0.08845643520566121,0.5564883665147515
0.8185053380782912,0.04041311180960934,0.048997772828507785,0.9119759478870888,0.09385665529010238,0.5573618207152807
0.818344252531268,0.043440486533449174,0.051724137931034475,0.9114541023558084,0.09884678747940691,0.5580558055805578
0.8180976625781062,0.046257359125315395,0.05425709515859765,0.911030341340076,0.10346199761241542,0.5585860789875625
0.8177727784026991,0.04887983706720979,0.05661140315406388,0.9105591017457509,0.11119631901840489,0.5589667584162606
0.8173760805339747,0.05132254243979472,0.06249999999999998,0.9100441914463336,0.11834319526627218,0.5592105263157893
0.8171951479038086,0.0535987748851455,0.06797583081570995,0.9096214165876433,0.12495537308104247,0.5593288054334795
0.8169393249119895,0.05923731951129213,0.07307270734380707,0.9091555302814902,0.13107968264918937,0.5593319091085646
0.8166145780824675,0.06449301325689717,0.07782101167315172,0.9086498475187139,0.13675783855903936,0.5592291706026825
0.81622630389942,0.06939625260235947,0.08224811514736118,0.9082308420056767,0.14202711426726922,0.5590290547995583
0.8157793948678662,0.07397444519166106,0.08943358728055643,0.9077724306150704,0.14692091278524538,0.5587392550143263
0.815278296600672,0.078252363873492,0.09904153354632585,0.9072775239688566,0.15146925174189638,0.5583667771767576
0.8149699508286282,0.08225245175577348,0.10795805058605794,0.9067487746638182,0.15569917743830786,0.5579180132675622
0.8146042462467793,0.08599508599508598,0.11890606420927459,0.9061886051080551,0.15963511972633979,0.5573988055739878
0.8141853810803776,0.08949880668257755,0.12905075996558638,0.9055992318310029,0.1632991973429283,0.5568145030754287
0.8137171888230309,0.09278051609162076,0.13846579894765984,0.9049826867773929,0.16671148158107016,0.5561700110601989
0.8132031767041691,0.0958556526642233,0.14721627408993568,0.904447632711621,0.16989022477783586,0.5554698349020212
0.8126465593919298,0.09873834339001647,0.157582020149832,0.903885021333932,0.17285205897305542,0.5547181187820318
0.812050288605993,0.10144153764014952,0.16720738707262284,0.9033994178702839,0.17561216918130101,0.5539186800235709
0.8114170792079204,0.10397712503249287,0.17615830115830108,0.9029866781263429,0.17818444497953284,0.5530750396082385
0.8107494322482964,0.10635603950367183,0.1844932274638019,0.9026427783323699,0.18058161350844273,0.5521904493590646
0.8100496553768618,0.10858835143139192,0.19226419362135255,0.9023638232271325,0.1828153564899451,0.5512679162072767
0.8093198809610218,0.11068334937439847,0.19951764963823715,0.9021460521686685,0.18489641345511243,0.5503102239007283
0.8085620822073671,0.11264961276695612,0.20629519353466602,0.9019858434919386,0.18683467303932214,0.5493199524626964
0.8077780875383327,0.1144950767117014,0.21263418662262584,0.9017891496729509,0.19039559974613918,0.5482994956679167
0.8069695934403825,0.11622708985248101,0.21856827752155597,0.9015583070476905,0.19373454245671884,0.5472510767671649
0.8061381759699792,0.11785246617197731,0.22412785032157467,0.9012954681665203,0.1985161419691197,0.5461767626613704
0.8052853010780963,0.1193775314431891,0.22934040940106135,0.9010026194562365,0.203006051141909,0.5450784767003285
0.8045902907613952,0.12080816496563215,0.234230911102914,0.9007653851258677,0.20722433460076042,0.5439580102588573
0.8040455120101138,0.12214983713355047,0.2388220506374573,0.9004985909386511,0.2111893293812523,0.542817033224146
0.8034717916924986,0.1234076433121019,0.24313451110722403,0.9002846581977308,0.21491782553729452,0.5416571035115907
0.8028708716014843,0.12458633443644149,0.2485106382978723,0.9000416493127859,0.21842522459045263,0.5404796757121947
0.8024102135783322,0.12569034469624832,0.2535631421942326,0.8997712792027442,0.22172567892746642,0.5392861089623164
0.8019199250760948,0.12672381662318297,0.2583144979011946,0.8994751392283342,0.2248322147651006,0.5386366099490627
0.801561782269178,0.1276906238599051,0.2627852084972461,0.8992296808677878,0.22775684089791898,0.537954497129492
0.8011718970082823,0.12859439185568847,0.2669940156513732,0.8989587350559195,0.2305106451096526,0.5372418109743377
0.8007520875960848,0.1294385167045653,0.2709580838323352,0.8987360932415043,0.23310387984981223,0.5365004607351287
0.8003040503854925,0.1302261823166552,0.27469316189362936,0.8984882813950893,0.236749656331144,0.5357322343954168
0.7998293697344567,0.13096037609133643,0.27821372521044363,0.8982166952335798,0.24019095927196776,0.5349388077378605
0.7993295270022523,0.1316439032417311,0.28153310104529605,0.8979226361031517,0.2434402332361516,0.534624697336562
0.7988059086931908,0.1322793999032102,0.2846635794061562,0.8976749094234759,0.24650897691650042,0.534271318566404
0.7982598138405504,0.13286934514394177,0.28761651131824223,0.8974713278983003,0.24940783056987598,0.53388090349076
0.7976924607121545,0.13341607198262487,0.2904023961453313,0.8973097669369337,0.25214665394575436,0.5334555453712194
0.7971049929091889,0.13392177750722872,0.2930309593578799,0.8971240043989734,0.2547345958922379,0.5329972089673183
0.7964984849213604,0.13438853217858743,0.29551122194513707,0.8969153186194249,0.25718015665796345,0.5329680042425318
0.7958739471940951,0.13481828839390386,0.29785156249999994,0.8967469995817111,0.2594912437683753,0.5328935948620035
0.795232330757054,0.13521288837744533,0.3000597728631201,0.8966171356307302,0.2616752222361337,0.5327764043986024
0.7945745314576368,0.13557407145883346,0.3021431080922824,0.8965238731322419,0.2637389597644749,0.5326187086508671
0.7939013938382429,0.13590348079323253,0.30410833142070226,0.8964064360516594,0.26568886751622983,0.5328509168653898
0.793213714691775,0.1362026695723236,0.30596175478065235,0.8962660583503422,0.2675309369475544,0.5334516988136555
0.7926376076596864,0.13647310677013647,0.30770927539428694,0.8961038961038962,0.2692707731422627,0.5339882744414519
0.7920451121346479,0.13671618246352046,0.3093564088696592,0.8959772450223487,0.27091362502833816,0.5344639800840211
0.7914370495972872,0.13693321276320894,0.31090831918505935,0.8958844682915693,0.27246441281138783,0.5348819439138082
0.7908141962421715,0.13712544438801427,0.3123698458975426,0.8958239784463407,0.27392775291934945,0.5352451017190908
0.7901772860022216,0.1372940589116326,0.3137455288707204,0.8957942377745891,0.27530798071772883,0.5355562112717622
0.7895270133344144,0.13744017670879866,0.3150396307815791,0.8957937584803259,0.2766091712242321,0.535817865429235
0.788864035788465,0.13756486062507547,0.3162561576354678,0.8958211026311579,0.2778351580252013,0.5360325040986534
0.7881889763779533,0.13766911939235704,0.31739887749177453,0.8958748819145589,0.27898955057319663,0.5362024251769825
0.7875024257713958,0.13775391081017985,0.31847133757961765,0.8959537572254337,0.28007575002491775,0.5363297945677657
0.786916602907422,0.13782014471115203,0.31947687996263413,0.8960073102012844,0.28109696376101856,0.5364166553641673
0.7864278982092371,0.13786868572720087,0.32041865589423413,0.8960367604824815,0.2820562187139006,0.5364649362781084
0.7859239716101228,0.13887345850461066,0.32129963898916947,0.89604325387073,0.28295637361597414,0.5364764593866971
0.7854055242142288,0.13982958269608922,0.3227522610391911,0.8960278678213752,0.28380013026891215,0.5364529472595663
0.7848732211225897,0.14073914911903745,0.3241265138973597,0.8960377178778933,0.2845900439238652,0.5363960295240526
0.7843276936776499,0.14160414244954037,0.32542605121178364,0.8960262571796977,0.2853285328532852,0.5363072489192414
0.7838730069537128,0.1424264476556815,0.326654318908907,0.8959944591942747,0.2860178871867527,0.5361880668846802
0.7834037542425717,0.14320785597381344,0.32781456953642363,0.8959872683869502,0.28666027707589076,0.5360398687249308
0.7829205807002567,0.14395007046506947,0.3289098754375964,0.8960035822232174,0.28725776024695576,0.5358639683870202
0.7824240994709714,0.14465471118597048,0.3299431408665009,0.8960423327086322,0.28781228899392286,0.5356616128841963
0.7819148936170219,0.1453233200039013,0.33091711314213657,0.8961024861578549,0.28832571665974227,0.5354339863961404
0.7814908339618936,0.1459573650854619,0.33183439292913613,0.8961830428739443,0.28879980364885854,0.5351822140728862
0.781052835927137,0.14655824508320728,0.33269744372376936,0.8962830367484472,0.2892362230099902,0.534907365567104
0.7806014941574622,0.1471272930440451,0.3335086006159391,0.8964015347920775,0.2896365656245039,0.5346104583170914
0.780137374755814,0.14766578006053382,0.3342700783907705,0.8964981816695954,0.29000234503243943,0.5342924606007363
0.7797537619699049,0.1481749186844959,0.33498397902708993,0.8965739361487985,0.29033500192529826,0.533954294378859
0.7794478527607369,0.14865586612070505,0.33565229864448104,0.8966297038344807,0.2906359083320684,0.5335968379446645
0.779126433998245,0.14910972721691088,0.3362769339456022,0.8967040700629473,0.2909063715225843,0.5332209283945417
0.7787901418969387,0.1495375572651051,0.33685968819599105,0.8967961931916696,0.2911476376501804,0.5328273639340857
0.7784395824733155,0.14994036462770496,0.3374022767795913,0.8969052591608125,0.2913608951536727,0.532416906032007
0.7780753332945224,0.15031911320120936,0.33790633236466855,0.8970304810732929,0.29154727793696256,0.531990281433489
0.7776979451070563,0.15067472472886836,0.33837340971158336,0.8971355847796814,0.2917078683429861,0.5318086487566168
0.7773931793678722,0.15100808097298188,0.33880499015101784,0.8972214140238579,0.29184369993731263,0.5316056560082775
0.7770743459017317,0.15132002575660022,0.33920248575867434,0.8973232694479802,0.29195576011540825,0.5313821770625703
0.776741998838207,0.15161136688363244,0.3395672432501437,0.897406431766349,0.2920449925464153,0.5313893818042303
0.7763966671219786,0.15188287794566677,0.33990054761754895,0.8975051866315661,0.2921122994652404,0.5313712501182931
0.7761202082602721,0.15213530002316794,0.3402036255276881,0.897585803700392,0.29215854382378137,0.5313287888691758
0.7758299142111158,0.1523693432881306,0.34047764849969386,0.8976815969336701,0.2921845513112512,0.5312629590379213
0.7755263157894743,0.1532336813640804,0.34072373587869276,0.8977597831724414,0.2921911122527612,0.5311746782482153
0.7752884915271864,0.15406266202503535,0.340942957620552,0.8978210630571145,0.2921789833945999,0.5310648231280304
0.7750365825481996,0.15485756026296582,0.341136336901541,0.8978661019710049,0.2921488895839848,0.5309342315192344
0.7747711191701965,0.15561959654178686,0.3413048525655909,0.8979263783957561,0.2921015253504599,0.5307837045464493
0.7744926083688304,0.1563499395920689,0.3414494414207963,0.8980012690355327,0.29203755639556134,0.530614008555503
0.7742015350334246,0.15704970903736948,0.3415710003958604,0.8980901690670002,0.29195762099686956,0.5304258769309553
0.773898363142571,0.15771997786386283,0.3416703885663242,0.8981924918893863,0.2918623313321047,0.5302200118013995
0.7735835368655241,0.15836177474402738,0.34174842905964053,0.8983076688519589,0.2917522747285,0.5299970856405348
0.7732574815947991,0.15897608622431803,0.3418059108474391,0.8984351489617814,0.29162801484230044,0.5297577427713571
0.7729206049149342,0.15956385878598503,0.34184359043267926,0.8985743985743985,0.29149009277287813,0.5295026007802344
0.7725732975119732,0.160126000787505,0.3418621934387938,0.8987249010699103,0.2913390281156304,0.5292322518470931
0.7722863741339496,0.1606633842964499,0.3418624161073824,0.8988585234588619,0.2911753199575252,0.5289472639974607
0.7719883094346519,0.16117684681803654,0.34184492671051936,0.8989759044748828,0.29099944781888454,0.5286481822816584
0.7716794978890572,0.16166719292706036,0.3418103668832828,0.8991045617993367,0.29121448437585207,0.528335529886038
0.7713603179210113,0.16213519580942884,0.3417593528816985,0.8992440168738768,0.2914085645030972,0.5280098091807806
0.7710311327003758,0.16258159871905414,0.3416924767709059,0.8993938061004267,0.2915824199212515,0.5276715027084364
0.7706922908932087,0.1630071163554529,0.3416103075480078,0.899527636008252,0.29173675357443235,0.5273210741170747
0.7703441273681714,0.16341243616701717,0.3415133922037369,0.8996716037799066,0.2918722409763699,0.526958969041624
0.7699869638621165,0.16379821958456975,0.3414022567267815,0.8998252766453106,0.29198953148252693,0.5265856159367224
0.7696211096075781,0.16416510318949346,0.3412774070543372,0.8999882354479015,0.29208924949290077,0.5262014268641587
0.7692468619246863,0.1645136998204252,0.3411393299721997,0.9001600743571194,0.29217199558985685,0.5258067982377598
0.7688645067798365,0.16484459962223114,0.3409884939674847,0.9003404005762572,0.2922383476150381,0.5254021115283786
0.7685374846374438,0.165158371040724,0.3408253500368458,0.9005049678256145,0.29228886168910667,0.5249877339314507
0.7682642618299728,0.16545556176634996,0.34065033245286436,0.9006543427960078,0.29232407317781456,0.5245640189994111
0.7679813919913377,0.16573669962985474,0.3404638594911054,0.9007890661488149,0.2923444976076557,0.5243124614223994
0.7676891940156356,0.1660022934527385,0.34026633412016194,0.9009326273862132,0.29235063153413143,0.5240485720100404
0.7673879747084006,0.16625283385512257,0.3400581446568583,0.9010846611633696,0.2923429533654523,0.5237727745528978
0.7670780293460308,0.16648879402347924,0.3398396653886371,0.9012224185153112,0.2923219241443111,0.5234854771784236
0.7668192483748127,0.16671063044051707,0.33961125716502166,0.9013463949659578,0.29228798829018415,0.5231870730425647
0.7665511858986563,0.1669187835793647,0.33966928060006807,0.9014570640969201,0.29224157430445624,0.5228779409853117
0.7662741403674048,0.1671136785640603,0.33971170867402833,0.9015548787469357,0.29251274711512676,0.5225584461523624
0.765988399201746,0.16729572579822508,0.33973904706323715,0.9016402721334843,0.29276490359101376,0.5222289405849222
0.76569423929099,0.16746532156368227,0.339751783284542,0.9017347509792935,0.29299864433463085,0.5218897637795279
0.7653919274641712,0.16762284859067106,0.33975038747042974,0.9018379789976859,0.2932145482852573,0.5215412432196525
0.7650817209361259,0.16776867660120406,0.33973531310522903,0.901949629110959,0.29341317365269476,0.5211836948807359
0.7647638677300836,0.16790316282702075,0.3397069977246416,0.9020693832956511,0.29359505880362147,0.5208174237101751
0.7644386070782013,0.1680266525035006,0.33966586358071005,0.9021768198106634,0.2937607231033186,0.5204427240837064
0.7641061698013715,0.16813947934081688,0.33961231827419097,0.9022922242085095,0.29391066771536223,0.520059880239521
0.7637667786695455,0.16824196597353505,0.33954675535617596,0.9024152972311412,0.29404537636170064,0.5196691666913705
0.7634206487437276,0.16833442438978777,0.339469554900685,0.9025457479492285,0.29416531604538115,0.5192708486218336
0.7630679877007177,0.16841715634109106,0.3393810840498465,0.9026832936073559,0.294270937738043,0.5188651822568456
0.76270899614161,0.16849045373380345,0.33928169753317833,0.9028086931887152,0.29436267703415747,0.5184524152225229
0.7623438678849865,0.1685545990031718,0.33917173816238677,0.902941088172601,0.29444095477386967,0.518032786885246
0.7619727902456855,0.16860986547085208,0.33905153730301585,0.9030802122099912,0.29450617763618026,0.5176065286759101
0.7615959442999642,0.16865651768674275,0.3389214153241936,0.9032258064516113,0.2945587387040957,0.5171738643991945
0.7612135051378246,0.16869481175591972,0.33878168202764974,0.9033776193980695,0.2945990180032737,0.516735010528649
0.7608765918934648,0.1687249956514177,0.33863263705710417,0.9035175109203756,0.2946273830155983,0.5162901764883484
0.7605336066492645,0.16911226816988686,0.3384745702890622,0.9036458580133991,0.2946441891690292,0.5158395649218218
0.760184729650379,0.16948430779712986,0.3383077622059903,0.903763022420598,0.29464978030498873,0.5155277830150563
0.7598301352626617,0.16984153742414027,0.3381324842527861,0.9038866569554349,0.29464448912447483,0.5152081109925293
0.7595193191913844,0.17018436639693005,0.3379489991774061,0.9039994123911989,0.2946286376140151,0.5148807950520695
0.7592512510038925,0.17051319103257506,0.33775756135646157,0.9041016228396952,0.2946025374525127,0.5146866328080004
0.7589763996449237,0.17082839511218278,0.3375584171065461,0.9041936093099369,0.2945664903999719,0.5144827943884034
0.7586949597294061,0.17113035035197022,0.3373518049820168,0.9042922504495186,0.2945207886690335,0.5142695676744843
0.7584071195562306,0.17141941685357256,0.3371379560599063,0.9043973180853017,0.29446571528019533,0.5140472312703582
0.7581130613582862,0.17169594353463655,0.33691709421260746,0.9045085898665721,0.2944015444015448,0.5138160548608308
0.757812961540734,0.1719602685406933,0.33668943636893395,0.9046258491657229,0.29432854167378053,0.5135762995528688
0.7575069909081595,0.1722127196392474,0.33645519276412855,0.904748884977527,0.29424696452125715,0.5133282182016184
0.7571953148812033,0.17245361459696668,0.3362145671793568,0.9048774918172805,0.2941570624497457,0.5130720557217832
0.756878093703235,0.1726832615408074,0.3359677571711956,0.9049959392817953,0.29405907733156356,0.5129388895638437
0.7565554826376012,0.17290195930386199,0.3357149542915978,0.9051045275949517,0.2939532436786904,0.5127958205936872
0.7562276321559421,0.17310999775667388,0.33545634429878807,0.9052187543599028,0.29383978890445356,0.512643129770992
0.7559395248380131,0.17330765812472226,0.3351921073595196,0.9053384252864208,0.2937189335743338,0.5124810892586985
0.7556902712698655,0.1734952132927411,0.33492241824309965,0.9054484600778797,0.293590891646412,0.5123099627538706
0.7554348575288456,0.17367292809650112,0.33464744650756867,0.9055491375532793,0.29345587070194934,0.5122551295144365
0.75517345069845,0.17384105960264903,0.33436735667839884,0.9056407262168696,0.2933140721665675,0.5123134585757315
0.7549062127290468,0.1739998573771661,0.33408230842005676,0.9057234847300791,0.29316569152247013,0.5124817784256558
0.7546333006303169,0.1741495637429793,0.333792456700759,0.9057976623577664,0.29301091851212174,0.5127568860114144
0.7543548666551158,0.17429041402722856,0.3334979519507307,0.9058634993904157,0.29284993733378206,0.5131355553569831
0.7540710584752035,0.17442263679866848,0.33319894021426105,0.9059212275437718,0.29268292682926866,0.5136145457762833
0.7537820193492567,0.17454645409565703,0.3328955632958374,0.905971070337311,0.2925100606643045,0.5141906096706375
0.7534878882835558,0.17466208164516028,0.33258795890061993,0.9060132434528415,0.29233150750178644,0.5148604999024472
0.7531888001857178,0.1747697290731807,0.3322762607695115,0.9060479550744439,0.29214743116829495,0.5156209767401937
0.7528848860118211,0.17486960010699487,0.33196059880906015,0.90607540621087,0.2919579908141477,0.5164688143727831
0.7525762729072545,0.1749618927695673,0.33164109921642215,0.9060957910014505,0.2917633410672857,0.5174008069939472
0.7522630843415969,0.1750467995664883,0.3313178845996007,0.9061092970064869,0.2915636321812643,0.5184137744598554
0.7519454402378248,0.17512450766576615,0.330991074093166,0.9061161054830356,0.29135901017760957,0.5195045675253064
0.7516234570961188,0.17519519907078795,0.3306607834696515,0.9061163916469377,0.2911496169827857,0.5206700726658388
0.751297248112535,0.1752590507867469,0.3303271252468117,0.9061103249218865,0.2909355905600092,0.5219072164948452
0.7509669232927858,0.17531623498081988,0.3299902087909182,0.906098069176274,0.29071706503613143,0.5232129697862931
0.7506325895613644,0.17536691913636515,0.3296501404162622,0.9060797829485118,0.290494170823802,0.5245843511149632
0.7502943508662326,0.1754112662013959,0.32930702348102264,0.9060556196614749,0.2902670347391152,0.5260184301272183
0.7499523082792827,0.17544943473157482,0.32896095847965307,0.9060257278266752,0.29003578011493025,0.5275123304562266
0.7496065600927689,0.17548157902796077,0.3286120431319316,0.9059902512387368,0.2898005269100491,0.5290632322962904
0.7492572019118975,0.1755078492697295,0.32826037246881284,0.9059493291607014,0.28956139181442486,0.5306683746514954
0.7489043267437522,0.1755283916420787,0.3279060389152133,0.9059030965006699,0.2893184883505674,0.5323250572743016
0.7485480250827218,0.1755433484595176,0.32754913236985556,0.9058516839802451,0.2890719269713028,0.5340306423099583
0.7481883849925924,0.1755528582847332,0.3271897402822912,0.9057952182952178,0.28882181515403843,0.5357825556627643
0.7478254921854512,0.17555705604321414,0.32682794772721696,0.9057338222689099,0.2885682574916761,0.5375782881002085
0.7474594300975484,0.17555607313380703,0.3264638374761929,0.9056676149985612,0.28831135578031,0.5394153961109428
0.7470902799622519,0.17555003753536996,0.326097490066867,0.9055967119951285,0.28805120910384086,0.5412915025323577
0.7467181208802235,0.17553907390968196,0.32572898386980464,0.9055212253168378,0.2877879139156294,0.5432042969632704
0.7463430298869407,0.17552330370075842,0.32535839515301873,0.9054412636968123,0.28752156411730895,0.5451515359769086
0.7459650820176783,0.17550284523071732,0.3249857981442909,0.9053569326650845,0.2872522511348698,0.547131043148975
0.7455843503700625,0.17547781379233274,0.3246112650913704,0.9052683346652729,0.28698006399212417,0.5491407089151449
0.7452009061643013,0.17544832173840752,0.32423486632013243,0.9051755691661986,0.28670508938165484,0.5511784902718571
0.7448148188011922,0.1754144785680901,0.3238566702907771,0.905078732768693,0.28642741173334635,0.5532424103337484
0.7444261559180003,0.1753763910102554,0.3234767436521421,0.9049779193078374,0.28614711328059256,0.5553305577605337
0.7440349834423023,0.1753341631040642,0.3230951512942035,0.9048732199508618,0.28586427412427223,0.5574410860655735
0.7436413656438737,0.17528789627681002,0.3227119563988332,0.9047647232909138,0.2855789722945773,0.5595722128177947
0.7432453651847117,0.17523768941915904,0.3223272204888781,0.9046525154369034,0.2852912838107772,0.5617222187480455
0.7428470431672624,0.17518363895788205,0.3219410034756262,0.9045366800996091,0.2850012827389976,0.5638894467703809
0.7424464591809334,0.1751258389261746,0.32155336370471954,0.9044172986742307,0.2847090412480903,0.5660723009281874
0.74204367134696,0.17506438103165733,0.3211643580005709,0.9042944503195541,0.2844146296636647,0.5682692452744799
0.741638736361691,0.17499935472214342,0.32077404170934226,0.9041682120338929,0.2841181165203511,0.5704788026951283
0.7412317095383615,0.1749308472492573,0.3203824687405358,0.904038658727955,0.28381956861236224,0.572699553683218
0.7408226448474121,0.1748589437299853,0.3199896916072503,0.9039058632947841,0.2835190510424156,0.5749301350721937
0.740411594955415,0.17478372720623475,0.3195957614651516,0.9037698966769052,0.28321662726907815,0.5771692387349163
0.7399986112626594,0.17470527870247546,0.31920072815020223,0.9036308279308101,0.28291235915259116,0.579415610255244
0.7395837439394534,0.1746236772815341,0.3188046402151985,0.9034887242888999,0.28260630699923084,0.5816680475782554
0.739167041961191,0.17453900009860962,0.3184075449651548,0.9033436512190045,0.2822985296042585,0.5839253996447601
0.7387485531422343,0.17445132245357345,0.3180094884915786,0.9031956724815876,0.2819890842935112,0.5861865650152889
0.7383283241686556,0.17436071784161833,0.3176105157056756,0.9030448501847399,0.28167802696368294,0.5884504904883205
0.7379064006298847,0.17426725800231396,0.31721067037052186,0.9028912448370621,0.2813654121213415,0.5907161697170937
0.7374828270493051,0.17417101296712767,0.316809995132241,0.9027349153985306,0.2810512929207291,0.5929826418289588
0.7370576469138373,0.17407205110546445,0.31640853155022075,0.9025759193294356,0.2807357212003872,0.5952489900508573
0.7366309027025496,0.1739704391692794,0.31600632012640273,0.9024143126374743,0.2804187475186493,0.5975143403441686
0.7362026359143324,0.17386624233631306,0.3156034003336778,0.9022501499230821,0.2801004211880408,0.599777860051833
0.7357728870946734,0.17375952425199784,0.3151998106434181,0.902083484423078,0.2797807903086242,0.6020387565603554
0.735341695861565,0.17365034707008287,0.3147955885521756,0.9019143680526956,0.2794599018003273,0.604296275979005
0.7349091009305783,0.1735387714920214,0.314390770607576,0.9017428514460699,0.27913780143428885,0.6065497018382536
0.7344751401391345,0.17342485680516415,0.3139853924334354,0.9015689839952449,0.2788145338632558,0.6087983538092514
0.734039850470003,0.17330866091979963,0.31357948875412633,0.9013928138877666,0.2784901426510658,0.6110415864458991
0.7336032680740544,0.17319024040508144,0.31317309341821886,0.9012143881429179,0.27816467030124553,0.6132787879508614
0.733165428292298,0.17306965052388049,0.3127662394214207,0.901033752646655,0.27783815828475444,0.6155093789666681
0.732726365677226,0.1729469452665989,0.31235895892884047,0.9008509521852979,0.2775106470669048,0.6177328113928608
0.7322861140134943,0.172822177383981,0.31195128329659694,0.9006660304780261,0.2771821761334841,0.619948567229978
0.7318447063379597,0.17269539841895504,0.31154324309279535,0.9004790302082307,0.27685278401610786,0.6221561574510095
0.7314021749590989,0.1725666587375386,0.3111348681178925,0.900289993053767,0.27652250831682795,0.6243551209008122
0.7309585514758316,0.17243600755883862,0.3107261874244702,0.9000989597161538,0.27619138573202184,0.6265450232238471
0.7305434773212538,0.17230349298417702,0.31031722933643807,0.8999059699487624,0.27585945207558626,0.6286778806640735
0.7301270869673558,0.17216916202537003,0.30990802146768137,0.8997110625840341,0.27552674230145874,0.6307555632597347
0.7297094145583133,0.17203306063218993,0.30949859074017594,0.8995142755597669,0.2751932905254882,0.6328259728574646
0.72931966955621,0.17189523371903587,0.3090889634015841,0.8993156459445066,0.2748591300466777,0.6348433015240902
0.7289574507586623,0.1717557251908397,0.30867916504235066,0.8991152099620796,0.2745242933678182,0.6368092504922706
0.7285934773855853,0.17161457796823174,0.30826922061231343,0.8989130030152989,0.2741888122155337,0.6387694857320424
0.7282277900529448,0.1714718340119908,0.3078591544368454,0.8987090597088784,0.27385271755975715,0.6407235925592071
0.7278604284944671,0.17132753434680115,0.30744899023254224,0.8985034138715824,0.2735160396326553,0.6426711780616539
0.7275198747785965,0.17118171908433935,0.3070387511224704,0.8982960985776438,0.2731788079470199,0.6445698025109469
0.7271774378459819,0.17103442744571218,0.3066284596509895,0.8980958568644103,0.27284105131414266,0.6464209962931396
0.7268331596769986,0.170885697783266,0.3062181377981623,0.8979025905986913,0.2725027978611905,0.6482262271292141
0.7264870813474557,0.17073556760178854,0.30580780699376553,0.8977075794445385,0.2721640750480964,0.6499869032489646
0.7261392430519238,0.17058407357912123,0.3053974881309138,0.8975108568062015,0.27182490968398154,0.6517440632738863
0.7257896841263487,0.17043125158620162,0.30510856110534973,0.8973124553517938,0.2714853279431239,0.6534581995706935
0.7254384430699753,0.17027713670655323,0.30493884605158234,0.8971124070332688,0.27114535538048645,0.6551306031525227
0.7250855575666078,0.1701217632552405,0.3048861010234404,0.8969107431057463,0.2708050169468196,0.656762514302725
0.7247310645052287,0.1699651647973051,0.3049480276748536,0.8967074941462195,0.2704643370033508,0.6583551250414352
0.7243749999999992,0.16980737416570013,0.30512227685694776,0.8965026900716624,0.27012333933607413,0.6599095814496138
0.7240173994096621,0.16964842347873732,0.30540645411627787,0.8962963601565592,0.269782047169652,0.6614269858600809
0.7236582973563682,0.169488344157063,0.30579812508026233,0.8960885330498806,0.26944048318094116,0.6629083989243376
0.7232977277439463,0.16932716694017608,0.30617937234025633,0.8958792367915235,0.26909866951215444,0.664354841563313
0.7229357237756358,0.1691649219025032,0.30655039802491046,0.8956684988282353,0.26875662778366916,0.6657672968095733
0.7225723179712998,0.16900163846904398,0.3069113995662699,0.895456346029043,0.268414379106493,0.6671467115479714
0.7222075421841371,0.16883734543059922,0.3072625698324025,0.8952428047002021,0.268071944094398,0.668493998161212
0.721841427616909,0.16867207095859535,0.3076040972555829,0.8950279005996851,0.267729342875732,0.669810036086335
0.7214740048376974,0.16850584261951634,0.3079361659562029,0.8948116589512242,0.26738659510491775,0.6710956732876945
0.7211053037952122,0.1683386873889557,0.3082589558625752,0.894594104457926,0.2670437199736491,0.6723517276516136
0.7207353538336586,0.1681706316652994,0.3085726428267868,0.8943752613154717,0.26670073622179286,0.6735789883075297
0.7203641837071838,0.16800170128305095,0.30887739873675363,0.8941551532249182,0.26635766214800477,0.6747782168801144
0.7199918215939123,0.16783192152580875,0.30917339162462043,0.8939338034051141,0.2660145156200695,0.6759501486765355
0.7196182951095869,0.16766131713890686,0.30946078577164476,0.8937112346047438,0.265671314084971,0.6770954938127484
0.7192436313208276,0.1674899123417281,0.3097397418096958,0.8934874691140131,0.2653280745787021,0.6782149382824408
0.718867856758018,0.16731773083969995,0.3100104168194959,0.8932625287759878,0.264984813735821,0.6793091449720055
0.7184909974278358,0.16714479583598166,0.3102729644257257,0.8930364349975987,0.2646415477987616,0.6803787546246945
0.718113078825435,0.16697113004285252,0.3106318303539121,0.8928092087603225,0.2642982926269046,0.6814243867569019
0.717734125946293,0.16679675569280894,0.3110849158316924,0.8925808706305512,0.2639550637054177,0.68244664052932
0.7173541632977333,0.16662169454937942,0.31163009807140535,0.8923514407696603,0.26361187615386955,0.6834460955755459
0.7169732149101329,0.16644596791766542,0.31216331159625765,0.8921209389437854,0.2632687447346252,0.6844233127905396
0.7165913043478255,0.16626959665461571,0.31268478107841774,0.8918893845333168,0.2629256838610294,0.6853788350811875
0.7162084547197093,0.16609260117904218,0.3131947260245244,0.8916567965421235,0.2625827076053826,0.6863131880810778
0.71582468868957,0.1659150014813839,0.3137930076920943,0.8914231936065127,0.26223982970671716,0.687226880831464
0.7154400284861261,0.1657368171332275,0.31447754815049717,0.8911885940039354,0.2618970635783781,0.6881204064302662
0.7150544959128059,0.1655580672965896,0.3152462561940484,0.890953015661446,0.2615544223154142,0.6889942426508497
0.7146681123572656,0.16537877073296903,0.3160970306448327,0.8907164761639251,0.26121191870178556,0.6898488525322068
0.7142808988006546,0.16519894581217454,0.31702776353776024,0.8904789927620702,0.26086956521739135,0.6906846849420746
0.713892875826637,0.1650186105209348,0.31803634318464885,0.8902405823801655,0.26052737404492454,0.6915021751144244
0.7135040636301757,0.16483778247129627,0.3191206571147561,0.8900012616236352,0.2601853570765562,0.692301745162674
0.713114482026089,0.16465647890881532,0.3202785948897891,0.8897610467863893,0.2598435259204567,0.6930838045698913
0.7127241504573819,0.1644747167205499,0.3215080507919888,0.8895199538579661,0.25950189190715545,0.6938487506571854
0.712333088003364,0.16429251244285645,0.3228069263844328,0.8892779985304814,0.2591604660957463,0.6945969690314086
0.7119413133875562,0.16410988226899748,0.3241731329432087,0.8890351962053862,0.2588192592799409,0.6953288340132262
0.7115488449853953,0.16392684205656474,0.3256045937615902,0.8887915620000434,0.2584782819939755,0.6960447090465546
0.7111557008317417,0.1637434073347234,0.327099246326795,0.888547110754125,0.2581375445183735,0.6967449470903025
0.7107618986281956,0.1635595933112815,0.3286550443703194,0.8883018570358394,0.2577970568855702,0.6974298909933059
0.7103674557502272,0.1633754148795902,0.3302699597932226,0.8880558151479911,0.25745682888540056,0.6980998738532874
0.7099723892541269,0.16319088662527875,0.33194198446808804,0.887808999133879,0.25711687007045625,0.698755219360633
0.7095767158837821,0.1630060228328289,0.33366913191970343,0.887561422783039,0.2567771897613136,0.6993962421277267
0.7091804520772822,0.162820837491993,0.3354494388867906,0.8873130996368336,0.2564377970516369,0.700023248004547
0.7087836139733599,0.16263534430405993,0.33728096676737185,0.8870640429938975,0.2560987008131604,0.7006365343811906
0.7083862174176725,0.1624495566879731,0.339161802950588,0.8868142659154377,0.25575990970055135,0.7012363904779486
0.7079882779689276,0.16226348778630423,0.3410900620379836,0.8865637812303967,0.25542143215615865,0.7018230976235303
0.7075898109048577,0.16207715047108676,0.3430638869574443,0.886312601540483,0.2550832764146485,0.7023969295219945
0.7071908312280483,0.16189055734951271,0.34508144997312296,0.8860607392250698,0.2547454505075316,0.70295815250892
0.7067913536716232,0.16170372076949657,0.3471409535948094,0.8858082064459688,0.2544079622675834,0.703507025797319
0.7063913927047921,0.16151665282510952,0.34924063139029965,0.8855550151520816,0.2540708193331612,0.7040438017137675
0.7059909625382631,0.16132936536188752,0.3513787487043979,0.8853011770839324,0.25373402915242055,0.7045687259252044
0.705590077129524,0.16114186998201668,0.3535536032882407,0.8850467037780858,0.2533975989874326,0.7050820376568286
0.7051887501879979,0.1609541780493987,0.35576352584267174,0.8847916065714531,0.2530615359182066,0.7055839699014955
0.7047869951800734,0.16076630069460005,0.3580068804794143,0.8845358966054891,0.25272584684661914,0.7060747496210005
0.7043848253340163,0.1605782488196872,0.3602820651037945,0.8842795848302857,0.25239053850025184,0.7065545979396118
0.7039822536447641,0.16039003310295158,0.3625875117227544,0.8840226820085614,0.2520556174361416,0.7070237303302004
0.7035792928786058,0.16020166400352637,0.364921686681872,0.8837651987195525,0.2517210900444436,0.7074823567932933
0.703175955577753,0.1600131517658986,0.3672830908350658,0.8835071453628082,0.2513869625520113,0.7079306820293635
0.7027722540648023,0.1598245064243184,0.36967025965061356,0.8832485321618908,0.251053241025894,0.7083689056046527
0.7023682004470932,0.15963573780710907,0.37208176325705766,0.8829893691679875,0.25071993137675413,0.7087972221108071
0.7019638066209656,0.1594468555408793,0.3745162064324986,0.882729666263431,0.25038703936220813,0.709215821318596
0.7015590842759163,0.15925786905464098,0.3769722285407063,0.8824694331651363,0.25005457059009023,0.7096248883259647
0.7011540448986615,0.15906878758383444,0.37944850341739367,0.8822086794279538,0.24972253052164284,0.710024603700667
0.7007486997771039,0.1588796201742636,0.381943739209912,0.8819474144479408,0.24939092447463512,0.7104151436177047
0.7003430600042093,0.1586903756859434,0.3844566781735292,0.8816856474655547,0.2490597576264106,0.7107966799917949
0.6999371364817943,0.15850106279686144,0.38698609642736065,0.8814233875687695,0.24872903501686727,0.711169380605073
0.699530939924228,0.15831169000665607,0.38953080367291704,0.8811606436961181,0.2483987615513699,0.7115334092302309
0.6991244808620489,0.15812226564021337,0.39208964287813225,0.8808974246396625,0.24806894200359786,0.7118889257492785
0.6987177696455003,0.1579327978511841,0.3946614899296291,0.8806337390478921,0.24773958101832927,0.7122360862681105
0.6983108164479861,0.15774329462542383,0.3972452532558724,0.8803695954285566,0.24741068311416295,0.7125750432270472
0.6979036312694485,0.157553763784357,0.3998398734237543,0.8801050021514291,0.24708225268618034,0.7129059455075191
0.6974962239396704,0.15736421298826753,0.4024443227110451,0.8798399674510065,0.24675429400854798,0.7132289385350441
0.697088604121504,0.15717464973951742,0.40505760465703966,0.8795744994291461,0.24642681123706286,0.7135441643786531
0.6966807813140273,0.1569850813856952,0.4076787535936198,0.8793086060576422,0.24609980841164153,0.7138517618469019
0.6962727648556314,0.15679551512269588,0.4103068341588482,0.8790422951807407,0.24577328945875432,0.7141518665806079
0.6958645639270389,0.15660595799773427,0.412940940795105,0.8787755745175987,0.24544725819380647,0.7144446111424391
0.6954561875542561,0.15641641691229283,0.4155801972336761,0.8785084516646848,0.2451217183234665,0.7147301251034817
0.6950476446114608,0.1562268986250061,0.41822375596760086,0.8782409340981266,0.2447966734479445,0.7150085351269024
0.6946389438238274,0.15603740975448313,0.42087079771448843,0.8779730291760041,0.24447212706322036,0.7152799650488199
0.6942300937702888,0.15584795678206895,0.42352053087091646,0.8777047441405896,0.244148082563223,0.7155445359564916
0.69382110288624,0.1556585460545472,0.42617219095993136,0.87743608612054,0.24382454324196356,0.7158023662639232
0.6934119794661835,0.1554691837867851,0.42882504007307976,0.8771670621330361,0.2435015122956211,0.7160535717849944
0.6930027316663158,0.15527987606432161,0.43147836630831127,0.8768976790858769,0.24317899282458416,0.7162982658041988
0.6925933675070606,0.15509062884590108,0.43413148320500905,0.8766279437795256,0.24285698783544782,0.7165365591450878
0.6921838948755468,0.15490144796595257,0.43678372917732095,0.8763578629091099,0.2425355002429677,0.7167685602365046
0.6917743215280326,0.1547123391370174,0.4394344669468859,0.8760874430663786,0.2422145328719726,0.7169943751766901
0.691364655092281,0.15452330795212485,0.4420830829759741,0.8758166907416146,0.24189408845923546,0.7172141077953423
0.6909549030698814,0.1543343598871181,0.4447289869019853,0.875545612325505,0.24157416965530482,0.7174278597137037
0.6905450728385254,0.15414550030293145,0.44737161097418093,0.875274214110972,0.2412547790262969,0.7176357304027482
0.6901351716542329,0.15395673444781932,0.45001040949345816,0.875002502294962,0.24093591905564962,0.71783781723954
0.689725206653532,0.15376806745953928,0.4526448582559091,0.8747304829801961,0.24061759214583942,0.7180342155618289
0.6893151848555933,0.15357950436748888,0.45527445400084915,0.8744581621768832,0.24029980062006157,0.7182250187209476
0.6889051131643201,0.1533910500947986,0.45789871386393916,0.8741855458043957,0.23998254672387503,0.7184103181330702
0.6884949983703953,0.1532027094603809,0.4605171748359707,0.873912639692908,0.23966583262681235,0.718590203328894
0.6880848471532851,0.153014487180937,0.4631293932278322,0.8736394495850026,0.23934966042395592,0.7187647620017974
0.6876746660832022,0.1528263878729222,0.4657349441421231,0.8733659811372383,0.23903403213748078,0.7189340800545307
0.6872644616230285,0.1526384160544704,0.4683334209518374,0.8730922399216875,0.23871894971816524,0.7190982416444911
0.6868542401301988,0.15245057614727964,0.4709244347864915,0.8728182314274399,0.23840441504686966,0.7192573292276302
0.686444007858545,0.15226287247845793,0.4735076140260316,0.8725439610620741,0.2380904299359845,0.7194114236010443
0.6860337709601037,0.15207530928233243,0.4760826038028149,0.8722694341530988,0.23777699613084805,0.7195606039442919
0.685623535486887,0.15188789070222053,0.47864906551192293,0.8719946559493632,0.23746411531113434,0.7197049478594831
0.685623535486887,0.15188789070222053,0.47864906551192293,0.8719946559493632,0.23746411531113434,0.7197049478594831
