0.0,0.0,0.9090909090909092,0.0,0.0,0.0,0.0,0.0,0.0,0.0
0.0,0.0,0.9090909090909092,0.0,0.0,0.0,0.0,0.0,0.7692307692307692,0.0
0.0,0.0,0.8823529411764706,0.0,0.0,0.0,0.0,0.625,0.7999999999999999,0.0
0.0,0.0,0.8510638297872342,0.0,0.0,0.0,0.0,0.6896551724137931,0.8510638297872337,0.0
0.0,0.0,0.819672131147541,0.0,0.0,0.0,0.0,0.6976744186046512,0.8860759493670883,0.0
0.0,0.3225806451612903,0.7894736842105264,0.0,0.0,0.0,0.0,0.6896551724137931,0.8928571428571427,0.0
0.0,0.42553191489361697,0.7608695652173914,0.26315789473684215,0.0,0.0,0.0,0.6756756756756758,0.8904109589041096,0.0
0.0,0.46874999999999994,0.7339449541284405,0.36363636363636365,0.0,0.0,0.21739130434782614,0.6593406593406594,0.8839779005524862,0.0
0.0,0.48780487804878037,0.7086614173228347,0.41095890410958896,0.0,0.0,0.31250000000000006,0.6422018348623852,0.8755760368663595,0.0
0.0,0.49504950495049493,0.6849315068493151,0.4347826086956521,0.0,0.0,0.43478260869565216,0.6249999999999999,0.8661417322834646,0.0
0.0,0.5384615384615383,0.6626506024096387,0.4464285714285714,0.0,0.0,0.49586776859504134,0.608108108108108,0.8561643835616438,0.0
0.0,0.5624999999999998,0.6417112299465242,0.45112781954887216,0.0,0.0,0.5625,0.5917159763313609,0.8459214501510575,0.0
0.0,0.575916230366492,0.6220095693779906,0.45161290322580633,0.0,0.0,0.6,0.5999999999999999,0.835579514824798,0.0
0.0,0.5829596412556054,0.6034482758620692,0.44943820224719094,0.0,0.08695652173913045,0.6224066390041494,0.6034482758620688,0.831353919239905,0.0
0.0,0.5859375000000001,0.5859375000000002,0.4455445544554455,0.0,0.14388489208633096,0.6506849315068494,0.6037735849056602,0.826271186440678,0.0
0.0,0.5862068965517243,0.5693950177935945,0.44052863436123346,0.0,0.18292682926829273,0.6798866855524079,0.6020066889632104,0.8206106870229009,0.0
0.0,0.5846153846153848,0.5537459283387625,0.4347826086956522,0.0,0.2105263157894737,0.7075471698113206,0.5988023952095807,0.8145580589254766,0.06134969325153375
0.0,0.5817174515235458,0.5389221556886229,0.4285714285714287,0.0,0.23041474654377883,0.7258064516129031,0.5945945945945945,0.8082408874801903,0.10526315789473686
0.0,0.5896805896805898,0.5248618784530388,0.4220779220779222,0.0,0.24489795918367352,0.7381370826010544,0.5896805896805895,0.8057553956834533,0.13761467889908258
0.0,0.5947136563876653,0.5115089514066498,0.4154302670623146,0.045454545454545435,0.25547445255474455,0.7465007776049767,0.5842696629213481,0.8026315789473685,0.16194331983805668
0.0,0.5976095617529881,0.498812351543943,0.4087193460490464,0.07999999999999997,0.26315789473684215,0.7520891364902508,0.5785123966942146,0.8023952095808383,0.18050541516245486
0.0,0.5989110707803993,0.48672566371681414,0.40201005025125636,0.10676156583629891,0.2686567164179105,0.7556675062972292,0.5725190839694654,0.8043478260869565,0.19480519480519476
0.034965034965034954,0.6065573770491803,0.4752066115702479,0.3953488372093024,0.1277955271565495,0.2724795640326975,0.7577497129735937,0.566371681415929,0.805168986083499,0.20588235294117646
0.06269592476489025,0.6119402985074627,0.4642166344294003,0.40254237288135597,0.14450867052023117,0.275,0.7586933614330875,0.568181818181818,0.8051235132662395,0.21447721179624665
0.08498583569405095,0.6216216216216216,0.45372050816696907,0.40776699029126223,0.15789473684210523,0.2764976958525346,0.7587548638132297,0.5688622754491016,0.8044030482641829,0.22113022113022116
0.10309278350515458,0.6341463414634146,0.4436860068259385,0.4114490161001789,0.16867469879518068,0.2771855010660981,0.7581227436823106,0.568654646324549,0.8031496062992126,0.22624434389140274
0.11792452830188674,0.6483516483516484,0.44374009508716317,0.41390728476821187,0.17738359201773835,0.2772277227722772,0.7569386038687973,0.5677419354838708,0.8014705882352942,0.23012552301255235
0.13015184381778735,0.6593406593406594,0.4431314623338256,0.41538461538461524,0.18442622950819673,0.27675276752767525,0.7553107789142409,0.5662650602409636,0.8013698630136986,0.23300970873786414
0.1402805611222444,0.6715063520871144,0.441988950276243,0.41606886657101855,0.19011406844106463,0.27586206896551724,0.7533234859675039,0.5643340857787809,0.8007687379884689,0.23508137432188067
0.14869888475836424,0.6842539159109646,0.4404145077720207,0.4161073825503355,0.19469026548672563,0.27463651050080773,0.7510431154381088,0.56203605514316,0.7997594708358389,0.2364864864864865
0.15570934256055358,0.6971514242878561,0.438489646772229,0.423412204234122,0.19834710743801648,0.27314112291350523,0.7485226526592255,0.5594405594405594,0.79841449603624,0.23734177215189878
0.16155088852988686,0.7074175824175825,0.4362801377726751,0.4362801377726751,0.20123839009287922,0.2714285714285713,0.7458048477315105,0.5566037735849056,0.7967914438502675,0.23774145616641904
0.16641452344931915,0.7156428119062699,0.4338394793926248,0.44680851063829785,0.20348837209302323,0.2695417789757411,0.7429245283018869,0.5535714285714286,0.7949367088607596,0.2377622377622378
0.17045454545454541,0.7242990654205608,0.431211498973306,0.45544554455445546,0.2051983584131327,0.26751592356687887,0.7417735638594536,0.550381033022862,0.7928880345987508,0.23746701846965704
0.17379679144385024,0.7313109425785482,0.4284323271665044,0.46253469010175763,0.20645161290322578,0.26537997587454754,0.7403490216816501,0.5470635559131134,0.790676416819013,0.23690773067331677
0.17654476670870112,0.7386934673366834,0.4255319148936171,0.4683434518647008,0.2073170731707317,0.263157894736842,0.7386934673366836,0.5436447166921898,0.7883275261324044,0.23612750885478165
0.17878426698450534,0.7447306791569086,0.42794759825327516,0.4730831973898858,0.20785219399538102,0.2608695652173912,0.7368421052631581,0.5401459854014597,0.785862785862786,0.23516237402015683
0.1805869074492099,0.7496711968434897,0.42975206611570255,0.4769230769230769,0.20810514786418394,0.2585315408479833,0.73482428115016,0.5365853658536586,0.7844690966719494,0.23404255319148942
0.18201284796573877,0.7537067545304779,0.4310344827586208,0.48,0.20811654526534853,0.25615763546798015,0.7326646314871349,0.5329780146568953,0.7840180927252169,0.23279352226720657
0.18311291963377416,0.7569875776397517,0.43186895011169024,0.48242591316333555,0.20792079207920788,0.25375939849624046,0.7303839732888148,0.5293367346938775,0.783327344592167,0.23900573613766735
0.18393030009680544,0.7596330275229358,0.43231750531537916,0.4879635653871176,0.20754716981132068,0.2513464991023338,0.729374252690315,0.5256723716381417,0.7824296499656832,0.24434389140271498
0.18450184501845024,0.7617391304347827,0.43243243243243246,0.4926108374384235,0.20702070207020695,0.24892703862660934,0.7294832826747722,0.5219941348973607,0.7813525935653318,0.24892703862660945
0.18485915492957752,0.7633840052875084,0.432258064516129,0.4964953271028037,0.20636285468615642,0.24650780608052578,0.7305605786618449,0.5183098591549296,0.7801195344447942,0.2528548123980424
0.18502943650126163,0.7656102918104802,0.4318322023442319,0.4997223764575236,0.21224489795918358,0.24409448818897622,0.7324621733149934,0.514626218851571,0.7787503773015395,0.25621118012422356
0.18503620273531785,0.7683144729005361,0.4347826086956521,0.5023796932839768,0.217391304347826,0.24169184290030196,0.7339449541284406,0.5109489051094891,0.7772621809744781,0.25906735751295334
0.18489984591679515,0.7714043515117266,0.43721973094170397,0.5045408678102927,0.22189349112426024,0.2393038433647569,0.7361197754210859,0.5072827724761426,0.7756696428571429,0.2614840989399293
0.18463810930576077,0.7747989276139411,0.43920728441349755,0.506268081002893,0.2258292166549046,0.23693379790940747,0.7378756322523063,0.5036319612590799,0.7739854877721043,0.2635135135135135
0.18426647767540758,0.7776644569097401,0.4407995899538697,0.5101102941176471,0.22926500337154407,0.2345844504021446,0.7402155416903011,0.5,0.7722207825861622,0.26520051746442436
0.18379850238257325,0.7800729040097206,0.44204322200392915,0.5133830627468188,0.23225806451612896,0.23225806451612888,0.7421451787648976,0.4963898916967509,0.7703851925962981,0.26658400495970247
0.18324607329842943,0.7827698008337194,0.4429783223374174,0.5161561057490558,0.23485784919653888,0.22995649471721552,0.743715988598083,0.49280418665503706,0.7684871918801354,0.26769779892920886
0.18261964735516384,0.7856985212977268,0.4436396559529197,0.5184887459807074,0.24174528301886786,0.22768124625524255,0.7449714427613614,0.48924504428511173,0.7665342369712549,0.2685714285714286
0.18192844147968476,0.7881981032665963,0.44405746626033943,0.5224740683826354,0.24788732394366192,0.22543352601156058,0.7459485224022885,0.48571428571428565,0.7645329111060845,0.2733734281027884
0.18118059614260676,0.7903225806451611,0.4442581726739311,0.5259286502390584,0.25336927223719674,0.22765130483064952,0.747428571428572,0.48221343873517786,0.7624890446976336,0.2776322682032478
0.18038331454340484,0.7926711668273867,0.4442649434571888,0.5289139633286318,0.25826446280991733,0.22957821676454873,0.7486278814489578,0.4787437763309077,0.7604078164825827,0.28140703517587945
0.1795429815016323,0.7952029520295203,0.4440981690689519,0.5314827352742045,0.26263627353815655,0.23124357656731748,0.7495777027027034,0.4753063497957668,0.7582938388625592,0.2847490347490348
0.17866526537046779,0.7973833097595474,0.4437758555848061,0.5336804425642695,0.2665397429795335,0.23267326732673257,0.7503050020333476,0.47190201729106623,0.7567891373801917,0.28770301624129935
0.1777552056881667,0.7992533514339046,0.4433139534883718,0.5371642723297939,0.2700228832951944,0.23389021479713595,0.7508331699666739,0.4685314685314685,0.7552285050348567,0.2903081732916481
0.17681728880157183,0.8008481487522426,0.44272663387210087,0.5417539658784795,0.2764370337867485,0.23491478581298933,0.7511825922421956,0.465195246179966,0.7536177410261229,0.2925989672977625
0.1758555133079849,0.8021978021978021,0.44202652159129513,0.5458201666187877,0.28222409435551804,0.23576512455516008,0.7519620368680424,0.4618937644341802,0.7519620368680415,0.2946058091286307
0.1748734468476761,0.8033282904689865,0.44122489298649953,0.5494202098288239,0.28744939271255054,0.2364574376612209,0.7525555163905542,0.458627325208467,0.7502660517914154,0.2963556267521026
0.17387427552385207,0.8042621515107286,0.440331844288449,0.5526036131774709,0.2921698480716789,0.23700623700623696,0.7529812606473603,0.45539613225202746,0.7485339772335289,0.29787234042553196
0.17286084701815047,0.8050190328492881,0.43935643564356414,0.5554133606347582,0.29643527204502806,0.2374245472837022,0.7532553156419984,0.4522003034901366,0.7467695922134587,0.3019008572493478
0.17183570829840744,0.8056161395856053,0.438306814770339,0.559113300492611,0.30028943560057875,0.2377240841777085,0.7533918595371117,0.44903988183161014,0.7449763110602845,0.3055355859094177
0.1708011386742579,0.8060686015831136,0.43719032352083914,0.5635803930854844,0.30377094972067026,0.23791540785498486,0.7539008187857261,0.445914844649022,0.743157224697645,0.30881332408049966
0.16975917883932098,0.8067398519274955,0.43601359003397483,0.5675860496922728,0.3069139966273186,0.23800805565726835,0.7542651900628563,0.44282511210762343,0.741315136476427,0.31176667784109957
0.16871165644171782,0.8072691309185314,0.4347826086956519,0.572242929182197,0.30974894033257244,0.23801065719360565,0.7544979686593161,0.439770554493308,0.7394525933766825,0.3144246353322528
0.16766020864381526,0.8076692630317556,0.43350280974043315,0.576435810810811,0.3123028391167191,0.23793103448275857,0.754610727861468,0.43675099866844225,0.7380671773718327,0.3168130489335006
0.1666063020644694,0.8079516391536854,0.4321791200208277,0.580211726384365,0.31459987782529003,0.23777628935030135,0.7546138072453872,0.4337662337662339,0.7371289258568766,0.31895504252733897
0.16555125044029592,0.8081264108352147,0.43081601621895566,0.5836117115346828,0.3166617342408995,0.23755287992190038,0.7545164718384707,0.43081601621895604,0.7366071428571429,0.3208713570797762
0.16449623029472246,0.8082026537997592,0.429417571569595,0.5866717296373649,0.3205495134516312,0.23726668775703885,0.754327047274607,0.42790007420232506,0.736470907364709,0.3225806451612902
0.16344229486324224,0.8081885062373393,0.4294625719769671,0.5894234300403969,0.32409972299168954,0.23692307692307688,0.7540530350634671,0.42501811156725433,0.7366895097522402,0.32409972299168965
0.16239038648911996,0.8080912863070544,0.4294049008168026,0.5918947742623536,0.3273410249530451,0.2365269461077844,0.753701211305519,0.42216981132075476,0.7372328170997055,0.3254437869822484
0.16134134767478656,0.807917592405575,0.4292527821939585,0.5949105914718021,0.3302990897269179,0.23608277470125327,0.7532777115613835,0.41935483870967744,0.7376539370568478,0.3266266004703422
0.1602959309494452,0.8076733890801774,0.42901371074745676,0.5976360912269022,0.3347596274855271,0.2355946636389441,0.7527881040892203,0.41657284395406446,0.7379627389305589,0.32766065532131045
0.15925480769230774,0.8073640809281813,0.42869452822059445,0.6000967898048074,0.33885909312530454,0.23506637168141595,0.752237453268382,0.41382346467092235,0.7381681186720038,0.3285573122529643
0.15821857603281575,0.8069945763979804,0.4283014906571487,0.6023153942428038,0.3442584296156565,0.23662274805055125,0.7516303747098494,0.4111063280241067,0.7382781153272957,0.3293269230769229
0.15718776793369538,0.8065693430656937,0.42784032753326484,0.6043121773458855,0.3507972665148062,0.23803295840962593,0.7509710832973681,0.4084210526315789,0.7383000111694404,0.3299789375146266
0.15616285554935863,0.8060924556871829,0.4285429539565475,0.6061052942043949,0.3568281938325989,0.23930753564154789,0.7502634351949429,0.40576725025746646,0.738240418118467,0.330521996808753
0.15514425694066414,0.8058066759388041,0.4291262135922328,0.6083595762954482,0.36239607759539527,0.2404561229548835,0.7495109646865035,0.4031445273130417,0.738105352591334,0.33096401599289194
0.154132341217114,0.8056992621490969,0.42959878879636615,0.6104004449388212,0.36892003297609216,0.2414875633904854,0.7487169165744196,0.4005524861878453,0.7379003005492799,0.3313122563880466
0.15312743316895924,0.8057577763070815,0.4299686288983205,0.6122448979591839,0.3762691618554647,0.24240997881854554,0.7478842747490659,0.39799072642967537,0.7376302742082366,0.33157338965153105
0.15212981744421902,0.8057484256418538,0.43024302430243005,0.6144957983193279,0.38431975403535734,0.2432308398347866,0.7470157874470551,0.3954588457899716,0.7372998616327339,0.3317535545023696
0.15113974231912783,0.805675995270004,0.43042867182009814,0.6165432729129436,0.3929564411492121,0.2439570277529096,0.7461139896373065,0.39295644114921224,0.7369132702337263,0.33185840707964587
0.15015742310486796,0.8055448594532153,0.4305317324185246,0.6184030795976655,0.40207290922087185,0.2445948897139113,0.7451812229087896,0.39048310933527064,0.7364743650269099,0.33189316575019623
0.14918304522851053,0.8055660022564876,0.43055788239236026,0.6200894476006287,0.4104863746119349,0.24515028778512044,0.7442196531791913,0.38803844784620856,0.7359867023732574,0.3318626510646459
0.1482167670217693,0.8057289753947852,0.4315135665250079,0.621615257829056,0.4182636227295448,0.24562864279766863,0.7432312864979655,0.3856220554876984,0.7354535598120712,0.3317713214620429
0.14725872224739464,0.8058266360505166,0.43235481812380316,0.623495702005731,0.42546333601933906,0.24603497356649046,0.7422179831787052,0.3832335329341317,0.734877962504422,0.3316233052400145
0.14630902238971402,0.8058633749473979,0.43308926624084715,0.6252093334821931,0.4330892662408473,0.24637393204848,0.7411814704632391,0.38087248322147643,0.7342627067278557,0.33142242923683246
0.14536775873291385,0.8058432206295865,0.43372393851772906,0.626768226332971,0.44015676816400345,0.24664983491940173,0.7401233538923161,0.37853851217906503,0.7338983050847462,0.33117224461187994
0.14443500424808836,0.8057698758805769,0.43426531826293835,0.6281833616298815,0.4475871118238809,0.2468666919863273,0.7390451275343368,0.37623122880671717,0.7337700024873564,0.33087605006000315
0.1435108153078203,0.8058271540127304,0.4347193951730151,0.6299131154323545,0.4544812985179956,0.24702823179791966,0.7379481832036583,0.37395024560291545,0.7335876004219756,0.33053691275167757
0.14259523324506013,0.8058302298702966,0.43509171050760664,0.6314939977806925,0.460886214442013,0.2471379247683081,0.7368338187829654,0.3716951788491446,0.7333545208962343,0.33015768725361333
0.14168828577130319,0.8057825267127592,0.43623228674631803,0.6329363126291961,0.4668435013262598,0.24719900409034315,0.7357032457496143,0.3694656488549618,0.7330739299610899,0.3297410326524044
0.14078998826750105,0.8056872037914691,0.4380849043808486,0.6342494714587742,0.47239026901789144,0.2472144846796656,0.7345575959933229,0.36826347305389223,0.7327487609607325,0.32928942807625616
0.13990034495975479,0.8055471811878202,0.43979335011259735,0.6358435712276098,0.47755969496187,0.24718718036140463,0.7333979280017895,0.3680351906158358,0.7323817352963161,0.32880518678604476
0.1390193499906069,0.8053651619002599,0.44136681335749384,0.6373042761651865,0.4823815309842039,0.24711971948572373,0.7324747548660917,0.3677632524062635,0.7319753810082067,0.32829046898638387
0.13814698839565306,0.8051436515291936,0.44281376518218585,0.6386404293381038,0.4868825336799809,0.24701455913626688,0.7315320494394949,0.36745037308179646,0.7317773788150811,0.3277472934895443
0.13728323699421977,0.8048849758591309,0.44414202647531825,0.6402305878242641,0.49108683151236326,0.24687399807630636,0.7305710453871681,0.367099089152636,0.731535591072309,0.3271775483495706
0.1364280652019845,0.8045912965955311,0.44535882851264647,0.6420532060027285,0.49501623922051713,0.24670018856065354,0.729592898259242,0.3667117726657646,0.731252589421351,0.3265830005704502
0.13558143577264048,0.8042646254784034,0.44647086688773074,0.6440875426479155,0.4986905281536444,0.24649514712679083,0.7285986913849516,0.3662906436629065,0.7309307681885927,0.3259653049804137
0.1347433054750129,0.8039068369646881,0.44748434964062117,0.6459738360282766,0.5021276595744678,0.2462607644659313,0.7275894412434684,0.3658377815388622,0.730799893701834,0.3253260123541519
0.13391362571141624,0.8035196796459245,0.44908142435926496,0.6477218606127958,0.505343986717858,0.24599881446354463,0.7265661023647987,0.36535513541134407,0.730849400729547,0.32466657685571826
0.1330923430824845,0.803104786545925,0.45056042614582154,0.6493405740884408,0.5083544303797466,0.2457109624890956,0.7255295718079943,0.3648445336008026,0.7308503162333102,0.323988362866966
0.13227939990321028,0.802663684424563,0.4519282998370448,0.6508382007130397,0.5117060160031609,0.24539877300613488,0.7244806932585708,0.36513400540939284,0.7308053901598248,0.3232926512594127
0.1314747346744813,0.8021978021978023,0.453820809862897,0.6522223046672109,0.5148476667952177,0.24506371656630715,0.7234202607823478,0.3653683829735924,0.7309276449253092,0.3225806451612899
0.1306782825140013,0.8017084785703767,0.45558560432702283,0.6537987083665918,0.5177932592732063,0.24470717624415717,0.7225647348951919,0.3655506920619901,0.7310012062726179,0.3218534752661236
0.12988997555012227,0.8011969689656839,0.45723014256619116,0.6552605423825075,0.5205555044605902,0.2443304535637148,0.7219056855376417,0.36568377060599044,0.7310287676098025,0.3211122047244091
0.12910974328178954,0.8006644518272428,0.4593463531287363,0.656614785992218,0.5231460674157301,0.24393477396261426,0.7212254872742453,0.365770282588879,0.7310128421174968,0.32035783365570564
0.12833751290750847,0.8001120343572032,0.4613283916902367,0.6578678821688551,0.5255756723501491,0.24352129183487423,0.7205252975318058,0.3658127307305071,0.7311509068096271,0.3195913033147198
0.1288547850007239,0.7995407577497132,0.4631840320886254,0.6590257879656162,0.527854195323246,0.2430910951893551,0.7198062060214565,0.36581346808744397,0.7314343276064692,0.3188134999416089
0.12933484934621944,0.7989516019702655,0.4649204864359211,0.660094019326195,0.5299907461933202,0.24362677382895884,0.7190692395005682,0.36577470867501105,0.731667124416369,0.3180252583237655
0.12977951437343008,0.7983454901263122,0.4665444546287805,0.6610776910277745,0.5319937412501027,0.2450738916256157,0.7183153661397537,0.36569853720585144,0.7318520116492286,0.3172273650937003
0.13019048924215432,0.7977232924693521,0.46806216871799444,0.66223504327104,0.5338709677419353,0.24643633727953604,0.7177401626731155,0.36558691802937215,0.7319915254237286,0.31642056178527783
0.1305693902274869,0.7972076187192969,0.46947943274905274,0.6633060797934471,0.5356296413335438,0.2477183833116036,0.7171444023796651,0.36544170334732334,0.7320880378791819,0.3156055476684501
0.13091774662787625,0.7967941650411333,0.470801658604008,0.6642956175779134,0.5372764573817449,0.2489240432709084,0.7165291455948899,0.36526464077279147,0.7321437701313972,0.3147829823807475
0.13123700623700624,0.796360449100547,0.47203389830508447,0.6654453046510257,0.5388176367913788,0.250057090659968,0.7158953933232014,0.36505738029283746,0.7321608040201006,0.3139534883720927
0.13152854041629422,0.7960239875133495,0.473180873180873,0.6665121131331869,0.5402589671082006,0.2511210762331838,0.715244091237486,0.36482148068878306,0.7321410927773936,0.3131176531779878
0.13179364880130537,0.7956658850165765,0.47424700024487776,0.6675005685694797,0.5416058394160584,0.25211934382913126,0.7145761333604392,0.36455841546263523,0.7320864707311151,0.3122760315347595
0.13203356367226057,0.795400286487347,0.47523641609232237,0.6686370733883565,0.5428632815297573,0.25305504487942027,0.7138923654568211,0.364269578313253,0.7319986621434376,0.3114291473493244
0.13224945401601548,0.7951118248403903,0.4761529985833462,0.6699114076342563,0.544394492835066,0.2539311517212069,0.7131935881627622,0.36395628820151876,0.7318792892732916,0.31057749553482805
0.1324424293043789,0.7948015888319002,0.4770003865481249,0.6713136729222525,0.5461808664508574,0.2547504698266861,0.7124805598755833,0.3636197940399161,0.7317298797409808,0.3097215437225205
0.1326135430113836,0.7944706061066383,0.47778199772123026,0.6728343145500425,0.5478619198811051,0.2555156490507952,0.7117539994252325,0.3632612790384787,0.7315518732644424,0.30886173385932814
0.13276379589009463,0.7941198473853519,0.4785010450880856,0.6742615598742209,0.5494432661717922,0.25622919398769284,0.7111845210004722,0.3628818647360056,0.7313466278288149,0.30799848369977234
0.13289413902771463,0.7937502303128571,0.47916055180510675,0.6756005056890018,0.5512578820776183,0.25689347351715924,0.710598521136586,0.3630678363588986,0.7312662638380453,0.3071321882001492
0.1330054766960992,0.7933626229984387,0.47976336483659154,0.6768558951965071,0.5532891381947987,0.25751072961373384,0.7099967914928729,0.36321681907529274,0.7313050648843367,0.30626322082222
0.1330986690133098,0.7929578472768911,0.4807146908678385,0.6780321480759868,0.5552082030761537,0.25808308548402564,0.7093800831375388,0.36333052985702274,0.7313114053823153,0.30539193475305826
0.1331745344304893,0.7925366817155757,0.4816002230275994,0.6791333875364679,0.5570210416538863,0.2586125530910806,0.7087491090520317,0.3634105960264901,0.7314304930850394,0.30451866404715106
0.13323385205713056,0.7920998643902779,0.48242307955869224,0.680345572354212,0.5587332169305799,0.25910104011887064,0.7082638096074473,0.36345856083448785,0.7315155778062808,0.3036437246963561
0.1332773638367089,0.7916480954503378,0.483186198530898,0.6814828476576912,0.5603499231587659,0.25955035642478513,0.7079186499350932,0.36347588863034586,0.7315682281059064,0.3027674156328618
0.1333057765836519,0.7911820394914797,0.48389235052366397,0.6825490284886093,0.5618760157882517,0.25996222002338754,0.7075532051008661,0.36346396965865996,0.7317268754260053,0.30189001966988777
0.1333197638917158,0.7907023277529516,0.4845441502543364,0.6837188612099646,0.5633160385426763,0.26033826264057375,0.7071683834349384,0.3634241245136187,0.7319864256964723,0.30101180438448544
0.13331996792301518,0.7902095601539626,0.4851440672527752,0.684817760685255,0.5646742479412918,0.2606800348735832,0.7069158413790249,0.3633576082790342,0.7322094468614047,0.30013302294645805
0.13330700108620513,0.7897043071829661,0.4856944356723298,0.6858492591797297,0.5662246189401859,0.26098901098901095,0.7066416142472022,0.36326561437957866,0.7323975981948216,0.2992539148971056
0.13328144761163532,0.7891871116520404,0.48619746331758257,0.6868166659631055,0.5679546068630099,0.26126659338801045,0.7063466494845361,0.3631492781663939,0.7325524462355467,0.2983747068812159
0.13324386503067479,0.7886584903274751,0.48665523996082255,0.6877230845853742,0.5698519658301056,0.26151411676522024,0.7060318468808323,0.36300968025814034,0.7326754711381511,0.29749561333546
0.1331947855658416,0.788118935446632,0.48706974501175465,0.688571428571429,0.571904786707641,0.2617328519855595,0.7056980614842372,0.36284784965666794,0.7327680725093196,0.2966168371361131
0.13313471743785488,0.7875689161302247,0.48744285459834935,0.6893644357008073,0.57410152855171,0.2619240097008892,0.7053461063040789,0.3626647666547916,0.7328315747776298,0.29573857020880207
0.1330641460952555,0.7870088796983337,0.48777634811089005,0.690104681019159,0.5764310439973912,0.2620887437265992,0.7049767548205165,0.3624613655521214,0.7328672321396885,0.2948609941027799
0.13298353537181104,0.7865269730719584,0.48807191425607915,0.6909415925076754,0.5786467054072687,0.2622281541964356,0.7045907433169153,0.3622385371935171,0.7329952788949119,0.2939842805320433
0.13367792531859898,0.7860339666261599,0.48833115666344884,0.6917252982563479,0.5807543520309476,0.2623432905123046,0.7041887730493821,0.3619971313434875,0.7332115908072909,0.2931085918854413
0.13434015277899722,0.7855303207679704,0.48855559908220925,0.6924582267048024,0.5829851879984808,0.26243515410436374,0.7037715122665688,0.3617379589087235,0.733396713296211,0.2922340817077657
0.1349714483474649,0.7850164749407483,0.4887466902030007,0.6931426666172715,0.5853294808463043,0.2625047010154193,0.7033395980916578,0.3614617940199335,0.733551971086273,0.29136089515367264
0.13557298772169166,0.7844928487824376,0.4889058081357405,0.6937807769469272,0.5877778794254871,0.2625528443224801,0.7028936382773749,0.3611693759832197,0.7336786197341078,0.2904891694161524
0.13614589461299267,0.7839598432080316,0.48903426457182675,0.6943745958761409,0.5903214221583767,0.26258045640725564,0.702434212843907,0.3608614111103925,0.7337778500569201,0.28961903413114265
0.13669124347609973,0.7834178414219649,0.4891333086563374,0.6949260491118822,0.5929515418502203,0.2631389229327373,0.7019618756087377,0.36053857443685783,0.7338507922252874,0.28875061175977046
0.13721006207121855,0.7828672098656686,0.4892041305935119,0.6954369575068852,0.5956600674332152,0.26420454545454536,0.7014771556166263,0.36020151133501255,0.7338985195495386,0.28788401794960283
0.13770333387018843,0.7823082991050788,0.48924786500668777,0.6959090440696601,0.5984392230044957,0.26522043386983896,0.70098055847725,0.3598508390304536,0.7339220519861457,0.2870193618761929
0.13817200031763677,0.7817414446624913,0.4892655940719687,0.6963439404197704,0.6012816245006658,0.26618853872146736,0.7004725676173874,0.35948714802772824,0.7339223593879879,0.2861567465661189
0.13861696295716183,0.7811669677967906,0.4892583504431869,0.6967431927389223,0.604180274330503,0.26711071841228834,0.6999536454539431,0.35911100345182567,0.733900364520049,0.28529626920263335
0.13903908543179355,0.7805851762357519,0.4892271199841866,0.6971082672632175,0.6071285542651182,0.2679887444727321,0.6994242344935877,0.35872294631113216,0.733856945860064,0.28443802141496405
0.139439195367266,0.7799963648638126,0.4891728443230589,0.6974405553573174,0.6101202168617899,0.2688243064729193,0.698884758364312,0.3583234946871309,0.7337929402017935,0.2835820895522387
0.13981808614598207,0.7794008163684444,0.489096423241708,0.6977413782071797,0.6131493756744257,0.26961901660696835,0.6983356227837584,0.357913144855727,0.7337091450769639,0.28272855494294125
0.14017651857895125,0.7787988018479974,0.48899871691298774,0.698011991164406,0.6162104944805685,0.27037441397469647,0.697777216468805,0.3574923723447123,0.7336063210104393,0.28187749414074853
0.14051522248243556,0.7781905813836734,0.48888054799662195,0.6982535877720023,0.6192983757324038,0.27109196858373436,0.6972099119905122,0.35706163293154414,0.7334851936218683,0.28102897915753877
0.14083489816553513,0.7775764045780683,0.48874270360418787,0.6984673034984805,0.6224081484176064,0.27177308509309,0.6966340665782246,0.3566213635853082,0.7333464555858622,0.28018307768431455
0.14113621783448566,0.7769565110625448,0.4885859371425957,0.6986542192046566,0.6255352554952897,0.27241910631741134,0.6960500228763151,0.3561719833564493,0.7331907684616885,0.2793398533007333
0.14141982691901778,0.7763311309755153,0.48841097004472955,0.6988153643652038,0.6286754410529263,0.2730313165095773,0.6954581096567944,0.3557138942175938,0.7330187644025025,0.2784993656738957
0.14168634532573965,0.7757004854135631,0.4882184933952159,0.6989517200649649,0.6316765706041974,0.2736109444377774,0.6949703348141079,0.3552474818585509,0.7329232936841255,0.27766167074699927
0.14193636862314862,0.7751366769669603,0.48800916945864914,0.6990642217881828,0.6345460062712835,0.2741591662719089,0.6944731024318346,0.3547731164383562,0.7328105344859894,0.2768268209184273
0.1421704691625482,0.77456674583206,0.48778363311702433,0.6992604529366071,0.6372906045156591,0.27467710829291087,0.693966773535412,0.35429115329702293,0.7326811210999478,0.27599486521180977
0.14238919713884612,0.773990927067582,0.4875424932225997,0.6995370501860331,0.6400546110587394,0.275165849437554,0.6934516947198521,0.3538019336294748,0.7325356601703336,0.27516584943755384
0.14259308159492995,0.7734793915264769,0.487524971309559,0.6997869238533149,0.6426997860860125,0.27562642369020496,0.6930354496751393,0.353305785123967,0.7323747321682119,0.27433981634631815
0.1433504919528246,0.772961158417194,0.4874874034262678,0.700011071744908,0.6452321204516939,0.2760598223321713,0.6926089774296258,0.3528030225671398,0.7322858746110295,0.2735168057748701
0.14407924358397112,0.7725051237584739,0.4874305152244252,0.7002104457623886,0.6476572133168927,0.2764669960584022,0.6921726530498507,0.3522939484177056,0.7322665994708334,0.27269685478474215
0.14478028956057903,0.7721096012474937,0.4873550026642618,0.7003859544951563,0.6499803036271629,0.2768488569705607,0.6917268367965604,0.3517788533506313,0.7323144322198442,0.27187999779407684
0.14545454545454536,0.7717728965167769,0.4874888654951816,0.7005384656394955,0.652206298602628,0.27720628045479145,0.691271874829635,0.35125801677355706,0.7323431044658673,0.2710662667030268
0.14610289110381963,0.7714267035673034,0.4875999999999998,0.7006688082574132,0.6543397995663134,0.27754010695187153,0.6908080998732707,0.3507317073170732,0.7324361092216507,0.2702556910130541
0.14672617228098053,0.7710713515843929,0.48768920681342115,0.7007777748874969,0.6565030692527166,0.27785114362685526,0.6903358318440074,0.35020018330037145,0.7325093003720156,0.2694482979404544
0.1473252022702571,0.7707071568711078,0.4877572538758931,0.700960994912381,0.6586928178674681,0.27814016594478924,0.6899554101474893,0.349663693173687,0.7325633789456217,0.26864411252441
0.14790076335877853,0.7703344234623902,0.48780487804878025,0.7012156434789241,0.6607929515418505,0.2784079191585892,0.6896641703415702,0.34912247593885637,0.7325990157018991,0.2678431577298594
0.14845360824742257,0.7699534437044613,0.48783278663513596,0.7014465140765636,0.6628076047296373,0.2786551197147222,0.6894594245903755,0.34857676154923,0.7326168527354433,0.26704545454545436
0.14898446138625376,0.7695644988017517,0.48784165881244085,0.7016544481870429,0.664740664740665,0.27888245658192784,0.6893384697808506,0.3480267712900992,0.7326175049795103,0.26625102207686
0.1494940202391903,0.7691678593334694,0.487832146983192,0.701930369681698,0.666702096564186,0.2790905925078353,0.6892028254288598,0.34747271814072417,0.7326015616159337,0.2654598776356372
0.14998295648221782,0.7687637857417484,0.48780487804878014,0.702182688356579,0.6685848809835211,0.2792801652079849,0.6890529887236803,0.346914807118981,0.732645802107336,0.2646720368239354
0.15045191713916795,0.7683525287931895,0.4877604546116855,0.702412228325771,0.6703925002575463,0.2794517884914462,0.6888894371931209,0.3463532356095817,0.7327481371746971,0.2638875136152093
0.15090152565880713,0.76799555934421,0.48790148350856943,0.7026197781449146,0.6721282369949528,0.2796060533269275,0.6887126296522269,0.3457881936767632,0.7328321021112915,0.26310632043116106
0.15133238293672543,0.7676914323831195,0.4880219271704691,0.7028060926966955,0.6737951882479327,0.2797435288530038,0.6885230070976774,0.34521986436228397,0.7328983190009082,0.2623284682150995
0.15174506828528067,0.7673786407766988,0.4881224705261301,0.7029718949576933,0.6753962784286699,0.2798647633358375,0.6884118531961125,0.3446484239695185,0.7329473841618429,0.26155396650189555
0.15214014035463647,0.7671169699648338,0.4882037720091861,0.7031178776552109,0.6769342711617754,0.27997028507753713,0.6883767061824021,0.3440740423343902,0.7329798694577645,0.26078282348470444
0.15251813800773176,0.7669049973377954,0.488266464799394,0.7033274009326642,0.6784117801735473,0.2800606032780862,0.6883262484234128,0.34349688308383863,0.7329963235294125,0.2600150460786157
0.15287958115183242,0.7667413024253483,0.48831115799503144,0.7035164688328183,0.6798312793081509,0.2801362088535752,0.6882609800614559,0.3429171038824763,0.7329972729526493,0.2592506399813823
0.15322497152914377,0.7666244694318264,0.4883384377208626,0.7036857633537372,0.6811951117513126,0.2801975752132912,0.6881813818481017,0.34233485666805147,0.7329832233279532,0.2584896097313735
0.15355479346880274,0.766495965810706,0.4883488681757653,0.7038359385204868,0.6825054985337243,0.28024515899804553,0.6880879160636757,0.3417502878762954,0.733023443815684,0.25773195876288657
0.1543053728624911,0.7663561623858394,0.48834299262381414,0.7039676217950106,0.6837645463789402,0.2802794007819705,0.6879810273850008,0.34116353865570165,0.7330481368942916,0.2569776894589467
0.1550310062012402,0.7662054159375055,0.48832133433234476,0.7040814154016488,0.6849742549539709,0.2803007257398633,0.6879454601797332,0.34057474507275,0.7330578022108414,0.25622680320171703
0.15573243684184498,0.7660995161664672,0.4882843974602761,0.7041778975741249,0.6861365235749471,0.280309544282029,0.6878955782834364,0.3399840383080606,0.7330529198865312,0.25547930042063305
0.15641038173908783,0.7659822596034913,0.4882326678997381,0.7043338817502143,0.6872531574150427,0.28030625265844294,0.687831834434933,0.33939154484393513,0.7330339514536804,0.2547351806383724
0.15706553257297495,0.7658539997901288,0.48816661407383993,0.7044719550126689,0.6883258732572333,0.28029123353394186,0.6877546643791547,0.338797386643715,0.7330013407393228,0.25399444251476194
0.15769855681926784,0.7657150771254954,0.4880866876932201,0.7045926891886392,0.689356304830356,0.2802648565360426,0.687664487647508,0.33820168132336426,0.7329555146989147,0.25358892804951416
0.15831009876659885,0.765565819465629,0.4879933244738383,0.7047703500675151,0.6903460077632619,0.2802274787768891,0.6875617082956954,0.3376045423156602,0.7329607262087858,0.2535091450446617
0.15890078048324524,0.7654065426903758,0.48805846915996404,0.7050029898345631,0.6912964641885764,0.2801794453507337,0.6874467156016715,0.33700607902735563,0.7329522253981225,0.2534203325615658
0.1594712027364333,0.7652375512398358,0.488107486533922,0.7052886795056283,0.6922090870246402,0.2801210898082741,0.6873198847262245,0.33640639698965197,0.7329304359007337,0.2533227782175741
0.16002194586686164,0.7650591386222613,0.4881408720651649,0.7056255116759587,0.6930852239615778,0.28005273460908436,0.6871815773384957,0.3358055980023108,0.7328957655315366,0.2532167601451665
0.1605535706209578,0.7648715878951615,0.48815910370787474,0.705941319350735,0.6939261611750693,0.27997469155330557,0.687032142208591,0.3352037802717071,0.732848607011735,0.2534176698632931
0.16106661894322394,0.7647260329837037,0.48816264264969006,0.706306237608663,0.6947331267892859,0.2798872621936895,0.6868719157692841,0.3346010385431143,0.7327893386545049,0.25360416750797554
0.16156161473087807,0.7645709485655205,0.4881519340225341,0.7067184436736546,0.6955797466392903,0.27979073822902506,0.6867012226486761,0.3339974642274951,0.732718325013671,0.25377667652465824
0.16203906455285966,0.7644066169647711,0.4881274075777607,0.7071761416589007,0.6964641053114956,0.2796854018799153,0.6865203761755481,0.33339314552305765,0.7326359174976869,0.25393560636025625
0.16249945833513876,0.7642333106213056,0.48808947832768823,0.7076106390430028,0.697313951949795,0.27985570533510506,0.6863296788590273,0.3327881675318211,0.7325424549510609,0.254081353012567
0.16294327001415018,0.7640512925148709,0.488038547155456,0.708022677142389,0.6981304745718395,0.28001202736224884,0.6861294228440732,0.3321826123714246,0.7324966183244019,0.2542142995543499
0.16337095816006095,0.763860816567679,0.4879750013950109,0.7084129674371648,0.6989148087996458,0.2801547734206411,0.6859198903441969,0.33157655928239865,0.7324392601007111,0.2543348166334202
0.16378296657147642,0.7636621280266154,0.48789921538291464,0.7088467642705572,0.699668040710612,0.2802843357519057,0.6857013540527281,0.3309700847311085,0.73237071860309,0.25444326295002273
0.16417972484309387,0.7634554638262804,0.4878115509835566,0.7092586386326359,0.7003912095044081,0.2804010938924336,0.685474077533862,0.33036326250856757,0.7322913202527442,0.2548297376531609
0.16456164890772187,0.7632410529339719,0.48771235808925073,0.7096492758680865,0.7010853099994657,0.2805054151624546,0.6852383155946316,0.32975616382530737,0.7322575333443114,0.25519883932889403
0.16527579890087504,0.7630191166776528,0.4877525286400336,0.7100193343460853,0.7017512949716344,0.2805976551329708,0.6849943146388873,0.32914885740248384,0.7322124557655622,0.2555510549766175
0.1663109571940561,0.7627898690578695,0.48777895855472836,0.7103694467692627,0.7023900773465268,0.28067815807170887,0.6847423130042881,0.3285414095593877,0.7321564130311895,0.25588685572647085
0.16765560909561528,0.7625535170445346,0.4879396059657515,0.7107002214072038,0.7030025322561201,0.2807472573691771,0.6844825412832465,0.32793388429752074,0.7320897193869393,0.25620669745958435
0.16896415911776272,0.7623102608594212,0.4880843859877582,0.7110122432595174,0.7035894989693184,0.28080527594585186,0.6842152226287135,0.32732634338138933,0.732066741669176,0.2565110213997357
0.17023763147643145,0.7621056890597225,0.4882137514829519,0.7113060751531209,0.7041517827053989,0.28085252664145727,0.6839405730456306,0.32671884641616067,0.7320327091802304,0.2568002546779386
0.17147701437324173,0.7618938504282069,0.4883281401644781,0.7116411650994403,0.7046901563385449,0.28088931258724564,0.6836588016688279,0.32611145092231925,0.7319879349482264,0.2570748108713926
0.1726832615408072,0.7616749467707592,0.48842797521183706,0.7120160819661506,0.7052053620010227,0.28091592756213507,0.6833701110280951,0.3255042124074548,0.7319327213357161,0.25733509051813835
0.17385729370945824,0.7614491734083713,0.488513665856652,0.7123718452677016,0.7057576251834942,0.2809326563335112,0.6830746973011136,0.32489718443530535,0.7319194385108335,0.2575814816086823
0.1749999999999998,0.7612167194320858,0.4887246024461033,0.7127090247891892,0.7062867101271546,0.2809397749834544,0.6827727505548907,0.3242904186921751,0.731895339873332,0.2578143600557805
0.17611223924681538,0.7610213307159541,0.4889194634170306,0.7130281690140851,0.706851414341358,0.280937551221111,0.6824644549763026,0.3236839650508381,0.7318607263197306,0.25803409014350204
0.17719484125534307,0.7608189218077667,0.48909869573681086,0.713329806106253,0.7073929592368564,0.28116883116883085,0.6821499890923118,0.3230778716320366,0.7318158886547765,0.2582410249566262
0.17824860799768585,0.7606096832038252,0.4892627316767488,0.7136695523583603,0.7079120501320503,0.2813866735271414,0.6818295259803996,0.3224721848636754,0.7317611080071751,0.2584355067913679
0.17927431474987457,0.7603937994101088,0.4895455413404618,0.7139916126572632,0.7084093650450008,0.28159143758162614,0.6815032334697103,0.32186694953780887,0.7316966562249583,0.25886896190600867
0.18027271117407453,0.7601714491727974,0.48981135643704754,0.7142964987242014,0.7089409496411689,0.2817834716481016,0.6811712743333873,0.32126220886551476,0.7316721046400834,0.25928566798470215
0.1812445223488166,0.7599428056982467,0.4900606429558169,0.7146380472638679,0.7094507624513534,0.2819631134729599,0.680833806472544,0.32065800452974147,0.7316375289707862,0.2596860655474593
0.1821904497501386,0.7597080368629712,0.49029385161305244,0.715015019458708,0.709939452071219,0.2821306906162895,0.6804909830922922,0.3200543767362139,0.7315932001531243,0.26007058150255935
0.18311117218634032,0.7594673054141657,0.4905114184625277,0.7153740220926489,0.7104076425562216,0.28228652081863054,0.6801429528702253,0.31945136426247783,0.7315873774131005,0.26068066618392466
0.1840073466888879,0.7592207691612549,0.49084082375696847,0.7157155705126348,0.7108559345677743,0.2824309123521718,0.6798512775887982,0.31884900450515935,0.7315714723328417,0.26127081124898666
0.1848796093618452,0.7590091531716057,0.49115293587287234,0.716040161450179,0.7112849064557863,0.28256416435715115,0.6795537633565026,0.3182473335255119,0.7315928910475773,0.2618415364663743
0.1857285761920638,0.7587914180525577,0.4914482204260255,0.7163482738510123,0.7117468449151688,0.28268656716417884,0.6792505679873017,0.31764638609332135,0.7316039219440156,0.26239334536224346
0.1865548438222279,0.7586076666456848,0.49172712794195667,0.716640369660769,0.7121894232961021,0.2827984026031649,0.6789418446721814,0.3170461957292348,0.7316511274934957,0.262926725835277
0.18735899028872227,0.7584571214579949,0.49199009445333164,0.7169168945694039,0.7126131971676024,0.28289994429949256,0.6786277421428897,0.316446794745577,0.7316876628434826,0.26344215074411903
0.18814157572617446,0.7583390061266163,0.49223754206926446,0.7172272739835831,0.7130187019009177,0.2829914579580449,0.6783084048287902,0.3158482142857146,0.73171381031614,0.2639400784686719
0.1889031430404103,0.7582135712620116,0.49258964486222495,0.7175704157884659,0.7134064535760225,0.28307320163566174,0.6780426826513243,0.3152504843620263,0.7317298431253548,0.26442095344660044
0.18964421855146105,0.7580810047707133,0.49292472934958603,0.7178972767076501,0.7137769498397394,0.2831454260025686,0.6777711383328351,0.3146536338925348,0.7317360257382753,0.2651073261782547
0.1903653126081619,0.7579798467386709,0.4932432432432428,0.7182083059199492,0.714130670718472,0.28320837459329434,0.6774939244858039,0.3140576907362517,0.7317768761099805,0.26577305292350356
0.19106692017579383,0.7579093476283919,0.4935456200179924,0.7185039370078747,0.7144680793883285,0.2832622840475653,0.6772111893457201,0.3134626817272877,0.7318076097711416,0.2664186578909715
0.19174952139813478,0.7578310393925007,0.4938322794651184,0.7187845886259429,0.714837095400341,0.2833073843416367,0.6769230769230768,0.312868632707775,0.731871966985518,0.26704464918497517
0.19241358213520937,0.7577451199566998,0.4942176940615817,0.7190506651349204,0.7151897065415143,0.2833438990105011,0.6766297271490985,0.3122755685596491,0.7319259614656196,0.2676515194068415
0.193059554477951,0.7576517812343196,0.49458601318896006,0.719348163476462,0.7155263604664832,0.2833720453613879,0.6763312760155015,0.31168351323533316,0.7319698600645855,0.2682397462296176
0.1936878772409235,0.7575512093507691,0.49493767899640967,0.7196309584828299,0.7158474894233632,0.2833920346789485,0.6760278557085687,0.311092489787368,0.7320462553972901,0.26880979294753377
0.19429897643418215,0.7574435848580149,0.4952731197409706,0.7198994426175396,0.7161535109082985,0.28340407242250015,0.6757195947378087,0.3105025203970277,0.7321542775618635,0.2693621090015025
0.19489326571529644,0.7573290829396023,0.49559275032187744,0.7201982589442968,0.7164448282869335,0.2834083584156831,0.6754066180594501,0.3099136264019598,0.7322514965679522,0.2698971304818624
0.195471146822498,0.7572078736067034,0.49589697279045075,0.7205264666658362,0.7167218313847392,0.2834050870288686,0.6750890471950131,0.3093258283228863,0.732338188191213,0.2704152806095074
0.19603300998986517,0.7570801218856424,0.49618617683686134,0.7208831374098592,0.7169848970480025,0.2833944473546357,0.6747670003451843,0.3087391458894026,0.7324146195326545,0.27091697019647465
0.1965792343454053,0.7569459879973325,0.4964607402549806,0.7212673558015786,0.717234389677164,0.28337662337662317,0.6744405924992118,0.3081535980649065,0.7324810493548466,0.27140259808700695
0.19711018829284926,0.7568056275290251,0.49682673191619475,0.7216357399978188,0.7174706617340812,0.2833517941320417,0.6741099355400222,0.3075692030706912,0.7325377284026249,0.2718725515800471
0.19762622987792827,0.756659191598753,0.4971768539921933,0.7219887114206801,0.7176940542246937,0.2833201338681243,0.6737751383452557,0.3069859784092322,0.7325848997091156,0.2725225808121329
0.19812770713986289,0.7565068270128291,0.4975115034275515,0.7223683114596103,0.7179048971584685,0.28328181219277326,0.6734363068844025,0.3064039408866998,0.732622798887859,0.2731539665033728
0.19861495844875332,0.7563486764167401,0.49793380737872717,0.7227324710848066,0.7181035099859218,0.2832369942196529,0.6731459568697316,0.30582310663472384,0.7326516544117646,0.2737671581087952
0.19908831282952538,0.756184878439754,0.49844121824789206,0.7230815964108801,0.718290202015423,0.2831858407079644,0.6728510728141246,0.3052434911314394,0.7327104933348525,0.2743625919580773
0.19954809027305143,0.7560155678335471,0.4989304715066637,0.7234160800296412,0.7184652728104222,0.2831285081971265,0.6725517674948591,0.30483987478930924,0.7327985538357249,0.274940691721813
0.19999460203503272,0.7558408756051356,0.4994020222520202,0.7237363015663555,0.7186290125681598,0.2832479093606688,0.6722481507000686,0.30443509845153915,0.7328769425552655,0.2755018688581401
0.20042815092320035,0.7556943385585828,0.4998563115166317,0.7240426282087741,0.7187817024808631,0.2833584667023396,0.671940329324317,0.30402921716033887,0.7329837114730784,0.27604652304068317
0.20084903157336156,0.7555421973944674,0.5003916263172883,0.7243354152104806,0.718923615080363,0.2834603879185562,0.6716284074605448,0.30362228446348316,0.7330806355642726,0.2765750425687181
0.20125753071479302,0.755384583736191,0.5009086578329831,0.7246150063699969,0.7190550145670137,0.28355387523629466,0.6713628156549598,0.3032143524574848,0.733167954364147,0.27708780476041195
0.2016539274254558,0.7552543203323563,0.5014078595288477,0.7248817344869999,0.7191761571237448,0.2836391255844863,0.6710926554670635,0.3028054718293533,0.7332459002178602,0.2775851763299463
0.2020384933774834,0.7551183734665134,0.5018896709545436,0.7251359217969143,0.7192872912160201,0.28371633075908814,0.6708180371618655,0.30239569189699234,0.7333512496640688,0.2780675137492889
0.2024114930733709,0.7549768751256781,0.502448663974568,0.7254156821324744,0.7193886578784391,0.2837856775820991,0.6705390681360229,0.3019850606482858,0.7334470625866297,0.27853516359533664
0.20277318407327305,0.7548299536963112,0.5030825300589254,0.7256828241390484,0.7194804909886685,0.28384734805477657,0.6703048411591122,0.30157362477892175,0.7335335674097889,0.2789884628831139
0.2031238172137972,0.754677734084808,0.5036967016643595,0.7259376605583153,0.7195630175293515,0.2839015195052985,0.6701144635897935,0.3011614297289999,0.7336109858061539,0.27942773938567506
0.2034636368186595,0.7545203378331872,0.5042916659695148,0.726180494380115,0.719636457838608,0.2839483647311041,0.6699670368433213,0.30074851971846733,0.7336795329427315,0.27985331194132484
0.20379288090155379,0.7543578832302014,0.5048678951122019,0.7264116192180188,0.7197010258496991,0.283988052136133,0.6698137125885858,0.3003349377814255,0.7337394177162917,0.2802654907487385
0.20411178136156582,0.7541904854180792,0.5054258467609337,0.7266313196676831,0.7197569293204008,0.2840207458631758,0.6696546269443708,0.2999207257993483,0.7338256229580394,0.28083303281644434
0.20442056417144938,0.754049167083445,0.5059659646606244,0.7268398716488982,0.7198043700525968,0.284046605921536,0.6694899124476584,0.2995059245332518,0.7339030065332914,0.281551662495531
0.2047194495590657,0.7539333995264641,0.5064886791538048,0.7270375427321917,0.7198435441025751,0.28406578831019513,0.669319698168463,0.2990905736548522,0.7339717741935485,0.282251811152713
0.20500865218227252,0.7538121819232915,0.5070815175595998,0.727259769085097,0.7198746419824833,0.28407844513666447,0.6691441098202872,0.2986747117767483,0.7340660659459352,0.2829339015442745
0.20528838129753688,0.7536856366014051,0.5076561407967467,0.7274710182978557,0.7198978488533743,0.2840847247316975,0.668963269866393,0.29825837648166387,0.7341852527978411,0.28359834458723604
0.20555884092253093,0.7535538826518219,0.508212986440304,0.7277061132922047,0.7199133447102466,0.28408477176002916,0.6687772976220732,0.29784160435078194,0.7342953324015199,0.2842455397641368
0.20582022999295932,0.7534170360341979,0.5087524789581346,0.727964401358788,0.719921304559468,0.2840787273273014,0.6685863093530952,0.2975788763286656,0.7343965155229158,0.28487587551138444
0.20607274251385452,0.7532752096778645,0.5092750301941715,0.7282112916096116,0.7199218985889413,0.28406672908332603,0.6684357987289576,0.2973137078369382,0.7344890068894684,0.28548972959194524
0.20631656770556564,0.7531285135789826,0.5098641283488138,0.7284470544552043,0.7199152923313591,0.28404891132183036,0.6683249477076143,0.29704616791735106,0.7345730054035345,0.28608746945310537
0.20655189014465505,0.7530063075736257,0.5104355371523388,0.7286719522360291,0.7199016468208727,0.28402540507682295,0.6682081962980833,0.2967763239361045,0.7346487043468306,0.286669452569996
0.20677888989990897,0.7529081030428081,0.5109896745365616,0.7288862395200375,0.7198811187434806,0.28399633821571224,0.6680856754407465,0.29650424162944156,0.7347162915763262,0.28723602677553745
0.20699774266365684,0.7528045660303087,0.5115269461077843,0.7290901633871605,0.7198538605814322,0.2841155458280852,0.6679575127240533,0.29622998514780996,0.734775949712009,0.28778753057742523
0.2072086198785869,0.7526958128297594,0.512127779592079,0.7292839637013983,0.7198200207519181,0.284227135801963,0.6678238324892609,0.29595361709864465,0.7348594340062472,0.2883242934627463
0.20741168886023606,0.7525819567307265,0.5127110535380448,0.7294678733711373,0.7197797437403137,0.2843312723722745,0.6676847559312785,0.2956751985878201,0.7349661802670415,0.28884663619078454
0.20778647843829268,0.7524631081140251,0.5132771784353513,0.7296421185982828,0.7197331702282201,0.2844281157898985,0.6675836374860553,0.2953947892598201,0.735064553451727,0.28935487107454616
0.2081509367886534,0.7523393745434304,0.5138265527725495,0.729806919116764,0.7196804372165403,0.28451782243683493,0.6674767721954571,0.2951124473366697,0.7351855733044166,0.2898493022515081
0.20850527778984398,0.7522108608539448,0.5143595634692705,0.7299939472863671,0.7196548670899198,0.28460054493745146,0.6673642847990425,0.29482822965567385,0.7352981072697841,0.2903302259440671
0.2088497101105674,0.7520776692367727,0.5149530048419253,0.7302026369186817,0.7196229344156518,0.2846764322659611,0.6672462969049858,0.29454219170600415,0.7354023442408141,0.29079793071014276
0.20918443736230824,0.7519398993211416,0.515605140516876,0.7304014951110953,0.7196174914121257,0.2847456298502781,0.6671229270860746,0.29425438766417433,0.7354984678970996,0.29125269768436624
0.20950965824665674,0.7517976482531087,0.5162392683575858,0.7305907437601908,0.7196054935938802,0.2848082796723925,0.6669942909722071,0.29396487042844244,0.7356165352381625,0.2916948008102635
0.20982556669756466,0.7516510107714797,0.5168558054255272,0.7307705984851182,0.7195870816593611,0.2848645203653989,0.6668605013395354,0.29367369165217744,0.7357560230921756,0.2921245070638234
0.21013235201873418,0.7515270870189256,0.5174551566417764,0.7309412688469924,0.7195623926653526,0.2849144873073086,0.6667216681963961,0.2933809017762261,0.7359164127122332,0.2925420766688197
0.2104301990163322,0.7513986158882763,0.5180377152227383,0.7311329014183159,0.7195315601429142,0.2849583127117674,0.6665778988661615,0.2930865500603138,0.7360680245067963,0.29294776330423977
0.21071928812721427,0.7512656925293268,0.518603863097255,0.731315272733592,0.7194947142089234,0.2849961257157974,0.6664292980671408,0.29279068461351276,0.736211051742326,0.2933418143041552
0.2109997955428337,0.7511548996361553,0.5191539713060197,0.7314885874673408,0.7194519816734134,0.2850280524646762,0.6662759679896526,0.29249335242380875,0.7363456823753745,0.2937244708503529
0.21127189332900367,0.7510395010395009,0.5196884003841638,0.7316530446317774,0.7194034861428915,0.28505421619406024,0.6661180083703838,0.29219459938679787,0.7365005872065022,0.2940959681580307
0.2115357495416725,0.7509195921528135,0.5202075007278404,0.7318088377703406,0.7193493481198129,0.2850747373094566,0.6659555165641473,0.2918944703335415,0.7366470149191147,0.2944565356548459
0.21179152833886644,0.750795266063573,0.5207116129455786,0.7319561551433392,0.7192896850983743,0.2852262709374079,0.6657885876131427,0.2915930090576081,0.7367851494214599,0.2948063971535936
0.21203939008894535,0.7506666136028971,0.5212010681951409,0.7321237279057314,0.719224611656787,0.28537043452891053,0.665656754443777,0.29129025834132943,0.736915169644185,0.2951457710187756
0.21227949147531286,0.7505337234126668,0.5216761885065789,0.732311066070806,0.7191845574711657,0.28550737756857036,0.6655201727557863,0.29098625998129657,0.7370648643328193,0.2954748703273119
0.2125119855977144,0.7503966820102741,0.5222052656552572,0.7324895906336318,0.7191389111767419,0.2856372460902388,0.6654178758261909,0.2906810548131211,0.737206367300411,0.2957939030236317
0.21273702207025175,0.7502555738510879,0.5227194645561083,0.7326594917543073,0.7190877877156544,0.28576018277228404,0.6653105296646928,0.29037468273548594,0.7373670427726227,0.29610307206937286
0.21295474711623774,0.7501104813887315,0.5232191106285194,0.7328209544546094,0.7190312992076258,0.28600793875815117,0.665198237885462,0.2900671827335088,0.7375194569700079,0.29640257558790606
0.21316530366000794,0.7499614851332612,0.5237045203969128,0.7329741587895606,0.7189695550351288,0.286377708978328,0.6650811016505725,0.28975859290144035,0.7376637858935041,0.29669260700389116
0.21336883141580287,0.7498086637073318,0.5241760017903544,0.7331192800121709,0.7189026619254928,0.28686664105876997,0.6649592197408581,0.28944895046471997,0.7378002008587897,0.29697335517806345
0.2135654669738282,0.7496520939004263,0.5246338544301454,0.7332564887316668,0.7188307240300739,0.28747184196846287,0.6648326886243282,0.28913829180140804,0.7379288686503883,0.2972450045374383
0.21375534388359693,0.7494918507212316,0.525078369905956,0.7333859510655092,0.718753843000615,0.2881903844831143,0.6647016025222464,0.28882665246301653,0.7380499516697324,0.29750773520111534
0.21393859273465268,0.74932800744823,0.5255098320410294,0.7335078287854804,0.7186721180629083,0.2890193134511703,0.6645660534729618,0.288514067194756,0.7381636080774615,0.2977617231018536
0.2141153412347686,0.7491606356785792,0.5259920395609694,0.7336222794581093,0.7185856460878712,0.28983053716839624,0.6644631447143089,0.28820056995521826,0.7382699919302153,0.29800714010358204
0.21428571428571408,0.7489898053753472,0.526460695004728,0.7337294565796895,0.718494521660142,0.29062442253095233,0.6643554937616621,0.28788619393551257,0.7383692533121677,0.2983658934336209
0.21444983405667578,0.7488155849131671,0.5269160854946593,0.733855561267157,0.7183988371442948,0.29140132697629445,0.6642431953469347,0.28757097157787237,0.7384615384615383,0.29883538448831276
0.21460782005541748,0.7486380411223709,0.5274204388685161,0.7339743101372866,0.7182986827487701,0.29216159878238424,0.6641263420228083,0.2872549345937494,0.7385469898922999,0.29929317611558487
0.21475978919725863,0.748457239331664,0.5279110590988881,0.7340858539242534,0.7181941465876119,0.2929055773556405,0.6640411235410739,0.2869381139814115,0.7386257465112975,0.2997394985346796
0.21490585587194946,0.7482732434093945,0.5283882358407285,0.7341903395217091,0.7180853147400995,0.2937534621525627,0.6639510838562461,0.2866205400430593,0.7386979437309777,0.3001745764903664
0.2151891997374441,0.7480861158034714,0.5288522511097019,0.7342879101036401,0.7179722713083552,0.2945836701697654,0.6638563179708806,0.2863022424014769,0.7387637135779169,0.30059862941148185
0.21560683459573696,0.7478959175799832,0.5293033795305507,0.7343787052406922,0.7178550984730107,0.29539656306660445,0.6637569187177158,0.28598325001623104,0.7388231847973347,0.3010118715640191
0.2160148324354577,0.7477027084605655,0.5297418885758428,0.7344628610121585,0.7177338765470058,0.29619249327197145,0.6636529768202362,0.2856635911994327,0.7388764829537604,0.3014145121989814
0.21641337386018217,0.7475065468585662,0.5301680387955339,0.7345405101138213,0.717608684027592,0.2970875934324677,0.663544580951222,0.285343293631074,0.7389237305280195,0.3018067556952085
0.21680263543696832,0.7473304615039214,0.5305820840377531,0.7346117819618204,0.7174795976466123,0.29796443245616766,0.6634318177893661,0.28502238437395494,0.7389650470106941,0.3023023647594687
0.2171827898054259,0.7471512852341032,0.5309842716612014,0.7346768027927235,0.7173466924191212,0.29882338292971405,0.6633147720740273,0.28470088988821024,0.7390244250210316,0.30289890981169504
0.21755400578329623,0.74696907731019,0.5313748427395324,0.734735695759955,0.7172100416904112,0.29977759930808656,0.6631935266581966,0.2843788360454508,0.7390777816335349,0.3034822046275658
0.21791644846867214,0.7467838957065779,0.5317540322580644,0.7347885810267394,0.7170697171815033,0.300824470530542,0.6630681625597393,0.28405624814252917,0.7391252348020629,0.30405250705945236
0.21827027933898135,0.7465957971451269,0.5321787563639526,0.7348355758557051,0.7169257890331614,0.3018506409574062,0.6629727248995811,0.28373315091494267,0.7391668996365671,0.30461006880247354
0.21861565634685218,0.7464048371282271,0.5325916725171461,0.7348767946952878,0.7167783258484872,0.3028565392566659,0.6629066809479177,0.283409568549883,0.7392028884877103,0.305155135574348
0.2189527340129748,0.7462110699708255,0.5329930185421512,0.7349123492630636,0.7166273947341463,0.30395136778115495,0.6628359499733898,0.28308552469894366,0.7392333110284838,0.3056879472889993
0.21928166351606793,0.74601454883145,0.533383026301778,0.7349423486261428,0.7164730613402778,0.3051325856049914,0.6627606211108261,0.28276104249049616,0.7392582743329474,0.3062087382241675
0.2196025927800544,0.7458153257422694,0.5337619218812778,0.7349668992787415,0.7163153898991362,0.3063976537514922,0.662680781518195,0.2824361445417436,0.7392778829522086,0.3067177371832647
0.2199156665585467,0.7456134516382209,0.5341299257657048,0.7349861052170458,0.7161544432625135,0.30774403882984164,0.6625965164302386,0.28211085297046173,0.7392922389877531,0.30721516765170587
0.22022102651673792,0.7454089763852423,0.5344872530107916,0.7350000680114801,0.7159902829379826,0.3091692164909584,0.6625079092103767,0.2817851894064369,0.7393014421622349,0.307701247947932
0.2205188113107905,0.7452019488076371,0.5348341134076127,0.7350088868764824,0.7158229691240086,0.31067067470191434,0.66241504140094,0.28145917500260925,0.7393055898878282,0.3081761913693354
0.22080915666481185,0.7449924167146067,0.5351707116412996,0.7350126587378867,0.7156525607439682,0.31224591683902714,0.6623179927717988,0.2811328304459301,0.7393047773322359,0.30864020633328565
0.2210921954455006,0.7447804269259767,0.5354972474440549,0.7350114782980085,0.7154791154791158,0.3138924646004554,0.6622168413674452,0.28080617596794194,0.7392990974824513,0.30909349651344825
0.2213680577345464,0.7445660252971474,0.5358139157427037,0.7350054380985223,0.7153026898005337,0.31560786073978464,0.662111663552586,0.28047923135508857,0.7392886412063598,0.3095362609715765
0.2216368708988605,0.744349256743295,0.5361209068010074,0.7349946285812203,0.7151233390001045,0.3173896716226928,0.6620025340563004,0.2801520159587639,0.7392734973122661,0.3099686942849523
0.22189875965871245,0.7441301652628483,0.5364184063569583,0.7349791381467337,0.71494111722054,0.3192354896093329,0.6618895260148167,0.27982454870510615,0.7392537526064268,0.31039098666964143
0.22215384615384598,0.7439087939602687,0.5367065957552561,0.7349590532112958,0.7147560774844979,0.3211429352655683,0.6617727110129557,0.27949684810454545,0.7392294919486676,0.31080332409972306
0.2224022500076425,0.7436851850681562,0.536985652075166,0.7349344582616235,0.714568271722821,0.3231096594066383,0.6616521591242909,0.27916893226111134,0.7392007983061585,0.31120588842264574
0.22264408838939911,0.7434593799687027,0.5372557482539432,0.7349054359079891,0.7143777508019289,0.3251333449772272,0.6615279389500704,0.2788408188815072,0.7391677528054175,0.311598857470856
0.2228794760747859,0.7432314192145193,0.5375170532060025,0.734872066935551,0.7141845645503896,0.32721170877225686,0.661400117656946,0.2785125252839586,0.7391304347826093,0.311982405169839
0.22310852550454294,0.7430013425488534,0.5377697319380037,0.7348344303540117,0.7139887617847037,0.32934250300302276,0.6612687610135506,0.278184068406841,0.7390889218322074,0.31235670164270496
0.22333134684147776,0.7427691889252219,0.5380139456600141,0.7347926034456627,0.7137903903343246,0.33152351671354735,0.6611339334259653,0.2778554648170939,0.7390432898540776,0.31272191331144905
0.22354804802581887,0.7425349965264753,0.5382498518929039,0.7347466618118813,0.7135894970659418,0.3337525770522411,0.6609956979721159,0.2775267307184275,0.7389936130990441,0.3130782029950083
0.22375873482898104,0.7422988027833144,0.5384776045721226,0.7346966794181337,0.7133861279070534,0.3360275504041325,0.6608541164351354,0.2771978819593262,0.7389399642129948,0.3134257300042319
0.2239635109057948,0.7420606443922787,0.5386973541479976,0.7346427286375424,0.7131803278688524,0.3383463433890664,0.6607092493357285,0.27686893404085705,0.7388824142795809,0.3137646502338781
0.22416247784525073,0.7418205573332202,0.5389092476826899,0.7345848802930693,0.7129721410684474,0.3407069037313714,0.6605611559635739,0.27653990212428614,0.7388210328615599,0.31409511625174596
0.22435573521980778,0.7415785768862843,0.5391134289439371,0.7345232036983674,0.7127616107504426,0.3431072210065644,0.6604098944077961,0.2762108010385095,0.7387558880408361,0.3144172773850443
0.22454338063331253,0.7413347376484103,0.5393100384957059,0.734457766697348,0.7125487793078982,0.3455453272706997,0.6602555215865398,0.2758816452873039,0.7386870464572437,0.3147312798040983
0.22472550976757427,0.7410890735493698,0.5394992137858735,0.7343886357025117,0.7123336883026904,0.3480192975779819,0.6600980932756773,0.27555244905640125,0.7386145733461171,0.31503726660348835
0.22490221642763988,0.7408416178673564,0.5396810892310501,0.7343158757320868,0.7121163784852931,0.3505272503922449,0.6599376641366774,0.2752232262203928,0.7385385325746969,0.31533537788071203
0.22507359258581078,0.7405924032441408,0.5398557962986502,0.7342395504460197,0.7118968898139979,0.35306734789786326,0.6597742877436669,0.27489399034946665,0.7384589866774085,0.31562575081245803
0.22523972842444154,0.7403414616998086,0.5400234635863186,0.7341597221808569,0.7116752614735937,0.35563779621560293,0.6596080166097078,0.27456475471598385,0.7383759968900565,0.3159085197285749
0.22540071237755985,0.7400888246470907,0.540184216898806,0.7340764519835586,0.7114515318935208,0.3582368455288396,0.6594389022123206,0.274235532300897,0.7382896231829736,0.3161838161838161
0.22555663117134536,0.7398345229052996,0.5403381793223933,0.7339897996442837,0.7112257387655185,0.36086279012548156,0.6592669950182759,0.2739063358000161,0.7381999242931603,0.31645176902743816
0.22570756986350302,0.7395785867138872,0.5404854712969523,0.7338998237281789,0.7109979190607821,0.363513968360821,0.659092344507681,0.2735771776301251,0.7381069577554507,0.31671250447072746
0.22585361188156666,0.7393210457456327,0.5406262106857322,0.7338065816062107,0.7107681090466452,0.36618876254641997,0.6589149991973814,0.27324806993495365,0.7380107799327407,0.3169661461525261
0.22599483906016543,0.7390619291194734,0.5407605128429526,0.7337101294850715,0.7105363443028017,0.3688855987700014,0.6587350066637051,0.27291902459100764,0.7379114460453079,0.3172128152028261
0.22613133167728666,0.7388012654129911,0.5408884906792855,0.7336105224361933,0.7103026597370835,0.37160294665117355,0.6585524135645644,0.27259005321326274,0.7378090101992588,0.31745263030449783
0.22626316848956554,0.738539082674562,0.5410102547253011,0.7335078144238981,0.7100670896008079,0.37433931903766837,0.6583672656609424,0.27226116716072346,0.7377035254141302,0.3176857077532159
0.2263904267666321,0.738275408435184,0.541125913192952,0.733402058332717,0.7098296675037064,0.3770932716466146,0.6581796078377807,0.2719323775418531,0.7375950436496763,0.3179121615156444
0.22651318232454484,0.7380102697199875,0.5412355720351651,0.733293305993906,0.709590426428451,0.37986340265520663,0.6579894841242886,0.271603695219876,0.7374836158318678,0.3181321032859384
0.22663150955833858,0.7377436930594432,0.5413393350036093,0.7331816082111839,0.70934939874479,0.3826483522449643,0.6577969377136913,0.2712751308179568,0.7373692918781304,0.31834564254062037
0.22674548147371432,0.7374757045002738,0.5414373037047041,0.7330670147857226,0.7091066162233014,0.3854468021036102,0.6576020109824376,0.27094669472425975,0.737252120721849,0.3185528865918834
0.22685516971789668,0.7372063296160793,0.5415295776539311,0.7329495745404095,0.7088621100487829,0.3882574748884225,0.6574047455088822,0.2706183970968904,0.7371321503361624,0.31875394063937595
0.2269606446096844,0.7369355935176857,0.5416162543285072,0.732829335343414,0.7086159108332841,0.3910791336547489,0.6572051820914583,0.2702902478687235,0.737009427757071,0.3189489078205157
0.22706197516871848,0.7366635208632226,0.5416974292184786,0.732706344131073,0.7083680486287945,0.3939105812531999,0.6570033607663609,0.26996225675212027,0.7368839991058823,0.3191378892593831
0.22715922914399103,0.7363901358679422,0.5417731958762881,0.7325806469301258,0.7081185529395967,0.3967506596988669,0.6567993208247507,0.26963443324353675,0.7367559096110151,0.3193209841142398
0.2272524730416182,0.736115462313783,0.5418436459648714,0.7324522888793142,0.7078674527342955,0.39959824951574724,0.6565931008294982,0.2693067866280271,0.7366252036291846,0.3194982896237172
0.22734177215189855,0.7358395235586893,0.541908869304331,0.7323213142503722,0.7076147764575338,0.40245226905938836,0.6563847386314791,0.2689793259836443,0.736491924665987,0.31966990115171845
0.22742719057567887,0.7355623425456914,0.541968953917237,0.7321877664684238,0.707360552041403,0.4053116738206054,0.6561742713854369,0.2686520601857409,0.7363561153959062,0.3198359122310752
0.22750879125004675,0.7352839418117554,0.5420239860726025,0.7320516881318087,0.7071048069165583,0.4081754557129631,0.6559617355654255,0.26832499791117126,0.7362178176817581,0.31999641460599876
0.22758663597337134,0.7350043434964083,0.5420740503285778,0.7319131210313548,0.7068475680230472,0.4110426423465616,0.6557471669798435,0.26799814764240015,0.7360770725935941,0.32015149827336514
0.22766078542970955,0.7347235693501452,0.5421192295739063,0.7317721061691148,0.7065888618208599,0.41391229629051013,0.6555306007860753,0.26767151767151787,0.7359339204270793,0.3203012515228706
0.22773129921259827,0.7344416407426251,0.5421596050681854,0.7316286837765853,0.7063287143002108,0.4167835143263291,0.6553120715047484,0.26734511610416484,0.7357884007213613,0.320445760976093
0.22779823584824854,0.734158578670662,0.5421952564809702,0.7314828933324229,0.7060671509915571,0.41965542669437567,0.6550916130336198,0.2670189508633692,0.7356405522764503,0.3205851116244948
0.2278616528181606,0.7338744037660162,0.5422262619297608,0.7313347735796756,0.7058041969753642,0.4225271963352524,0.654869258661103,0.26669302969329733,0.735490413170121,0.32071938686639945
0.22792160658117566,0.7335891363029917,0.5422526980169082,0.7311843625425448,0.7055398768916248,0.42539801812802336,0.6546450410794452,0.2663673601629216,0.7353380207743543,0.32084866854297456
0.22797815259498064,0.7333027962058474,0.5422746398654767,0.7310316975426906,0.7052742149491378,0.4282671181269361,0.6544189923975662,0.2660419496696062,0.7351834117713332,0.32097303697325213
0.22803134533708183,0.7330154030560232,0.5422921611540944,0.7308768152150965,0.7050072349345556,0.43113375279822397,0.6541911441535689,0.26571680544261334,0.7350266221690063,0.32109257098821575
0.22808123832526253,0.732726976099192,0.5423053341508269,0.7307197515235082,0.7047389602212063,0.433997208258446,0.6539615273269314,0.26539193454653204,0.7348676873162324,0.32120734796398376
0.22812788413753926,0.7324375342521359,0.5423142297461062,0.7305605417754577,0.7044694137776956,0.436856799515708,0.6537301723503884,0.26506734388463116,0.7347066419175209,0.3213174438541158
0.22817133443163087,0.732147096109458,0.5423189174847431,0.7303992206368866,0.7041986181762966,0.43971186971500176,0.6534971091215144,0.26474304020213874,0.7345435200473769,0.3214229332210702
0.22821163996395413,0.7318556799501301,0.5423194655970557,0.730235822146381,0.7039265956011337,0.4425617893887971,0.6532623670140131,0.2644190300894491,0.7343783551642687,0.32152388926683745
0.22824885060815914,0.7315633037438825,0.5423159410291396,0.7300703797290312,0.7036533678561646,0.44540595571392233,0.6530259748887264,0.26409531998525987,0.7342111801242234,0.3216203838627751
0.22828301537321716,0.7312699851574403,0.5423084094723094,0.7299029262099241,0.7033789563729684,0.44824379177567847,0.6527879611043667,0.2637719161796405,0.7340420271940665,0.3217124875786682
0.22831418242107432,0.7309757415606111,0.5422969353917362,0.729733493827284,0.7031033822183436,0.4510747458400409,0.6525483535279835,0.26344882481703413,0.7338709280643144,0.32180026971103837
0.2283423990838819,0.7306805900322253,0.5422815820543083,0.7295621142452702,0.7028266661017217,0.4538982906347247,0.6523071795451705,0.26312605189919375,0.7336979138617301,0.3218837983107241
0.22836771188081584,0.7303845473659385,0.5422624115557373,0.7293888185664406,0.7025488283824032,0.45671392263980504,0.6520644660700218,0.26280360328805513,0.733523015161554,0.3219631402097544
0.2283901665344963,0.7300876300758935,0.5422394848469353,0.7292136373438947,0.7022698890766176,0.4595211613885152,0.6518202395548429,0.26248148470854754,0.7333462619994179,0.3220383610475359
0.22840980798701874,0.7297898544022506,0.5422128617596854,0.7290366005931018,0.701989867864417,0.46231954877877096,0.6515745259996245,0.26215970175134384,0.7331676838829514,0.3221095252963748
0.22842668041560643,0.7294912363165875,0.5421826010316271,0.7288577378034284,0.7017087840964026,0.4651086483959086,0.6513273509612858,0.26183825987555137,0.7329873098030927,0.32217669628635237
0.22844082724789555,0.7291917915271732,0.5421487603305777,0.7286770779493675,0.7014266568002935,0.4678880448470572,0.6510787395626936,0.2615171644113449,0.732805168245109,0.32223993622957336
0.2284522911768619,0.7288915354841186,0.542111396278211,0.7284946495014861,0.7011435046873387,0.47065734310751356,0.650828716501463,0.26119642056254405,0.7326212871993377,0.3222993062438056
0.2284611141753998,0.7285904833844077,0.5420705644731125,0.7283104804370921,0.7008593461585788,0.4734161678794305,0.6505773060585479,0.2608760334091344,0.7324356941716553,0.3223548663755285
0.22846733751056186,0.7282886501768127,0.5420263195132297,0.728124598250635,0.7005741993109605,0.47616416296308006,0.6503245321066229,0.260556007909736,0.7322484161936832,0.3224066756224076
0.22847100175746912,0.7279860505666953,0.5419787150177366,0.7279370299638431,0.700288081943308,0.4789009906409064,0.650070418118268,0.26023634890401875,0.732059479832736,0.3224547919552113
0.22847214681290032,0.727682699020699,0.5419278036483308,0.727747802135608,0.7000010115621551,0.4816263310745402,0.6498149871739572,0.2599170611150672,0.7318689112015225,0.3224992723391869
0.22847081190856838,0.727378609771332,0.5418736371299778,0.727556940871623,0.6997130053874424,0.48433988171490383,0.6495582619698578,0.2595981491516945,0.7316767359676045,0.32254017275491
0.2284670356240932,0.7270737968214481,0.5418162662711222,0.7273644718337832,0.6994240803580823,0.4870413567255017,0.6493002648254457,0.2592796175107082,0.7314829793626213,0.32257754821862306
0.22846085589967813,0.7267682739486249,0.5417557409833798,0.7271704202493507,0.6991342531373964,0.489730486418954,0.6490410176909429,0.2589614705791282,0.7312876661912865,0.3226114528020781
0.22845231004849817,0.7264620547094426,0.541692110300726,0.7269748109198972,0.6988435401184276,0.4924070167067997,0.6487805421545798,0.258643712636358,0.7310908208401635,0.3226419396518963
0.22844143476880746,0.7261551524436667,0.5416254223981971,0.7267776682300263,0.6985519574291309,0.49507070856256685,0.6485188594496878,0.25832634785631037,0.7308924672862266,0.32266906100845894
0.22842826615577327,0.7258475802783375,0.5415557246101173,0.7265790161558823,0.6982595209374461,0.4977213374980797,0.6482559904616285,0.25800938030948906,0.7306926291052123,0.32269286822434295
0.22841283971304388,0.7255393511317676,0.541483063447865,0.7263788782734529,0.6979662462562559,0.5003586930529488,0.6479919557345613,0.2576928139650266,0.7304913294797687,0.32271341178231333
0.22839519036405692,0.72523047771745,0.5414074846171945,0.7261772777666717,0.697672148748231,0.5029825782971666,0.6477267754780555,0.2573766526926797,0.7302885912074079,0.32273074131288493
0.22837535246309498,0.7249209725478806,0.5413290330351221,0.725974237435323,0.6973772435305666,0.5055928093467115,0.6474604695735506,0.2570609002647836,0.7300844367082658,0.3227449056114654
0.22835335980609556,0.7246108479382949,0.5412477528463939,0.7257697797027595,0.6970815454796128,0.5081892148920432,0.6471930575806688,0.256745560358166,0.7298788880326763,0.3227559526550913
0.2283292456412203,0.7243001160103232,0.5411636874395425,0.7255639266234328,0.6967850692354007,0.5107716357393591,0.6469245587433832,0.2564306365560202,0.7296719668685647,0.3227639296187682
0.2283030426791913,0.7239887886955656,0.5410768794625486,0.7253566998902472,0.6964878292060694,0.5133399243644609,0.6466549919960464,0.2561161323497418,0.7294636945486644,0.3227688828914255
0.22827478310339921,0.7236768777390885,0.5409873708381165,0.725148120841736,0.6961898395721928,0.5158939444790717,0.6463843759692824,0.25580205114072546,0.7292540920575631,0.32277085809149697
0.2282444985797895,0.7233643947028443,0.5408952027785752,0.7249382104690709,0.695891114291012,0.5184335706094308,0.6461127289957461,0.25548839624212605,0.7290431800385822,0.3227699000821365
0.2282444985797895,0.7233643947028443,0.5408952027785752,0.7249382104690709,0.695891114291012,0.5184335706094308,0.6461127289957461,0.25548839624212605,0.7290431800385822,0.3227699000821365
