0.0,0.0,0.0,0.0,0.0,0.0,0.0,0.0
0.0,0.0,0.0,0.0,0.0,0.0,0.0,0.7692307692307692
0.625,0.0,0.0,0.0,0.0,0.0,0.0,0.8823529411764705
0.7894736842105263,0.0,0.0,0.0,0.0,0.0,0.0,0.923076923076923
0.8571428571428572,0.0,0.0,0.0,0.0,0.0,0.0,0.9433962264150941
0.8737864077669905,0.0,0.0,0.0,0.0,0.0,0.0,0.9459459459459457
0.8759124087591241,0.0,0.0,0.26315789473684215,0.0,0.0,0.0,0.9424083769633506
0.8839779005524862,0.0,0.0,0.36363636363636365,0.0,0.0,0.0,0.9361702127659571
0.8849557522123894,0.0,0.0,0.41095890410958896,0.18181818181818182,0.0,0.0,0.9285714285714283
0.8896797153024911,0.0,0.0,0.4347826086956521,0.2702702702702703,0.0,0.0,0.9202453987730059
0.8959537572254337,0.0,0.0,0.4464285714285714,0.3191489361702128,0.0,0.0,0.9115281501340481
0.9026128266033258,0.0,0.0,0.45112781954887216,0.34782608695652173,0.1136363636363636,0.0,0.9026128266033253
0.9054325955734409,0.0,0.0,0.45161290322580633,0.36496350364963503,0.1818181818181818,0.0,0.8936170212765956
0.9090909090909093,0.0,0.0,0.44943820224719094,0.375,0.2255639097744361,0.0,0.8846153846153844
0.9131075110456555,0.0,0.0,0.4455445544554455,0.3804347826086957,0.25477707006369427,0.0,0.8756567425569175
0.9171974522292995,0.0,0.0,0.44052863436123346,0.38277511961722493,0.2747252747252747,0.0,0.8667736757624396
0.9192825112107627,0.0,0.0,0.4347826086956522,0.3829787234042553,0.3225806451612903,0.0,0.8579881656804731
0.9217046580773046,0.0,0.0,0.4285714285714287,0.38167938931297707,0.35573122529644263,0.0,0.8493150684931504
0.9228039041703642,0.0,0.0,0.4220779220779222,0.3793103448275862,0.3793103448275862,0.0,0.8438287153652391
0.9243027888446218,0.0,0.0,0.4154302670623146,0.3761755485893417,0.3963414634146341,0.0,0.838183934807916
0.9248554913294799,0.0,0.0,0.4087193460490464,0.37249283667621774,0.4087193460490463,0.0,0.8324324324324323
0.9258043335521997,0.0,0.0,0.40201005025125636,0.3684210526315789,0.41769041769041765,0.0,0.8266129032258064
0.9270334928229667,0.0,0.0,0.3953488372093024,0.3640776699029126,0.4241071428571428,0.0,0.820754716981132
0.9284543965046426,0.0,0.0,0.38876889848812113,0.3595505617977528,0.4285714285714285,0.0,0.8148804251550044
0.9291813159216475,0.0,0.0,0.3952569169960475,0.35490605427974947,0.4315196998123827,0.0,0.8090075062552127
0.9301249421564091,0.0,0.0,0.40000000000000013,0.35019455252918286,0.43327556325823224,0.0,0.8031496062992127
0.93122597180692,0.0,0.0,0.40336134453781525,0.3454545454545454,0.4340836012861737,0.0,0.7973174366616991
0.9324377716317661,0.0,0.0,0.40561622464898606,0.34071550255536626,0.43413173652694614,0.0,0.7915194346289754
0.9337239106554376,0.0,0.022471910112359546,0.40697674418604657,0.336,0.43356643356643354,0.0,0.7857622565480189
0.9350561033662019,0.0,0.04132231404958677,0.41610738255033564,0.33132530120481923,0.4325032765399738,0.0,0.7800511508951408
0.9364125276811134,0.0,0.057251908396946556,0.4234122042341221,0.3267045454545454,0.4310344827586207,0.0,0.7743902439024392
0.9377764671188439,0.0,0.07079646017699114,0.4292343387470998,0.32214765100671144,0.4292343387470999,0.0,0.7687827606290041
0.9391352244560729,0.0,0.08237232289950575,0.43383947939262485,0.31766200762388824,0.42716319824753574,0.0,0.7632311977715878
0.9404792579232157,0.0,0.09230769230769229,0.43743641912512726,0.3132530120481928,0.42487046632124376,0.0,0.7577374599786552
0.9418014972228931,0.0,0.10086455331412103,0.4401913875598087,0.30892448512585813,0.4223968565815327,0.0,0.7523029682702148
0.9430968034459307,0.0,0.10825439783491203,0.4422382671480145,0.3046789989118607,0.4197761194029853,0.0,0.7469287469287467
0.9440410081161897,0.0,0.1146496815286624,0.4436860068259387,0.30051813471502586,0.41703637976929936,0.0,0.7416154936230512
0.9446911586596689,0.0,0.12019230769230767,0.44462409054163315,0.3036238981390793,0.41420118343195295,0.0,0.7378904481665911
0.9450927874497799,0.0,0.12499999999999996,0.4451266308518804,0.30612244897959184,0.41129032258064546,0.0,0.7341442224152909
0.9452826758771131,0.0,0.1291711517761033,0.4496011602610589,0.3080985915492958,0.40832049306625606,0.0,0.7303839732888145
0.9455488331892825,0.0,0.13278855975485185,0.4532967032967035,0.3096234309623431,0.4053058216654387,0.0,0.7266158169409875
0.9458792564566539,0.0,0.13592233009708735,0.45632333767927014,0.31075697211155384,0.40225829216654924,0.0,0.722844994201778
0.9462635124549583,0.0,0.13863216266173747,0.45877247365158114,0.3115501519756839,0.39918809201623834,0.0,0.7190760059612518
0.9466925489024935,0.0,0.14096916299559467,0.4607206142941526,0.31204644412191584,0.39610389610389624,0.0,0.7153127246585189
0.9469480889903023,0.0,0.14297729184188393,0.46223224351747483,0.3122831367106177,0.3930131004366813,0.0,0.7115584866365845
0.9472536459043204,0.0,0.14469453376205788,0.4633620689655174,0.3122923588039868,0.3899220155968808,0.0,0.7078161690707816
0.9476016684045879,0.0,0.14615384615384616,0.4641567818463127,0.3121019108280256,0.38683602771362596,0.0,0.7040882543802726
0.9479855307471623,0.0,0.1473839351510685,0.4646564508156205,0.3117359413202935,0.38375973303670746,0.0,0.7003768844221105
0.9483994266602964,0.0,0.1484098939929328,0.4648956356736244,0.3112155020551968,0.3806970509383378,0.0,0.6966839062975357
0.9488382740070965,0.0,0.14925373134328354,0.4649042844120329,0.3105590062111802,0.3776513191929643,0.0,0.6930109112356237
0.9492976294995612,0.0,0.1499348109517601,0.46470846120122755,0.3097826086956523,0.37462537462537465,0.0,0.6893592677345539
0.9496205733558181,0.0,0.15047021943573663,0.46677880571909175,0.3089005235602095,0.37162162162162166,0.0,0.685730149916713
0.9498226051697924,0.0,0.15087507543753767,0.4708249496981892,0.3079252902574458,0.3686420905272982,0.0,0.6821245618765167
0.9500585251658216,0.0,0.15116279069767435,0.47435403008098737,0.30686799805163184,0.36568848758465006,0.0,0.6785433586586326
0.9501879699248125,0.0,0.15616285554935855,0.47952784950202887,0.30573847601128884,0.3627622377622377,0.0,0.6749872643912381
0.9502221416266211,0.0,0.1606855918585966,0.4860866502289539,0.30454545454545456,0.35986452159187127,0.0,0.6714568880079289
0.9501707680182158,0.0,0.1647785787847579,0.49378569029224056,0.3032967032967033,0.3569963069347558,0.0,0.6679527369182544
0.9500423370025407,0.0,0.16848364717542114,0.5024000000000001,0.3050847457627119,0.354158376442499,0.0,0.6644752289269785
0.9499631479813286,0.0,0.17183770883054886,0.5100794135613929,0.30662305805396567,0.3513513513513513,0.0,0.6610247026532483
0.9499286959277454,0.0,0.17487344684767597,0.5169392523364487,0.30793525463876825,0.3485757121439279,0.0,0.6576014266607225
0.9499348309438015,0.0,0.1776198934280639,0.5230769230769232,0.309042350247997,0.34583181652712036,0.0,0.6542056074766357
0.9499777348968385,0.0,0.1801029159519725,0.5285752616045077,0.30996309963099633,0.3455571227080394,0.0,0.6508373966504135
0.9500538986704995,0.0,0.18234562784915037,0.5335051546391754,0.3107142857142857,0.3451811346548188,0.0,0.6474968969797272
0.9501601002366701,0.0,0.18436873747494983,0.5379276152702033,0.3113109650639917,0.3447132913490221,0.0,0.6441841680129242
0.9502933836919134,0.0,0.1861908456167571,0.5418954404392456,0.31176667784109957,0.3441621100032164,0.0,0.6408992309209229
0.9504510393515492,0.0,0.18782870022539438,0.5454545454545455,0.3120936280884265,0.34353529044347275,0.0,0.6376420728183396
0.9505389980976535,0.0,0.18929741536221328,0.5497672356461982,0.31230283911671924,0.34283980582524265,0.0,0.6344126506024098
0.9505633195838205,0.0,0.19061066007765615,0.5547258374226584,0.3124042879019908,0.34208198171630777,0.0,0.6312108943687892
0.9506158077245005,0.0,0.19178082191780818,0.5592105263157894,0.3124070217197263,0.3412675652423285,0.0,0.6280367104552818
0.9506940008130552,0.0,0.19281914893617016,0.5632685442284807,0.3123192596876807,0.34040178571428553,0.0,0.6248899841577188
0.9507141647377632,0.0,0.193735873425896,0.5678776290630975,0.31214848143982,0.3394894079304724,0.0,0.6217705821563901
0.9506810193321618,0.0,0.19454032005020389,0.5720612659162206,0.31190150478796164,0.33853477915895247,0.0,0.6194243393368122
0.9506760006412656,0.0,0.19774870702768474,0.575860224638973,0.3115845539280958,0.3375418706518936,0.0,0.6170807964456149
0.9506217805296844,0.0,0.20070838252656428,0.5801342744017903,0.31120331950207464,0.3365143144148667,0.0,0.6147409076279371
0.9505953889029646,0.0,0.2034383954154727,0.584026622296173,0.31076301162203124,0.33545543584720844,0.0,0.612405541561713
0.9505947386604808,0.0,0.20821765685730143,0.5875724404378622,0.3102684067963555,0.3343682827800333,0.0,0.6100754891388077
0.9505483933038291,0.0,0.2148227712137486,0.5908028059236166,0.30972388955582225,0.3332556513633185,0.0,0.6077514703664607
0.9504597485456934,0.0,0.22095139069404723,0.5944477972238986,0.3091334894613582,0.33212010919017276,0.0,0.6054341405788543
0.9503980964583143,0.0,0.2266431629312515,0.5977784273604209,0.3085009140767824,0.3309640159928919,0.0,0.6031240960370264
0.9502969678024383,0.0,0.23386114494518875,0.6008218789854045,0.3078295784073165,0.3297895422000432,0.0,0.6008218789854047
0.9501591592901061,0.00300210147102972,0.240566037735849,0.6036023649113158,0.3071226312350251,0.3285986856052574,0.0,0.5985279822246913
0.9499872199028714,0.005844535359438924,0.2468007312614259,0.606747566342179,0.3063829787234043,0.3273932863655199,0.0,0.5962428532534716
0.949843912591051,0.008537279453614113,0.2526035896299578,0.6096298213823454,0.3056133056133057,0.3261750405186384,0.0,0.5939668980245599
0.9497274871878304,0.011089548100914887,0.258009030316061,0.6122705556952478,0.3048160942897786,0.32494551218545653,0.0,0.592311715481172
0.9495784953077779,0.013509862199405564,0.2630480167014613,0.6146889893682025,0.303993641963044,0.32370614460166686,0.0,0.5906470211402951
0.9494556765163297,0.018396846254927723,0.26774847870182544,0.6169024129323668,0.30314807617567047,0.3224582701062214,0.0,0.5889740047720712
0.9493020956148026,0.02301790281329923,0.2721356734371918,0.6194383450826305,0.3022813688212928,0.3212031191979204,0.0026055237102657627,0.5872937700073877
0.9491197379685118,0.02739043824701195,0.2762324956838672,0.6222621588228688,0.3013953488372093,0.3199418287584074,0.00508259212198221,0.5856073412219275
0.9489104292690039,0.03153043900072763,0.2800597460791635,0.6253410455091128,0.3004917137133491,0.31867544952821775,0.0074386312918423,0.5839156697856216
0.9486758512384899,0.03545261167572679,0.2836363636363636,0.6286441217004135,0.29957203994293863,0.31740495291245185,0.009680542110358178,0.5822196397443351
0.948417555516699,0.03917050691244241,0.288291475061903,0.6321424894471327,0.298637792525323,0.31613123718386865,0.011814744801512284,0.5805200729927011
0.9481872387087934,0.042696629213483155,0.29264933723532444,0.6353812287372423,0.29769033361847724,0.3148551331435269,0.013847219016847446,0.5788177339901482
0.9479834782900706,0.0460425345319009,0.29673093042749366,0.6383806928766056,0.2967309304274936,0.3135774092923984,0.01578354002254791,0.577113334066176
0.9478049101559932,0.04921891718382195,0.3005553740607644,0.6411592006818827,0.2957607624055208,0.3122987765614937,0.017628911414720137,0.5754075353557166
0.9476027618248696,0.05223568742164646,0.304140127388535,0.6437332841464539,0.29478092783505144,0.31215513164117903,0.019388194743644976,0.5737009544008487
0.9474250284702015,0.05510204081632652,0.3075011647771393,0.646117900790798,0.2937924498499446,0.3119691119691118,0.021065936380872126,0.5719941654511358
0.9472247215413735,0.05782652043868392,0.3106531292620094,0.6483266164359559,0.2927962819519751,0.31174334140435817,0.022666391922522146,0.5707855973813423
0.9470480827754111,0.060417072695381005,0.31466981828925983,0.6503717630971714,0.29179331306990863,0.31148027291604846,0.024193548387096767,0.5695630336514317
0.946893937132452,0.0628810975609756,0.3184438040345821,0.6526087681280215,0.29078437220399617,0.3111822015413696,0.02565114443567481,0.5683275777010361
0.9467178300477461,0.06522549385016771,0.32199100112485934,0.6546844502277164,0.290850628471207,0.3108512762013402,0.027042688815916538,0.5670802636680885
0.9465635689442066,0.06745670009115769,0.3253260123541523,0.6566097657800716,0.29087261785356044,0.3104895104895103,0.028371477208246627,0.5658220613450182
0.9464300826539536,0.0695807314897413,0.32846226035661613,0.6583947266382318,0.29085288745257815,0.31009879253567485,0.029640607632456448,0.5645538807227789
0.946275270008308,0.07160321341250436,0.33233023681800333,0.6600484995453167,0.2907938257993383,0.3096808940352765,0.03085299455535389,0.5632765761619881
0.9461406704548545,0.07352941176470588,0.3359734287174246,0.6615794932582604,0.29069767441860445,0.3092374785251749,0.03201138182464875,0.5619909502262445
0.9459856353296132,0.07536426059286552,0.33940603943099573,0.6629954351133975,0.29056653841050795,0.3087701089776853,0.033118354540700695,0.5611382836816364
0.9458502687819588,0.0771123872026251,0.3426411413242287,0.6643034384969868,0.2904023961453312,0.30828025477706983,0.03417634996582363,0.5602657110392449
0.9456952959967024,0.07877813504823152,0.34569078555250915,0.6655100624566274,0.29020710815648154,0.3086728317920518,0.0351876675603217,0.5593744629661456
0.9455217457343932,0.08036558462023323,0.34856609932385163,0.6666213645012232,0.28998242530755697,0.3098971092601664,0.036154478225143775,0.5584656978709026
0.9453305795406475,0.08187857253205624,0.35205651133644744,0.6676429474805299,0.289729996301319,0.31103638765461733,0.03707883282282765,0.5579541680504819
0.945122697135028,0.08332070898348735,0.35535256767294193,0.6688396349413299,0.2894513745912557,0.31209515958073236,0.03796267004112621,0.5574145107320659
0.9449349274699896,0.08469539375928678,0.3584658967095228,0.6699450759994892,0.28914802475011875,0.3130776340110904,0.03880782365724929,0.5568482708818105
0.9447664104080428,0.08600583090379009,0.3621258920012781,0.6709645114852602,0.2888213283442467,0.31398775787803207,0.03961602925491389,0.5562569038977437
0.9446163150426835,0.08725504219711057,0.36558691802937193,0.6719028041970915,0.28847258935754483,0.3148292357325619,0.04038893044128644,0.5556417817786748
0.9444838392387402,0.08844587954513548,0.3688608110862034,0.6727644722589964,0.28810303920460933,0.3156055476684502,0.04112808460634545,0.5553860238022585
0.9443344433444334,0.08958103638368248,0.37195851615476666,0.6735537190082644,0.28771384136858447,0.3163199656873256,0.041834968263127506,0.5550971419998504
0.9441689542194279,0.09066305818673884,0.3755364806866953,0.6742744598273764,0.28730609569587034,0.3169755686604885,0.04251098200368428,0.5547768351161936
0.9440209104770202,0.09169435215946843,0.37955369063513256,0.6749303462785012,0.28688084237670536,0.3175752560256542,0.04315745510232493,0.554426705370102
0.9438573174130206,0.09267719618848713,0.38397017707362524,0.675743541097037,0.28643906563788146,0.31812176034149797,0.043775649794801634,0.5540482650292735
0.9437107050930418,0.09361374711464476,0.38815489749430515,0.676489921121823,0.2859816971713806,0.31861765880942855,0.044366765259478344,0.5536429424576691
0.9435490570740218,0.09450604838709677,0.3926981300089046,0.6771729776247848,0.28550961932050717,0.31906538386020017,0.04493194132417073,0.5532120876841161
0.9433730751140106,0.09535603715170278,0.3975641583297084,0.6777959744307676,0.2850236680431057,0.31946723289257783,0.04547226192022865,0.5527569775357388
0.9432138542086186,0.09616555082166767,0.40271877655055205,0.6783619660559506,0.28452463566967345,0.3198253772420992,0.04598875830352579,0.5522788203753353
0.9430707303047726,0.09693633317376733,0.4076041839614808,0.678873814138529,0.28401327347257427,0.3201418704498786,0.0464824120603015,0.5517787604778565
0.9429430602202606,0.09767004000941394,0.4122372798831451,0.6793342023463351,0.2834902940611182,0.32041865589423424,0.04695415791424687,0.5515852390852393
0.9428010924337422,0.09836824441615549,0.416633600507896,0.6797456499235965,0.28295637361597387,0.32065757384156807,0.04856726566294316,0.5513624152488169
0.9426454705648293,0.09903244166192368,0.4208074534161489,0.6801105240195843,0.282412153975207,0.32149200710479575,0.050119331742243416,0.5511116709705867
0.9424768021508185,0.09966405375139971,0.424772036474164,0.6804310509250431,0.28185824458317993,0.32227074235807857,0.05161290322580643,0.5511469311841293
0.9422956611342139,0.10026443367122073,0.42899628252788097,0.6807093263276415,0.2812952243125901,0.32299630615926467,0.053050397877984067,0.5511474609375003
0.9421301753686003,0.10083486934836815,0.4330106979113601,0.6809473246849179,0.2807236431690576,0.3236710893264599,0.05443411204354728,0.5511148506520828
0.9419525537658434,0.10137658734393334,0.4372596496225608,0.6811469078020633,0.28014402388688814,0.3242973557292532,0.05576622797233993,0.5510506066883697
0.9417633165297703,0.10189075630252095,0.4412994980479642,0.6814828064213213,0.27955686342392205,0.32487725040916526,0.057048820625342826,0.5509561567164182
0.9415894753306334,0.1023784901758014,0.4451423499692769,0.6817781690140848,0.2789626343627364,0.3259819703799098,0.058283864004317315,0.5508328546812179
0.9414043085571299,0.10284085123714486,0.44879941141060786,0.6820348383742096,0.2783617862248756,0.32758347839848073,0.0594732370433305,0.550681985398155
0.9412341338922029,0.10327885290283761,0.4522810697430518,0.6822545547638353,0.27775474670425304,0.3291060452812573,0.060618729096989954,0.5505047688103074
0.9410529123462136,0.10369346237408646,0.4559758525464003,0.6824389628944829,0.27714192282537575,0.33055321753768463,0.061722045057092875,0.5503023639362287
0.9408610992336278,0.10408560311284043,0.459495184742242,0.6825896183458899,0.27652370203160237,0.3319283456269758,0.06278481012658226,0.5500758725341426
0.9406591266814864,0.10445615716339239,0.4632085363597112,0.6827079934747149,0.2759004532082369,0.33323459715639814,0.06380857427716846,0.5498263425060113
0.9404719971821058,0.1048059673307525,0.46674727932285354,0.6827954828597841,0.2752725276448903,0.3344749690300955,0.06479481641468679,0.5495547710627536
0.9402749249486485,0.10513583922590246,0.4701209390562009,0.6828534083257419,0.27464025994120345,0.33615252293577985,0.06574494827419507,0.5492621076699231
0.9400683062239754,0.10544654318723634,0.47367197489247914,0.6828830235826958,0.2740039688597158,0.3382425480938624,0.06666031806494616,0.548949256791389
0.9398525178194803,0.10655589669496114,0.477058991165574,0.6828855185156673,0.2733639581293769,0.3402397616242812,0.06754221388367725,0.5486170804469838
0.9396279182879376,0.1076225206795339,0.48029074643556025,0.6828620231542988,0.2727205172029424,0.34214830970556176,0.0683918669131238,0.5482664005986527
0.939394849012427,0.10864803294488737,0.48337539778338606,0.6828136113502788,0.27207392197125224,0.3439721067453401,0.06921045442127306,0.5481474191802388
0.939153635218261,0.10963397790055245,0.486320551486428,0.6827413041872831,0.271424435437174,0.3461690623763684,0.06999910257560796,0.5480050480535867
0.938904586914191,0.11134721631959199,0.4891333086563373,0.6826460731458546,0.27077230835178934,0.3482716129450679,0.07075888908544131,0.5478402451872423
0.9386479997685919,0.11299907926676152,0.49182030641391816,0.6825288430435251,0.2701177798152194,0.3502839277738788,0.07230594999564417,0.5476539243018473
0.9383841559258094,0.11459192085737838,0.49438775510204064,0.682390494768576,0.26946107784431106,0.35220994475138134,0.07380073800738002,0.5476834156800594
0.9381133247673777,0.11612798440799088,0.4971185166624903,0.6822318678241389,0.2688024199092531,0.35405338606030656,0.07524518092661477,0.5476869309298259
0.9378575215559336,0.1176094087527002,0.4997292107724875,0.6820537626978094,0.2681420134410424,0.35581777264156694,0.07664111962679102,0.5476655020645217
0.937616323154339,0.1190382341348049,0.5022256628604603,0.6818569430705733,0.2674800563115905,0.3579123773042855,0.07799031278220174,0.5476201137330405
0.9373680123165794,0.1204164077066501,0.5046133358698751,0.6817722712275267,0.26681673728813526,0.3599198868991519,0.07929444129783958,0.5475517058511576
0.9371339320577897,0.1217457886676876,0.5068973579611874,0.6816671098112204,0.26615223646351,0.3618440127573211,0.08055511245812724,0.5474611760600242
0.9369136804566804,0.12302815306815608,0.5090825477121175,0.6815422477440524,0.2654867256637165,0.36368826719954334,0.08177386381506521,0.5473493820248909
0.9366862193229344,0.12426519830344518,0.5111734370759068,0.6813984382594044,0.26482036883415194,0.3654559766108176,0.0829521668346383,0.5474328459707579
0.9364518058191841,0.1254585473220836,0.5134137117942784,0.6812364008703442,0.26415332240574924,0.36715029349872647,0.08409143031878291,0.5474911897969454
0.9362106859632663,0.12660975256836926,0.5155586677753948,0.681056823209658,0.26396065492124726,0.3687742076264253,0.08519300361881779,0.5475253675709253
0.9359630952229665,0.12835139760410724,0.5176126087330979,0.680860362750913,0.2637565324316013,0.3703305563020695,0.08625817965496722,0.5477436232831913
0.9357092590730873,0.13003444155479016,0.5198051260326202,0.6806476484194293,0.26354141365071626,0.37182203389830526,0.08728819775544629,0.5481385875045371
0.9354493935175979,0.1316610075531841,0.5221268439036586,0.6804192821012858,0.26331573896353144,0.37325120066819817,0.0889499566097772,0.5485013732436408
0.9351837055793887,0.1332331238043181,0.524352246638242,0.6801758400578104,0.26307993126740514,0.3749614237218395,0.09055904164289784,0.5488331892826269
0.9349316733939602,0.134752728742757,0.5264856578044942,0.6799178742523879,0.2628343967687172,0.3766029702468449,0.0921172913297236,0.5491351896377874
0.9346929450102813,0.13622167585886102,0.5285311519675971,0.6796459135958594,0.26257952573742027,0.37817854823400127,0.09362646508079613,0.5494084765879239
0.9344482639673609,0.1376417382185226,0.5304925723221267,0.6793604651162792,0.26231569322208237,0.37969073180340807,0.09508824736626072,0.5498450608419615
0.9341978301287331,0.13957996768982225,0.5323735468473324,0.6790620150583367,0.26204325972779113,0.3814608104828927,0.09650425158590899,0.550249944042378
0.9339418352853516,0.14145533324837514,0.5341775031277249,0.6787510299173225,0.26176257185912805,0.3834751840872145,0.0978760237033091,0.5506242863982905
0.9336804635570862,0.14327007666205852,0.5359076819658662,0.6784279574121413,0.2614739629302735,0.385412740294007,0.09920504566060047,0.5511524758234562
0.9334138917704994,0.14502634025410593,0.537757016220988,0.6782014608270612,0.2611777535441656,0.38727652658462985,0.1004927385892116,0.5516474050678337
0.9331603587342769,0.14672617228098056,0.5395318501340677,0.6779614476357843,0.26087425214251053,0.3890694374513665,0.10174046583056051,0.5521102803075936
0.9329016411745,0.14837153196622432,0.541418323280631,0.6778142729172885,0.26056375552832084,0.39079422382671497,0.10294953577970063,0.5525422542604186
0.9326379066478074,0.14996429421566293,0.5432298442389507,0.6777569090421247,0.26024654936255387,0.39245350182433053,0.10412120456387558,0.5529444290848763
0.932369316255209,0.15150625403723061,0.5449695121951218,0.6776828815447453,0.2599229086363162,0.39404976084953286,0.10525667856703191,0.5533178590933909
0.9321134690342135,0.15299913068675747,0.546640262223436,0.677592762554084,0.25959309812001025,0.3958639785411441,0.10635711681050203,0.5536635532926453
0.9318700633392987,0.15444457155931815,0.5482448759802104,0.6774871010396949,0.25925737279070943,0.3976109215017067,0.10742363319930388,0.553982477764082
0.9316388016634127,0.15584415584415587,0.5497859915723811,0.677366423956517,0.2589159782389682,0.3992931375436532,0.10845729864280215,0.554275557896122
0.9314193907446098,0.1571993979597525,0.551266112674213,0.6772312373225149,0.2585691510561976,0.40117822768005335,0.10945914305783193,0.5545436804787608
0.9311947109637309,0.1585117507843029,0.5526876169581207,0.6771799628942482,0.2582171192036662,0.4029948449390396,0.11043015726179467,0.554787695670341
0.9309816108750009,0.16024770492693788,0.5540527638990546,0.6771130339920162,0.2578601023641237,0.404745571203745,0.11137129476269352,0.5550084188455056
0.9307632747870731,0.1619302949061662,0.555520682945201,0.6770309703047985,0.25749831227697934,0.40668523676880236,0.11228347345257578,0.5552066323326208
0.930556255988703,0.1635612957865763,0.5569314593523618,0.6769342711617751,0.2571319530579142,0.4085557299843016,0.11316757721039139,0.5553830870483042
0.9303440355520042,0.16514240919780504,0.5582872675075585,0.6768234165067175,0.2571239856576711,0.41035964538732544,0.1140244574198524,0.5555385040360938
0.9301428783309431,0.16667526704164298,0.5595901762844656,0.6766988678170465,0.25710419485791597,0.4120994538440974,0.11485493440749006,0.555673575915753
0.9299365551813262,0.1685936942902256,0.5608421553467346,0.6765610689711853,0.25742756966229924,0.41377750979801037,0.11565979880574533,0.5557889682492039
0.9297252225174031,0.17045454545454541,0.5620450810049304,0.6764104470675709,0.25773195876288646,0.41562883378564264,0.11643981284559761,0.5558853208286333
0.9295090310252438,0.17225972994440025,0.5632007416635278,0.6762474131984361,0.25801795299742875,0.4174155448776731,0.11719571158293043,0.5559632488918886
0.929288125921346,0.17401107788833875,0.5644515612489989,0.6760723631812489,0.2582861221394477,0.41914000289561315,0.11792820406254871,0.556168359941944
0.9290626471973615,0.17571034415993023,0.5657928154189121,0.6758856782504894,0.25853701579458216,0.42080445809816397,0.11863797442350162,0.5564962833280708
0.9288327298518042,0.17735921216177447,0.5670835306241815,0.6756877257122471,0.2587711642520509,0.4226295382446247,0.11932568294912155,0.5568010897636
0.9285985041095378,0.17895929738407773,0.5683255430299694,0.6754788595639505,0.2589890792938231,0.4246070385310892,0.11999196706496633,0.5570835204310723
0.9283600956297913,0.1805121507533,0.5695206037244146,0.6752594210813759,0.2591912549639182,0.4265175170709948,0.12063744228764331,0.5573442877761732
0.928132572216827,0.1820192617851711,0.5706703835741277,0.6750297393749322,0.2593781683001014,0.4283634147167384,0.12126270312730124,0.5575840768702806
0.9279156963413863,0.18348206155527216,0.571776477751012,0.6747901319170805,0.25955028003009284,0.4301470588235295,0.12186832394639731,0.5578035466963575
0.9277092334417172,0.18490192549937004,0.5728404099560757,0.6745409050426225,0.2597080352342748,0.43187066974595856,0.12245485977718013,0.5580033313631716
0.927512951995975,0.18628017605477246,0.5738636363636359,0.6742823544234685,0.2598518639767566,0.43353636689358666,0.1230228471001757,0.5581840412524579
0.9273121589478099,0.18761808515312609,0.5748475493072738,0.6740965609015677,0.259982181906536,0.43514617438008574,0.12357280458581961,0.5583462641033051
0.927121331588843,0.18891687657430714,0.5759149107772957,0.6739005106242792,0.2600993908303943,0.4367020262974021,0.12410523380124565,0.5584905660377352
0.9269402472527469,0.19017772817034415,0.5769422310756968,0.6736945129784068,0.2602038792590535,0.4382057716436638,0.12462061988411656,0.5586174925311624
0.9267686863617415,0.191401773967661,0.5779308648050187,0.6734788666976312,0.2602960229280357,0.43965917893106127,0.1251194321852677,0.5587275693311575
0.9266064324725235,0.19259010615533068,0.5788821083854023,0.6733326667333267,0.26037618529457474,0.4410639404976892,0.1256021248818259,0.5588213033276982
0.9264393926740047,0.19374377696647843,0.5797972031332592,0.6732539949703966,0.2604447180118488,0.4424216765453008,0.1260691375623663,0.5590232697493251
0.9262814677502107,0.19486380045946813,0.580677338146582,0.6731636534766069,0.2605019613817267,0.44373393892308627,0.1265208957855757,0.5592072748838581
0.9261324498966769,0.19595115420503856,0.5815236530109162,0.673061985396924,0.2605482447871498,0.4450022146759192,0.12695781161380393,0.5593738534914998
0.9259785956329887,0.19700678088512602,0.5823372403388646,0.672949322050197,0.26058388710520414,0.44622792937399697,0.12738028412280322,0.5596436870642906
0.9258200384953005,0.1980315898087148,0.5831191481549473,0.672825983426993,0.2606091971018778,0.44758471521268944,0.12778869988887936,0.5598945855294676
0.9256569075061457,0.19902645834968968,0.5838703821366974,0.6726922786625406,0.2606244738094366,0.44889699595280186,0.12818343345460698,0.5601271075908837
0.9254893273627744,0.1999922333113275,0.5845919077219986,0.6726222737211953,0.260630006887302,0.4501662065468479,0.12856484777419488,0.5603417920608459
0.9253174186161407,0.20092973222175245,0.5852846520918873,0.6726142000444214,0.2606260769672602,0.45139372337166905,0.1289332946395257,0.5605391587264693
0.9251412978410775,0.20183974456439088,0.5859495060373211,0.6725939505041245,0.26061295598378725,0.4525808671713698,0.12928911508783447,0.5607197091712294
0.9249610777981591,0.20303041696431912,0.58658732571776,0.6725618724238737,0.26059090749022784,0.45372890582471437,0.12963263979193757,0.5608839275543905
0.9247768675877243,0.2041878974969314,0.5871989343188014,0.6725892889256554,0.2605601869615264,0.4548390569490797,0.12996418943387114,0.5610322813508082
0.9245887727964961,0.2053131209066154,0.5877851236155689,0.6726744910862169,0.2605210420841684,0.4559124903521147,0.13028407506275147,0.5611652220534352
0.924396895637213,0.20640698944302857,0.5883466554480433,0.6728157736940494,0.26047371303395406,0.4569503303413967,0.13059259843762325,0.5612831858407074
0.9242138669328701,0.20747037423909503,0.5888842631140712,0.6729425737040658,0.26041843274219256,0.4579536579015881,0.13089005235602094,0.5613865942108371
0.9240395056621333,0.20850411661973822,0.5893986526853583,0.6730553008942933,0.2603554271508718,0.45892351274787524,0.13117672096892774,0.5614758545849153
0.9238736330142172,0.20950902934537233,0.5898905042513708,0.6731543509174704,0.2602849154573293,0.45986089526381485,0.1314528800827808,0.5615513608805944
0.9237160724272421,0.2104858977939122,0.5903604730957086,0.6732401058991242,0.260459595793083,0.4607667683311067,0.1317187974491345,0.5616134940580135
0.9235666496222621,0.21143548108481588,0.5908091908091903,0.673379166596628,0.2606224893040269,0.4616420590582601,0.13197473304256277,0.5617669394987758
0.9234251926331647,0.21235851314844564,0.5912372663435856,0.6735043873524368,0.2607739096674,0.4624876604146101,0.1322209393273492,0.5619057569741922
0.9232795615165632,0.21325570374382222,0.5916452870096547,0.6736810858056962,0.26091416116417715,0.4633044327756746,0.13245766151348556,0.5620303475686748
0.9231298631984042,0.21412773942765215,0.5920338194228976,0.6739077174356881,0.26104353901362376,0.4640932053854148,0.1326851378024709,0.5621410992616893
0.9229879934256341,0.2149752844773246,0.592403410400184,0.6741191315883135,0.2611623296938422,0.4648547777405616,0.13290359962337944,0.5623387440830501
0.9228537882450442,0.21579898177040552,0.5927545878102116,0.6743157489904494,0.26127081124898666,0.4655899209018139,0.13311327185963906,0.5625213838629818
0.9227270859303293,0.2165994536229997,0.5930878613805438,0.6744979760298437,0.2613692535837864,0.46629937873637306,0.1333143730669416,0.5626894241505817
0.922607727001032,0.21737730258920504,0.5934037234637909,0.674666205356441,0.2614579187459816,0.4669838690959728,0.13350711568268284,0.5628432573392858
0.9224841189111261,0.21813311222374573,0.5937026497653272,0.6748208164537242,0.26153706119724496,0.46764408493427667,0.13369170622731083,0.5629832631888024
0.9223677177979687,0.2188674478097462,0.5939851000347783,0.6750227683188493,0.2616069280731296,0.46828069536725175,0.13386834549794185,0.5631098093224444
0.9222583701622679,0.21958085705348745,0.5942515187233652,0.6752106687873738,0.2616677594325564,0.4688943466798851,0.13403722875458507,0.5632232517012028
0.9221559247187464,0.22027387074787758,0.5945023356090546,0.6753848951388048,0.2617197884973266,0.46948566328238267,0.13419854589930016,0.5633239350758205
0.9220602324050595,0.2209470034062661,0.5947379663913411,0.6755458121865522,0.2617632418821186,0.47005524861878395,0.1343524816485959,0.563505248055576
0.9219711463881272,0.22160075386813366,0.5949588132573683,0.6756937727847631,0.2617983398154059,0.4706036860307309,0.13449921569936257,0.5636727592464403
0.9218776044003945,0.22223560587810146,0.5951652654209851,0.675886880363304,0.2618252963517089,0.4711315395789514,0.1346389228886169,0.563826828589969
0.9217797165222144,0.22285202863961792,0.5953576996362374,0.6760666277030977,0.26184431957557247,0.4717629375134202,0.13477177334732424,0.56396780477048
0.9216775894586119,0.2234504773446042,0.5955364806866951,0.6762900330109457,0.2618556117976415,0.47249452442214,0.13489793264855027,0.5640960256456956
0.9215820000875966,0.22403139368026456,0.5957019618519336,0.6765558201589532,0.261859369743187,0.47320206380962365,0.13501756195018208,0.5642118186578073
0.9214928096624231,0.224595206314201,0.5958544853524023,0.6768071646883217,0.2618557847334184,0.47388620056732805,0.1351308181324474,0.5643155012259942
0.9214098814837614,0.22514233135890488,0.5959943827738395,0.6770444460097201,0.26184504285989896,0.47454755805305293,0.13523785393044915,0.5644073811213621
0.921333080902156,0.22567317281664037,0.5961219754723232,0.6772680311618684,0.261827325152368,0.47518673897472574,0.13533881806192305,0.5644877568252177
0.9212519235662611,0.2261881230056757,0.596237574960979,0.6775322716770201,0.2618028077402567,0.47580432623106966,0.13543385535041572,0.5645569178715311
0.921176788773026,0.22668756296876733,0.5963414832793077,0.6778359702761247,0.2617716620081701,0.4764008837115882,0.13552310684407132,0.5646151451743991
0.9211075470123175,0.22717186286475075,0.596433993346038,0.6781249999999998,0.26173405474559536,0.47697695705814425,0.13560670993020701,0.5646627113412664
0.921044070764007,0.22764138234404624,0.5965153892963517,0.6783997414594075,0.26169014829108384,0.47753307439026765,0.1356847984458476,0.5646998809726234
0.9209862344947359,0.22809647090884302,0.596585946804287,0.6786605629479356,0.2616401006711407,0.47806974699619004,0.13575750278438348,0.5647269109488555
0.9209339146530992,0.22853746825868482,0.5966459333910712,0.6789078209334318,0.26158406573404724,0.47858746999148116,0.13582494999850753,0.5647440507048846
0.9208869896633357,0.22896470462214116,0.5966956087200946,0.6791418605261085,0.26152219327882775,0.479086722947045,0.1358872638995797,0.5647515424931995
0.9208453399176192,0.22937850107521163,0.5967352248791968,0.6793630159246016,0.26145462917956425,0.4795679704881246,0.13594456515356165,0.564749621635849
0.920808847767029,0.22977916984707702,0.5967650266508959,0.6795716108411838,0.2613815155052527,0.480031662865866,0.13599697137365688,0.5647385167659295
0.9207773975112895,0.23016701461377867,0.5967852517711583,0.6797679589072598,0.2613029906353838,0.4804782365028953,0.13604459720978607,0.5647184500590776
0.9207508753873509,0.2305423307803767,0.5967961311772703,0.6799523640602034,0.26121918937142535,0.480908114514277,0.13608755443502188,0.5646896374554444
0.9207291695568923,0.2309054057521102,0.5967978892453448,0.6801738431392249,0.26113024304437193,0.4813217072051398,0.13612595202910094,0.5646522888726065
0.9207027357363464,0.2312565191950543,0.5967907440179643,0.6803830969075756,0.2610362796185229,0.481719412546179,0.13640719237923465,0.5646066084098412
0.9206810472439644,0.23159594328674507,0.5967749074224336,0.6805804260574246,0.26093742379163987,0.4821016166281754,0.13667998993766955,0.5645527945441714
0.9206639966615893,0.23192394295721794,0.5967505854800932,0.6807661221190815,0.2608337970916302,0.482468694096601,0.1369445291492253,0.5644910403185661
0.9206514784086193,0.2322407761208843,0.5967179785071154,0.6809874804191808,0.26072551796989374,0.4828210085673234,0.13720098982678045,0.5644215335226568
0.9206342431549958,0.23254669389964813,0.5966772813071853,0.6812435283068842,0.2606127018914666,0.4831589130243601,0.13744954728918962,0.5643444568663183
0.9206124004743341,0.23284194083764526,0.596628683356447,0.681487141526779,0.2604954614220874,0.4834827502005788,0.13792730419731733,0.5642599881464369
0.9205860567249948,0.23312675510796943,0.5965723689810739,0.6817186223553504,0.2603739063123076,0.4837928529421937,0.13862819756529215,0.5641683004071781
0.9205642554788657,0.23340136871173012,0.5965085175278049,0.6819382639223187,0.26024814357876086,0.4840895445578521,0.13931353521388898,0.5640695620940462
0.9205380237972056,0.2336660076697711,0.5964373035277678,0.6821463505519582,0.2601182775827016,0.4843731391530699,0.13998365539240257,0.5640370678388972
0.9205162694704841,0.23392089220736265,0.596358896853898,0.6823431580892538,0.2599844101059193,0.48464394195072535,0.1406388874366081,0.5639967577923511
0.9204901536188308,0.2341662369321645,0.5963372181020127,0.6825289542116775,0.2598466404241277,0.48490224959828576,0.14127955205309017,0.5639488117001826
0.920459774764979,0.23440225100574386,0.596370984257881,0.6827039987273157,0.2597050653779271,0.4851483504624016,0.1419059615928432,0.563893404551788
0.9204338420923185,0.23462913830891693,0.5963961522828882,0.6828685438600443,0.2595597794414307,0.48538252491147144,0.1425184203146115,0.5638307067331239
0.9204037103089591,0.23484709760117206,0.5964129177982734,0.6830659137921391,0.25941087478864444,0.4856050455867453,0.14311722463841428,0.5637608841738035
0.9203694729867373,0.2350563226744187,0.5964214711729621,0.6832952554177845,0.25925844135768367,0.4858161776625058,0.1437026633896777,0.5636840984886113
0.9203312210709211,0.2352570025012958,0.5964219976958829,0.6835557217816004,0.2591025669129089,0.48601617909583583,0.14427501803437745,0.563600507113678
0.9202974108108627,0.23544932137826183,0.5964146777415623,0.6838045150519914,0.2589433371050568,0.48620530086645664,0.14483456290557398,0.5635102634375525
0.9202679499891169,0.2356334590636788,0.596399686929298,0.6840419083903364,0.2587808355294421,0.48638378720709263,0.1453815654217046,0.5634135169273906
0.9202427478130605,0.23580959091109258,0.596377196276203,0.6843094100595841,0.25861514378229994,0.4865518758247968,0.14591628629697986,0.5633104132504719
0.920221714906657,0.23597788799790245,0.5963473723443904,0.6845653308341938,0.25844634151533846,0.4867097981136482,0.14643897974421363,0.5632010943912449
0.9202047633015711,0.2361385172496043,0.5963103773825621,0.6848099393580827,0.2582745064885656,0.48685777935920976,0.1469498936704023,0.5630856987640908
0.9201918064276751,0.2362916415597831,0.5962663694622454,0.6850434964888371,0.2580997146214536,0.4869960389351178,0.14744926986535192,0.5629643613219887
0.9201827591029879,0.2364374199060231,0.596215502608914,0.6852662555762367,0.2579220400425007,0.4871247904921524,0.14793734418364002,0.5628372136612535
0.9201695840931596,0.23657600746189558,0.5961579269282136,0.685517981306868,0.25774155513724817,0.48724424214012374,0.14841434672018308,0.5627043841225109
0.9201523707995785,0.2367075557051781,0.5960937887275067,0.6857979142573501,0.25755833059480754,0.48735459662288866,0.1488805019796709,0.5625659978880676
0.9201390472888511,0.236832212522451,0.5960232306329359,0.6860664642751977,0.2573724354529508,0.48745605148679994,0.1493360290401141,0.5624221770758241
0.9201295319187476,0.23695012231021184,0.5959463917021974,0.6863238908812502,0.2571839371418154,0.48754879924287164,0.14978114171074242,0.5622730408298734
0.9201160150189982,0.23706142607264116,0.5958634075332077,0.6865704461858303,0.25699290152627213,0.4876330275229351,0.15021604868447855,0.5621825607092548
0.9201062571154315,0.23716626151614809,0.5957744103688353,0.686806375150006,0.2567993929470024,0.4877089192300399,0.1506409536852032,0.5620861352086649
0.9201001795252552,0.23726476314081762,0.5956795291978656,0.6870319158358835,0.2566034742603313,0.48777665268334947,0.1510560556100171,0.561983892343766
0.9200901384646529,0.2373570623288774,0.5955788898523521,0.6872472996464634,0.25640520687685825,0.4878364017577612,0.1514615486666963,0.5618759570240823
0.9200837313778527,0.237443287430296,0.595472615101506,0.687452751555564,0.25620465079892796,0.48788833601847686,0.1518576225065287,0.5617624511442613
0.9200808824167525,0.23752356384561962,0.5953608247422676,0.6876484903282897,0.25600186465698055,0.48793262085073186,0.15224446235271072,0.5616434936721502
0.9200815169388923,0.2375980141061508,0.5952436356866938,0.6878347287324936,0.25579690574482017,0.48796941758488793,0.15262224912447592,0.5615192007338178
0.9200855614973259,0.2376667579515669,0.5951211620462918,0.6880116737416614,0.2555898300538384,0.4879988836170799,0.1529911595571197,0.5613896856956432
0.9200929438301523,0.23772991240507318,0.5949935152134237,0.6881795267296187,0.25538069230622823,0.48802117252559885,0.15335136631807644,0.5612550592435898
0.9201035928497312,0.23778759184618062,0.5948608039398978,0.6883384836574457,0.2551695459872224,0.48803643418318826,0.1537030381191993,0.5611154294597747
0.9201174386316137,0.23783990808119498,0.5947231344128634,0.6884887352529584,0.2549564433763891,0.48804481486541795,0.15404633982538632,0.5609709018964437
0.9201344124032038,0.23788697041150075,0.5945806103281099,0.688630467183101,0.2547414355780167,0.4880464573552947,0.15438143255969014,0.5608215796474495
0.9201544465321797,0.23792888569971865,0.594433332960881,0.6887638602195713,0.2545245725506176,0.48804150104426236,0.15470847380504266,0.5606675634173344
0.9201774745146922,0.237965758433814,0.5942814012342934,0.6888890903979904,0.2543059031355806,0.48803008202973314,0.15502761750272082,0.5605089515881089
0.9201964345340379,0.23799769078922867,0.5941249117854619,0.6890405286184978,0.2540854750849996,0.4880123332092915,0.15533901414767412,0.5603458402838147
0.9202114108479482,0.2380247826891067,0.593963959029413,0.6892175700433439,0.25386333508870673,0.4879883843716991,0.15564281088082915,0.5601783234329596
0.9202293846932299,0.23804713186268203,0.5937986352208785,0.6893859407855625,0.2536395288005338,0.48795836228482925,0.15593915157848212,0.5600064928289025
0.920250292127124,0.23806483390189173,0.5936290305140457,0.6895458229096927,0.2534141008638301,0.4879223907806487,0.15622817693888558,0.559830438188269
0.9202740702602081,0.23807798231627766,0.5934552330203474,0.689697393737974,0.2531870949362579,0.4878805908373635,0.15651002456613056,0.5596502472074713
0.9203006572452338,0.23808666858623664,0.5932773288643615,0.6898408260027611,0.2529585537138913,0.48783308065883707,0.15678482905142238,0.5594660056174026
0.9203299922658061,0.2380909822146751,0.5930954022378957,0.6899762879931016,0.2527285189546387,0.48777997575138693,0.15705272205184312,0.5592777972363767
0.9203553555495209,0.23809101077712475,0.5929095354523227,0.6901363834833006,0.25249703150101255,0.4877213889980593,0.1573138323666907,0.5590857040213755
0.9203834417285701,0.2380868399703714,0.5927198089892348,0.6902883569096842,0.25226413130226566,0.48765743073047757,0.15756828601148062,0.558889806117668
0.9204141921263699,0.2380785536596475,0.5925263015494763,0.6904323749387986,0.25202985743591494,0.4875882087983574,0.15781620628969326,0.5586901819068628
0.9204475490456897,0.23806623392443832,0.5923290901006175,0.6906003252250587,0.25179424812867185,0.48751382863677506,0.1580577138623455,0.5584869080534473
0.9204769795822842,0.23804996110294754,0.5921282499229269,0.6907601774551988,0.25155734077679803,0.4874343933312741,0.15829292681546334,0.5583345191055265
0.9205089943836654,0.23802981383526825,0.5919238546538943,0.690912096540893,0.2513191719659043,0.48735000368089026,0.1586825786387396,0.5581779817711165
0.9205435377620217,0.23800586910530266,0.5917159763313611,0.6910562432281572,0.25107977749021043,0.48726075825917253,0.15906384878702196,0.5580173792745666
0.9205805549596467,0.23797820228147193,0.5915046854353069,0.691192774227207,0.25083919237128194,0.48716675347327265,0.15943689033402314,0.557852793023081
0.9206199921380472,0.23794688715625686,0.5912900509283396,0.6913218423374915,0.2505974508762611,0.48706808362117626,0.1598018530410055,0.5576843026544706
0.9206617963669805,0.2379119959846077,0.5910721402949385,0.6914435965681106,0.25035458653560694,0.4869648409471408,0.1601588834429606,0.5575119860834147
0.9206997042278031,0.2378735995212607,0.5908510195794918,0.6915581822538132,0.25011063216035906,0.48685711569540724,0.16050812493214153,0.5573359195462884
0.9207399619793775,0.237831767056997,0.5906267534231745,0.6916657411667642,0.24986561985894137,0.4867449961622473,0.16084971783904253,0.5571561776446061
0.9207825185079226,0.23778656645387855,0.5903994050997047,0.69176641162426,0.24961958105351745,0.48662856874640537,0.16118379951091524,0.5569728333871321
0.9208273235613857,0.2377380641794938,0.5901690365500206,0.6918603285925622,0.24937254649591334,0.4865079179979933,0.16151050438790895,0.556785958230704
0.9208743277388035,0.2376863253402462,0.5899357084159136,0.6919476237870115,0.2491245462831192,0.4863831266658931,0.16182996407691777,0.5565956221198157
0.920923482479634,0.23763141371371524,0.5896994800726555,0.6920284257685769,0.24887560987238358,0.48625427574371927,0.16214230742321425,0.5564018935250034
0.9209747400530697,0.2375733917801206,0.5894604096606544,0.6921028600369876,0.2486257660959119,0.48612144451439265,0.16244766057994697,0.556255588976506
0.921028053547339,0.2375123207529172,0.5892185541161724,0.6921710491205866,0.24837504317518116,0.48598471059337356,0.16274614707557444,0.5561054438945561
0.921083376859005,0.23744826060854998,0.5889739692011371,0.6922331126630409,0.2481234687348822,0.4858441499706018,0.16303788787930756,0.5559515324305061
0.9211406646822693,0.23738127011539364,0.5887267095320791,0.6922891675070363,0.24787106981650076,0.48569983705118736,0.1633230014646277,0.5557939271780238
0.9211998724982879,0.23731140686190377,0.5884768286082237,0.6923393277750775,0.2476178728915475,0.4855518446948955,0.16360160387094608,0.5556326992124736
0.9212609565645068,0.2372387272840042,0.5882243788387674,0.6923837049475082,0.2473639038744481,0.48540024425446765,0.16387380876346724,0.5554679181291163
0.9213238739040229,0.23716328669173387,0.5879694115693639,0.6924224079378671,0.24710918813510244,0.48524510561281814,0.16413972749131728,0.5552996520801686
0.9213885822949777,0.23708513929517705,0.5877119771078484,0.6924555431656786,0.2468537505111234,0.48508649721914354,0.16439946914399484,0.5551279678107616
0.9214550402599894,0.23700433822969774,0.5874521247492253,0.6924832146267849,0.24659761531976376,0.4849244861239835,0.16465314060620062,0.5549529306938364
0.9215232070556277,0.23692093558050156,0.5871899027999423,0.6925055239613138,0.246340806369541,0.484759138013267,0.16490084661109947,0.5547746047640137
0.9215874826827483,0.23683498240654408,0.5869253586014771,0.6925496915202255,0.24608334697156786,0.4845905172413783,0.16514268979206684,0.5545930527504714
0.9216479420156558,0.2367465287638064,0.5866585385532559,0.69261529877172,0.24582525995059812,0.48441868686327555,0.16537877073296925,0.5544083361088643
0.9217101431554698,0.23665562372795737,0.5863894881349287,0.6926751592356686,0.2455665676557949,0.48424370866569305,0.16560918801702693,0.554220515052319
0.9217740465922208,0.23656231541642048,0.5861182519280208,0.6927293791856224,0.24530729197122958,0.48406564319745804,0.16583403827430468,0.5540296485815337
0.9218342026186561,0.2364666510098637,0.5858448736369809,0.6928044928044925,0.24504745432611932,0.4838845497989506,0.1660534162278756,0.5538357945140143
0.9218906823045218,0.23636867677312975,0.5855693961096454,0.6929000934748942,0.24478707570481031,0.48375957473525494,0.1662674147387003,0.5536390095124742
0.9219488942132796,0.23626843807562325,0.585291861357138,0.6929896921509229,0.2445261766565138,0.4836310297835145,0.16647612484926333,0.5534393491124261
0.9220034964272248,0.23616597941117096,0.585012310573222,0.6930733992353527,0.24426477730480223,0.4834989812909154,0.16667963582600595,0.5532368677489934
0.9220545565461352,0.2360613444173713,0.5847307841531234,0.69317707299375,0.24400289735687175,0.483363494283128,0.16687803520059408,0.5530316187829648
0.9221073750742367,0.2359545758944473,0.5844473217118409,0.6932747384318153,0.243740556112578,0.48322463249575653,0.16707140881005828,0.5528236545261186
0.9221567140445727,0.23584571582361852,0.5841619621019599,0.6933665053138266,0.243477772473251,0.48308245840490194,0.16725984083584114,0.5526130262658399
0.9222026378168116,0.2357348053850053,0.5838747434309852,0.6934524809352637,0.24321456495029586,0.4829370332568681,0.16744341384178663,0.5523997842890527
0.9222503427822442,0.23562188497507974,0.583585703078208,0.6935327701913122,0.24295095167358488,0.4827884170970389,0.16762220881110454,0.5521839779054906
0.9222997917029335,0.2355069942236759,0.5832948777111214,0.6936074756431014,0.24268695039964652,0.482636668797953,0.16779630518234176,0.5519656554703264
0.9223458804508968,0.2353901720105724,0.5830023033013988,0.6937014781639366,0.2424225785196573,0.4824818460866014,0.16796578088439137,0.5517448644061805
0.9223937056427466,0.23527145648165976,0.5827080151404477,0.6937897849074658,0.24215785306724175,0.4823240055709746,0.1681307123705691,0.5515216512245295
0.9224432312030241,0.235150885064704,0.582412047854554,0.6938724979149287,0.2418927907260855,0.4821632027658812,0.16829117465178606,0.5512960615465317
0.9224894506118791,0.23502849448471896,0.5821144354196268,0.693974031020302,0.24162740783736708,0.48199949211806203,0.1684472413288454,0.5510681401232906
0.9225373633889722,0.23490432077895718,0.5818152111755578,0.6940940219350182,0.2413617204070125,0.48183292703062225,0.16859898462388906,0.5508379308555718
0.9225869345745188,0.2347783993115317,0.5815144078402056,0.6942081089034168,0.24109574411277826,0.4816635598868028,0.1687464754110214,0.5506054768129904
0.9226381297673709,0.23465076478767768,0.5812120575230183,0.6943402464300695,0.24082949431116646,0.4814914420731113,0.16888978324613357,0.5503708202526884
0.9226860689749773,0.2345214512676654,0.5809081917383021,0.6944900796158214,0.24056298604417786,0.481316624001833,0.16902897639595366,0.5501340026375123
0.9227356263723152,0.23439049218037344,0.5806028414181496,0.6946337174616127,0.24029623404590555,0.48113915513294164,0.1691641218663448,0.5498950646537135
0.9227867686087613,0.23425792033653198,0.5802960369250361,0.6947712703871763,0.24002925274897466,0.48095908399542653,0.16929528542987454,0.549654046228178
0.9228347075430924,0.23412376794164536,0.5799878080640949,0.6949028463657339,0.23976205629083147,0.4807764582080567,0.16942253165267684,0.549410986545208
0.9228842259131761,0.2339880666086028,0.57967818409508,0.6950285509909594,0.23949465851988666,0.48059132449959724,0.16954592392062745,0.5491659240628618
0.9229352913773595,0.2338508473699858,0.5793671937440255,0.6951484875417571,0.23922707300151586,0.4804037287284952,0.16966552446485308,0.5489188965288708
0.9229878721058432,0.2337121406900806,0.5790548652146121,0.695262757044935,0.23895931302392126,0.48026619835474527,0.1697813943865941,0.5486699409961433
0.923037299058276,0.23357197647660427,0.5787412261992478,0.6953714583358568,0.2386913916038585,0.48012575378732064,0.16989359368143928,0.5484606052657464
0.9230882368962925,0.23343038409215142,0.5784263038898708,0.6954746881171425,0.23842332149223147,0.4799824463562465,0.1700021812629513,0.5482903125866257
0.9231360741671361,0.2332873923653696,0.5781101249884841,0.6955725410154961,0.23815511517955923,0.4798363264378257,0.17010721498570022,0.548117392326843
0.9231854176648239,0.23314302960187094,0.5777927157174287,0.6956651096367258,0.2378867849013181,0.4796874434757432,0.17020875166772237,0.5479418905729473
0.9232362369487155,0.23299732359488706,0.577474101829403,0.695752484619025,0.2376183426431618,0.479535846001618,0.17030684711242133,0.5477638525602966
0.9232840053309358,0.2328503016356736,0.5771543086172347,0.6958347546845775,0.23734980014602322,0.4793815816550195,0.17040155612992625,0.5476237979330435
0.923328775709363,0.232701990523672,0.5768333609234152,0.6959120066895498,0.2371779881103301,0.4792246972029642,0.17060506516901564,0.5474808893686944
0.9233750423970574,0.2325524165764344,0.5765112831493991,0.695984325672525,0.23700511715593847,0.4790652385589084,0.17080397708566541,0.5473351756810108
0.9234227758100143,0.2324016056393183,0.5761880992646788,0.6960517949014393,0.2368312105788665,0.4789032508012528,0.1709983633387889,0.547186704784644
0.9234719468173302,0.23224958309495675,0.5758638328156394,0.696114495919071,0.23665629125437515,0.47873877819137184,0.1711882941053947,0.5470355237150292
0.9235225267357229,0.2320963738725102,0.5755385069341992,0.6961725085871372,0.23648038164536367,0.47857186419118375,0.17137383830800695,0.546881678647756
0.9235744873240669,0.2319420024567063,0.5752121443462433,0.696225911129044,0.2363035038105736,0.47840255148027355,0.17155506364139458,0.5467252149174346
0.9236278007779479,0.23178649289667205,0.5748847673798553,0.6962747801713418,0.23612567941260595,0.47823088197258284,0.17173203659863076,0.5465661770360687
0.9236824397242361,0.23162986881456474,0.5745563979733515,0.6963191907839279,0.23594692972575607,0.4780568968326791,0.17190482249650085,0.5464046087109534
0.923738377215682,0.23147215341400654,0.5742270576831265,0.696359216519042,0.2357672756436717,0.4778806364916162,0.17207348550027837,0.5462405528621118
0.9237955867255372,0.23131336948832792,0.5738967676913113,0.6963949294490971,0.23558673768683855,0.4777021406623991,0.17223808864788698,0.5460740516392824
0.9238540421421995,0.23115353942862474,0.5735655488132513,0.6964264002033844,0.23540533600989702,0.47752144835506216,0.17239869387346587,0.545905146438472
0.9239137177638879,0.23099268523163405,0.5732334215048095,0.6964536980036934,0.23522309040879588,0.47733859789137545,0.17255536203035582,0.5457338779180877
0.9239745882933451,0.23083082850743297,0.5729004058694979,0.6964768906988819,0.23504002032778556,0.4771536269191862,0.1727081529135222,0.5455602860146588
0.9240324986262661,0.23066799048696546,0.5725665216654431,0.6964960447984339,0.2348561448662561,0.47701402688972117,0.17285712528143107,0.5453844099581617
0.9240874986584453,0.2305041920294014,0.5722317883121908,0.6965112255050392,0.23467148278542363,0.47687191873738444,0.17300233687739347,0.5452062882869586
0.9241437185003375,0.23033945362933145,0.5718962248973515,0.6965224967462269,0.23448605251486865,0.4767273445472191,0.173143844450393,0.545025958862363
0.9241970765071476,0.23017379542380373,0.5715598501830945,0.6965299212050857,0.23429987215893025,0.47658034566607343,0.1732817037754114,0.5448434588828408
0.9242476203723472,0.23000723719920366,0.571222682612492,0.696533560350102,0.23411295950296016,0.47643096271799323,0.17341596967326553,0.5446588248978584
0.9242994064241653,0.22983979839798374,0.570884740315718,0.6965334744641435,0.23392533201943966,0.47627923561923485,0.17354669602996972,0.5444720928213884
0.9243524102457087,0.22967149812524462,0.570546041116107,0.6965297226726185,0.2337370068739625,0.4761252035929099,0.17367393581563662,0.5442832979450823
0.9244066077892681,0.2295023551551728,0.5702066025360738,0.6965223629708369,0.23354800093108832,0.4759689051832706,0.17379774110292898,0.5440924749511199
0.9244619753717573,0.22933238793733782,0.5698664418028999,0.6965114522506001,0.23335833076006876,0.47581037826964867,0.17391816308507507,0.5438996579247436
0.9245184896701782,0.2291616146028525,0.5695255758543901,0.6964970463260439,0.23316801264044934,0.47564966008005477,0.17403525209345905,0.5437048803664886
0.9245761277171081,0.2289900529704,0.5691840213444009,0.6964791999587607,0.2329770625675513,0.4754867872044496,0.1741490576147986,0.5435081752041157
0.9246309963099635,0.22881772055213034,0.5688417946482464,0.6964579668822211,0.2327854962578346,0.4753217956076954,0.17425962830792047,0.5433095748042556
0.924686988970361,0.22864463455943013,0.5684989118679823,0.6964333998255218,0.23259332915414704,0.4751547206421973,0.17436701202014498,0.5431091109837739
0.9247440833531014,0.22847081190856838,0.568155388837574,0.6964055505364775,0.23240057643086046,0.4749855970602423,0.17447125580328998,0.5429068150208624
0.9248022574520646,0.22829626922622176,0.5678112411279495,0.69637446980408,0.23220725299889777,0.4748144590260445,0.1745724059293045,0.5427027176658663
0.9248614895959288,0.22812102285488162,0.5674664840519399,0.6963402074803448,0.232013373510653,0.4746413401275055,0.1746705079055419,0.5424968491518539
0.9249179989500278,0.2279450888581462,0.5671211326691138,0.6963214714114357,0.2318189523648075,0.4744662733876959,0.17476560648968223,0.5422892392049351
0.9249755675251133,0.22776848302590055,0.5667752017905032,0.6962994639642778,0.23162400371104447,0.4742892912760686,0.17485774570431312,0.5420799170543378
0.9250341742264201,0.22759122087938713,0.5664287059832279,0.6962742352807312,0.23142854145466366,0.47411042571940715,0.17494696885117791,0.5418689114422459
0.925093798278526,0.2274133176761692,0.5660816595750184,0.6962458345843938,0.23123257926109964,0.4739297081125205,0.17503331852510004,0.5416562506334077
0.9251544192212973,0.2272347884149903,0.5657340766586411,0.6962143102012833,0.23103613056034566,0.47374716932868793,0.17511683662759234,0.5414419624245198
0.9252160169058612,0.2270556478405315,0.5653859710962283,0.6961797095799631,0.23083920855128495,0.4735628397298623,0.17519756438015902,0.5412260741533934
0.9252785714906077,0.2268759104480695,0.5650373565235145,0.6961420793111308,0.23064182620593163,0.4733767491766379,0.17527554233729886,0.5410086127079076
0.925338452867105,0.22669559048803803,0.5646882463539814,0.6961014651466838,0.23044399627358436,0.47323149933264036,0.17535081039921685,0.5407896045347568
0.9253992937719627,0.2265147019704937,0.5643386537829156,0.6960579120182803,0.2302457312848934,0.47312653109412267,0.17542340782425198,0.5405690756479969
0.9254575053088993,0.22633325866949025,0.5639885917913785,0.6960293085083521,0.23004704355584393,0.4730191131442325,0.1754933732410289,0.5403470516373957
0.9255166786371504,0.22615127412736202,0.5636380731500926,0.6960154363819557,0.22984794519165763,0.4729092835482802,0.17556074466033983,0.540123557676593
0.9255166786371504,0.22615127412736202,0.5636380731500926,0.6960154363819557,0.22984794519165763,0.4729092835482802,0.17556074466033983,0.540123557676593
