0.5,0.5,0.5,0.5,0.5,0.5,0.5,0.5
0.25,0.25,0.25,0.25,0.25,0.25,0.25,0.07692307692307691
0.0625,0.14285714285714285,0.14285714285714285,0.14285714285714285,0.14285714285714285,0.14285714285714285,0.14285714285714285,0.02941176470588235
0.02631578947368421,0.09090909090909091,0.09090909090909091,0.09090909090909091,0.09090909090909091,0.09090909090909091,0.09090909090909091,0.015384615384615384
0.014285714285714287,0.0625,0.0625,0.0625,0.0625,0.0625,0.0625,0.009433962264150941
0.00970873786407767,0.045454545454545456,0.045454545454545456,0.045454545454545456,0.045454545454545456,0.045454545454545456,0.045454545454545456,0.006756756756756755
0.007299270072992701,0.034482758620689655,0.034482758620689655,0.02631578947368421,0.034482758620689655,0.034482758620689655,0.034482758620689655,0.005235602094240836
0.005524861878453039,0.027027027027027025,0.027027027027027025,0.01818181818181818,0.027027027027027025,0.027027027027027025,0.027027027027027025,0.004255319148936169
0.004424778761061948,0.021739130434782608,0.021739130434782608,0.013698630136986299,0.01818181818181818,0.021739130434782608,0.021739130434782608,0.003571428571428571
0.0035587188612099647,0.017857142857142856,0.017857142857142856,0.010869565217391302,0.013513513513513516,0.017857142857142856,0.017857142857142856,0.0030674846625766868
0.0028901734104046246,0.014925373134328356,0.014925373134328356,0.008928571428571426,0.010638297872340429,0.014925373134328356,0.014925373134328356,0.0026809651474530827
0.002375296912114015,0.012658227848101264,0.012658227848101264,0.007518796992481202,0.008695652173913045,0.011363636363636362,0.012658227848101264,0.002375296912114014
0.0020120724346076465,0.010869565217391304,0.010869565217391304,0.006451612903225806,0.007299270072992701,0.00909090909090909,0.010869565217391304,0.0021276595744680847
0.0017152658662092628,0.009433962264150943,0.009433962264150943,0.0056179775280898875,0.00625,0.0075187969924812035,0.009433962264150943,0.0019230769230769225
0.001472754050073638,0.008264462809917356,0.008264462809917356,0.0049504950495049506,0.005434782608695652,0.006369426751592357,0.008264462809917356,0.001751313485113835
0.0012738853503184715,0.007299270072992701,0.007299270072992701,0.004405286343612335,0.004784688995215311,0.005494505494505495,0.007299270072992701,0.00160513643659711
0.0011210762331838567,0.006493506493506493,0.006493506493506493,0.003952569169960475,0.00425531914893617,0.004608294930875576,0.006493506493506493,0.001479289940828402
0.000991080277502478,0.005813953488372092,0.005813953488372092,0.0035714285714285726,0.0038167938931297704,0.003952569169960473,0.005813953488372092,0.0013698630136986297
0.0008873114463176576,0.005235602094240836,0.005235602094240836,0.003246753246753248,0.0034482758620689646,0.0034482758620689646,0.005235602094240836,0.0012594458438287151
0.0007968127490039841,0.004739336492890994,0.004739336492890994,0.002967359050445105,0.003134796238244513,0.0030487804878048773,0.004739336492890994,0.0011641443538998831
0.000722543352601156,0.004310344827586205,0.004310344827586205,0.0027247956403269762,0.002865329512893982,0.002724795640326975,0.004310344827586205,0.0010810810810810804
0.0006565988181221273,0.003937007874015746,0.003937007874015746,0.0025125628140703522,0.00263157894736842,0.0024570024570024565,0.003937007874015746,0.0010080645161290316
0.0005980861244019139,0.0036101083032490954,0.0036101083032490954,0.002325581395348838,0.0024271844660194164,0.002232142857142857,0.0036101083032490954,0.0009433962264150938
0.0005461496450027308,0.003322259136212623,0.003322259136212623,0.002159827213822895,0.0022471910112359544,0.002040816326530612,0.003322259136212623,0.0008857395925597869
0.0005022601707684581,0.0030674846625766855,0.0030674846625766855,0.001976284584980238,0.00208768267223382,0.001876172607879925,0.0030674846625766855,0.0008340283569641363
0.00046274872744099955,0.0028409090909090897,0.0028409090909090897,0.0018181818181818188,0.001945525291828793,0.0017331022530329288,0.0028409090909090897,0.0007874015748031493
0.0004271678769756514,0.0026385224274406323,0.0026385224274406323,0.0016806722689075638,0.0018181818181818173,0.001607717041800643,0.0026385224274406323,0.0007451564828614006
0.00039510075069142635,0.0024570024570024565,0.0024570024570024565,0.0015600624024961003,0.0017035775127768307,0.0014970059880239518,0.0024570024570024565,0.0007067137809187277
0.0003661662394727207,0.002293577981651376,0.002247191011235955,0.0014534883720930237,0.0015999999999999994,0.0013986013986013982,0.002293577981651376,0.0006715916722632636
0.0003400204012240735,0.0021459227467811154,0.0020661157024793385,0.0013422818791946312,0.0015060240963855416,0.0013106159895150717,0.0021459227467811154,0.0006393861892583117
0.0003163555836760519,0.002012072434607645,0.0019083969465648852,0.0012453300124533003,0.001420454545454545,0.001231527093596059,0.002012072434607645,0.0006097560975609754
0.00029489826010026547,0.0018903591682419652,0.0017699115044247785,0.0011600928074245944,0.0013422818791946306,0.001160092807424594,0.0018903591682419652,0.0005824111822946998
0.0002754062241806666,0.0017793594306049815,0.0016474464579901151,0.0010845986984815623,0.0012706480304955526,0.001095290251916758,0.0017793594306049815,0.0005571030640668521
0.0002576655501159496,0.001677852348993288,0.0015384615384615382,0.0010172939979654124,0.0012048192771084336,0.0010362694300518136,0.001677852348993288,0.000533617929562433
0.0002414875633904855,0.0015847860538827252,0.001440922190201729,0.0009569377990430623,0.0011441647597254005,0.0009823182711198432,0.0015847860538827252,0.0005117707267144317
0.00022670596236681035,0.001499250374812593,0.0013531799729364004,0.0009025270758122745,0.001088139281828074,0.0009328358208955227,0.001499250374812593,0.0004914004914004912
0.0002135839384878258,0.0014204545454545448,0.001273885350318471,0.0008532423208191129,0.0010362694300518134,0.0008873114463176579,0.0014204545454545448,0.00047236655644780325
0.00020185708518369002,0.0013477088948787058,0.0012019230769230768,0.0008084074373484239,0.0009794319294809011,0.0008453085376162302,0.0013477088948787058,0.0004526935264825711
0.00019131432944327536,0.001280409731113956,0.001136363636363636,0.0007674597083653111,0.0009276437847866419,0.0008064516129032261,0.001280409731113956,0.0004344048653344915
0.000181785129976368,0.0012180267965895245,0.0010764262648008608,0.0007251631617113853,0.0008802816901408451,0.000770416024653313,0.0012180267965895245,0.0004173622704507511
0.00017286084701815044,0.0011600928074245935,0.0010214504596527067,0.000686813186813187,0.0008368200836820083,0.0007369196757553428,0.0011600928074245935,0.0004014452027298273
0.0001645007402533312,0.0011061946902654863,0.0009708737864077668,0.0006518904823989571,0.000796812749003984,0.0007057163020465773,0.0011061946902654863,0.0003865481252415925
0.00015666614444618523,0.001055966209081309,0.0009242144177449167,0.0006199628022318662,0.0007598784194528874,0.0006765899864682002,0.001055966209081309,0.0003725782414307004
0.00014932059130954166,0.0010090817356205848,0.0008810572687224668,0.0005906674542232724,0.0007256894049346877,0.0006493506493506492,0.0010090817356205848,0.0003594536304816678
0.00014261266400456365,0.000965250965250965,0.0008410428931875524,0.0005636978579481399,0.0006939625260235946,0.0006238303181534621,0.000965250965250965,0.0003471017007983339
0.00013629548861932673,0.0009242144177449166,0.0008038585209003214,0.0005387931034482759,0.0006644518272425248,0.0005998800239952009,0.0009242144177449166,0.00033545790003354584
0.00013034410844629826,0.0008857395925597872,0.0007692307692307691,0.0005157297576070139,0.0006369426751592356,0.000577367205542725,0.0008857395925597872,0.0003244646333549644
0.0001247349382562056,0.0008496176720475784,0.0007369196757553425,0.0004943153732081067,0.0006112469437652811,0.0005561735261401555,0.0008496176720475784,0.0003140703517587941
0.00011944577161968471,0.0008156606851549754,0.0007067137809187277,0.0004743833017077798,0.0005871990604815032,0.0005361930294906164,0.0008156606851549754,0.0003042287800425921
0.00011445576284765943,0.0007836990595611284,0.0006784260515603798,0.0004557885141294439,0.000564652738565782,0.0005173305742369372,0.0007836990595611284,0.0002948982601002655
0.00010974539069359091,0.000753579502637528,0.0006518904823989568,0.00043840420868040324,0.0005434782608695651,0.0004995004995004993,0.000753579502637528,0.0002860411899313502
0.00010539629005059024,0.0007251631617113849,0.0006269592476489028,0.0004205214465937762,0.0005235602094240837,0.0004826254826254824,0.0007251631617113849,0.0002776235424764021
0.00010136847440446025,0.0006983240223463685,0.0006035003017501508,0.0004024144869215291,0.0005047955577990913,0.00046663555762949116,0.0006983240223463685,0.00026961445133459166
9.754194303550531e-05,0.0006729475100942124,0.0005813953488372092,0.0003856536829926725,0.0004870920603994154,0.0004514672686230246,0.0006729475100942124,0.0002619858527639509
9.398496240601508e-05,0.0006489292667099284,0.000557724484104852,0.0003688675765400221,0.00047036688617121345,0.00043706293706293685,0.0006489292667099284,0.0002547121752419767
9.06700516819295e-05,0.0006261740763932371,0.0005356186395286554,0.00035223670306445926,0.0004545454545454545,0.00042337002540220135,0.0006261740763932371,0.0002477700693756196
8.757334267448994e-05,0.0006045949214026601,0.0005149330587023685,0.0003359086328518642,0.00043956043956043956,0.00041034058268362724,0.0006045949214026601,0.0002411381721726551
8.467400508044035e-05,0.0005841121495327102,0.0004955401387512386,0.0003199999999999999,0.0004237288135593221,0.0003979307600477515,0.0005841121495327102,0.00023479690068091118
8.189337482597662e-05,0.0005646527385657819,0.0004773269689737468,0.0003054367745876603,0.0004088307440719542,0.00038610038610038594,0.0005646527385657819,0.00022872827081427282
7.922674694977028e-05,0.0005461496450027306,0.00046019328117809466,0.0002920560747663551,0.0003947887879984209,0.0003748125937031482,0.0005461496450027306,0.00022291573785109242
7.666947788085568e-05,0.0005285412262156446,0.0004440497335701597,0.0002797202797202797,0.0003815337657382679,0.00036403349108117924,0.0005285412262156446,0.00021734405564007836
7.421701053881555e-05,0.0005117707267144318,0.0004288164665523155,0.00026831231553528306,0.0003690036900369004,0.00035260930888575436,0.0005117707267144318,0.0002119991520033921
7.18648939992814e-05,0.0004957858205255328,0.0004144218814753417,0.00025773195876288655,0.00035714285714285714,0.0003417634996582363,0.0004957858205255328,0.00020686801820438572
6.960879855213704e-05,0.0004805382027871215,0.0004008016032064126,0.00024789291026276647,0.0003459010722933241,0.0003314550878355981,0.0004805382027871215,0.0002019386106623587
6.744452687664401e-05,0.00046598322460391414,0.00038789759503491056,0.00023872045834328,0.00033523298692591353,0.0003216468317787068,0.00046598322460391414,0.00019719976336028404
6.536802196365542e-05,0.00045207956600361657,0.0003756574004507887,0.00023014959723820482,0.00032509752925877764,0.0003123048094940661,0.00045207956600361657,0.00019264110961279146
6.341154090044392e-05,0.0004387889425186485,0.0003640334910811793,0.00022168033695411216,0.0003154574132492114,0.00030339805825242705,0.0004387889425186485,0.00018825301204819286
6.156498183833039e-05,0.0004260758414997869,0.00035298270384751136,0.00021335609131640707,0.0003062787136294028,0.00029489826010026525,0.0004260758414997869,0.00018402649981597358
5.978715771852209e-05,0.00041390728476821187,0.0003424657534246574,0.00020559210526315788,0.00029753049687592984,0.00028677946659019197,0.00041390728476821187,0.00017995321216483724
5.807538184563567e-05,0.00040225261464199515,0.00033244680851063813,0.00019833399444664813,0.00028918449971081553,0.00027901785714285696,0.00040225261464199515,0.0001760253476500617
5.6455710495116605e-05,0.0003910833007430582,0.00032289312237649315,0.00019120458891013384,0.00028121484814398203,0.00027159152634437787,0.0003910833007430582,0.00017223561832586988
5.4920913884007054e-05,0.00038037276531000376,0.00031377470975839323,0.00018453589223103894,0.0002735978112175103,0.0002644802962179316,0.00038037276531000376,0.00016832183134152508
5.343878587078504e-05,0.0003700962250185048,0.0003042287800425918,0.00017828489926903192,0.00026631158455392814,0.00025766555011594934,0.0003700962250185048,0.00016455487905216398
5.203184348821481e-05,0.00036023054755043225,0.0002951593860684768,0.0001721466689619556,0.0002593360995850623,0.0002511300853842289,0.00036023054755043225,0.00016092693916961709
5.067139599695974e-05,0.00035075412136092597,0.0002865329512893981,0.00016638935108153079,0.00025265285497726126,0.0002448579823702251,0.00035075412136092597,0.00015743073047858952
4.935590543408521e-05,0.000341646737273659,0.00027762354247640186,0.00016097875080489375,0.0002462447672986949,0.00023883448770002373,0.000341646737273659,0.00015405946695424446
4.81046757744853e-05,0.00033288948069241003,0.0002685284640171857,0.00015588464536243178,0.00024009603841536618,0.0002330459100442786,0.00033288948069241003,0.0001508068164681045
4.691311690748735e-05,0.0003244646333549642,0.000259942812581232,0.0001508750754375377,0.000234192037470726,0.00022747952684258404,0.0003244646333549642,0.0001476668635558182
4.575821359934109e-05,0.0003163555836760518,0.00025182573659027945,0.00014615609470914934,0.00022851919561243144,0.00022212350066637036,0.0003163555836760518,0.00014463407578825584
4.465681239673114e-05,0.00030854674483184197,0.00024360535931790492,0.00014170327334561426,0.00022306491188935982,0.00021696680407897573,0.00030854674483184197,0.0001417032733456144
4.360528496053723e-05,0.00030021014710297203,0.0002358490566037735,0.0001374948439433521,0.0002178174689610107,0.00021199915200339182,0.0003010234798314268,0.00013886960144424398
4.2600323762460606e-05,0.0002922267679719462,0.0002285191956124314,0.00013335111348179756,0.00021276595744680854,0.0002072109407376708,0.0002937720329024676,0.00013612850530901182
4.162330905306973e-05,0.0002845759817871372,0.00022158209616662968,0.00012943308309603936,0.00020790020790020797,0.00020259319286871947,0.0002867794665901921,0.00013347570742124943
4.067355405515335e-05,0.0002772387025228722,0.0002150075252633842,0.00012572290671360322,0.00020321072952651908,0.00019813750743015638,0.0002800336040324838,0.00013075313807531393
3.9764593605853356e-05,0.0002701972439881113,0.00020876826722338203,0.00012220457045093486,0.00019868865487780656,0.00019383601473153697,0.000273522975929978,0.00012812299807815513
3.888024883359254e-05,0.00026281208935611036,0.00020283975659229206,0.00011886366337810531,0.00019432568985619904,0.00018968133535660078,0.0002672367717797968,0.00012558081125204078
3.803293652302895e-05,0.0002557544757033248,0.00019719976336028395,0.00011556685542586385,0.00019011406844106474,0.00018566654288897127,0.00026055237102657627,0.00012312238364934754
3.722038188111811e-05,0.000249003984063745,0.00019182812200268558,0.00011232168931820733,0.00018604651162790707,0.00018178512997636778,0.0002541296060991105,0.00012074378169524278
3.6440492675460985e-05,0.00024254183846713557,0.00018670649738610902,0.0001091345629160755,0.00018211619012930256,0.00017803097739006572,0.0002479543763947433,0.0001184413123297407
3.569134128060534e-05,0.00023635074450484517,0.0001818181818181818,0.00010601081310293649,0.00017831669044222545,0.00017439832577607238,0.00024201355275895443,0.00011621150493898906
3.497114880223817e-05,0.0002304147465437788,0.00017686593562079943,0.00010295480284155253,0.00017464198393293752,0.0001708817498291181,0.00023629489603024567,0.00011405109489051105
3.4267699266671255e-05,0.0002247191011235955,0.0001721466689619556,0.00010006003602161294,0.00017108639863130882,0.0001674761346508121,0.00023078698361412407,0.00011195700850873275
3.3580711239464066e-05,0.00021925016443762334,0.00016764459346186087,9.731413001167766e-05,0.00016764459346186084,0.0001641766540797897,0.00022547914317925583,0.00010992634934593832
3.290989271374977e-05,0.00021399529210357372,0.0001633453119895459,9.470593806231649e-05,0.00016431153466973383,0.0001609787508048936,0.0002203613926840017,0.00010795638562020953
3.2264309221139594e-05,0.00020894274968658586,0.00015923566878980894,9.222539887485012e-05,0.00016108247422680412,0.00015765410688948432,0.00021542438604049973,0.00010604453870625672
3.1633556877135286e-05,0.0002040816326530612,0.00015530361857431278,8.986340762041696e-05,0.000157952930026852,0.00015444015444015431,0.00021065936380872127,0.00010418837257762041
3.102603083987468e-05,0.00019940179461615148,0.00015153811183512653,8.76117049237778e-05,0.00015491866769945777,0.00015133171912832917,0.00020605810838656498,0.00010229132569558109
3.043213633597081e-05,0.0001948937828883258,0.00014773230905599054,8.546278095889238e-05,0.00015197568389057746,0.00014832393948383256,0.00020161290322580642,0.0001004520341536917
2.985163736230934e-05,0.0001905487804878048,0.0001440922190201729,8.334722453742289e-05,0.00014912019087384425,0.00014541224371092035,0.00019731649565903704,9.866798223976328e-05
2.9292012068308985e-05,0.000186358553857622,0.000140607424071991,8.132726089785293e-05,0.00014615609470914928,0.00014259232853272482,0.00019316206297083244,9.69367972082203e-05
2.874471815803847e-05,0.0001823154056517775,0.00013726835964310226,7.939658594680426e-05,0.00014328700386874902,0.00013986013986013975,0.00018914318138831088,9.525623928367314e-05
2.8209540466585813e-05,0.00017841213202497765,0.00013406622871698617,7.754943776657616e-05,0.00014050864128143875,0.0001372118551042809,0.00018525379770285283,9.362419249133981e-05
2.7693159789532003e-05,0.00017464198393293744,0.00013083867591259974,7.578053955744164e-05,0.00013781697905181913,0.00013464386697185934,0.0001814882032667876,9.2038656235619e-05
2.718795030042687e-05,0.00017099863201094388,0.00012774655084312722,7.408504963698324e-05,0.00013520822065981605,0.0001321527686005021,0.00017784101013693752,9.049773755656114e-05
2.6700130830641085e-05,0.00016747613465081224,0.00012478163214374842,7.245851749873195e-05,0.00013267878466233243,0.0001297353399065905,0.00017430712916158262,8.892841262783465e-05
2.622263012980203e-05,0.00016406890894175548,0.00012193634922570415,7.089684509039345e-05,0.00013022528975126964,0.00012738853503184707,0.00017088174982911815,8.740494712000703e-05
2.5761244783347942e-05,0.00016077170418006429,0.00011920371915603764,6.939625260235945e-05,0.00012784454103809763,0.0001249687578105473,0.00016756032171581762,8.592541673827123e-05
2.531517391524481e-05,0.0001575795776867318,0.00011657729074376308,6.795324816526228e-05,0.0001255335174491589,0.00012248897599216065,0.00016433853738701717,8.448800270361613e-05
2.488366884813498e-05,0.0001544878727019929,0.00011393414606357521,6.656460094521732e-05,0.0001232893601282209,0.00012009126936471714,0.00016121231662098978,8.302889405513124e-05
2.4466028918846195e-05,0.0001514921981517952,0.00011139578923916674,6.518904823989568e-05,0.00012110936175366352,0.00011777175833235186,0.00015817779183802588,8.161266628580762e-05
2.405638817387959e-05,0.0001485884101040119,0.00010895619960775767,6.386511687316386e-05,0.00011899095668729173,0.00011552680221811456,0.00015523129462899712,8.023750300890643e-05
2.3654642223536386e-05,0.0001457725947521866,0.00010650761529449355,6.258997308631155e-05,0.0001169317118802619,0.0001133529811834051,0.00015236934328813033,7.890168849613388e-05
2.326068246842364e-05,0.00014304105278214847,0.00010415581710238516,6.136098668466586e-05,0.00011492931846914145,0.00011124707976415616,0.00014958863126402386,7.760360080707752e-05
2.287439668778738e-05,0.00014039028499227853,0.00010189525168127166,6.017571308220001e-05,0.00011298158400180768,0.00010920607185759524,0.00014688601645123376,7.628928898382674e-05
2.250022500225004e-05,0.0001378169790518192,9.972078181092942e-05,5.903187721369538e-05,0.0001110864252388358,0.00010722710701265276,0.00014425851125216381,7.501312729727708e-05
2.2137607367395752e-05,0.00013531799729364006,9.75419430355053e-05,5.7927359091698985e-05,0.00010924186148131962,0.00010530749789385002,0.00014170327334561423,7.377351530800448e-05
2.1781746896101086e-05,0.000132890365448505,9.536524890329967e-05,5.6860180815374976e-05,0.00010744600838078863,0.0001034447088031447,0.00013921759710427395,7.256894049346884e-05
2.1436686745696605e-05,0.00013053126223730585,9.319664492078287e-05,5.5800457563752005e-05,0.00010569707219110027,0.00010163634515702812,0.00013679890560875507,7.13979722975868e-05
2.1097936621798408e-05,0.00012823800974608876,9.111617312072895e-05,5.4776511831726537e-05,0.00010399334442595669,9.988014382740707e-05,0.00013444474321054042,7.025925665706461e-05
2.0769294674752864e-05,0.00012600806451612906,8.90471950133571e-05,5.37865748709122e-05,0.00010233319688907077,9.817396426467697e-05,0.00013215276860050214,6.915151096051453e-05
2.045031595738156e-05,0.00012383900928792573,8.699434536755111e-05,5.2828992551112036e-05,0.0001007150770470339,9.651578033008394e-05,0.00012992074834351043,6.807351940095307e-05
2.013693113169555e-05,0.00012172854534388315,8.496176720475786e-05,5.190221622463278e-05,9.913750371765634e-05,9.490367277213627e-05,0.0001277465508431272,6.702412868632713e-05
1.9829073387400624e-05,0.0001196744853997128,8.301510874979246e-05,5.100479445067836e-05,9.75990630489947e-05,9.333582228859435e-05,0.00012562814070351757,6.600224407629864e-05
1.9526673435913475e-05,0.00011767474699929396,8.114907084313884e-05,5.01353654868144e-05,9.609840476648084e-05,9.18105031215571e-05,0.0001235635734585444,6.4968814968815e-05
1.923298842174099e-05,0.00011572734637194771,7.935878104912309e-05,4.9292650465815544e-05,9.463423866754989e-05,9.032607713846988e-05,0.00012141816415735792,6.396315722144048e-05
1.894764764954433e-05,0.00011383039271485487,7.763975155279503e-05,4.847544718600029e-05,9.320533134495291e-05,8.880994671403197e-05,0.00011933174224343674,6.298419096806706e-05
1.86703011519576e-05,0.00011198208286674133,7.598784194528877e-05,4.768262445164983e-05,9.181050312155709e-05,8.733624454148471e-05,0.00011730205278592373,6.199628022318665e-05
1.8400618260773584e-05,0.00011018069634200089,7.434944237918217e-05,4.691311690748734e-05,9.044862518089724e-05,8.590327291469805e-05,0.00011532695190866103,6.103515625000004e-05
1.8135325801128038e-05,0.00010842459069717012,7.277490721199332e-05,4.6165920317621545e-05,8.911861687906603e-05,8.450942280064228e-05,0.0001134044000907235,6.009976561091416e-05
1.7877254768757728e-05,0.00010671219720414043,7.121492664862556e-05,4.544008724496752e-05,8.781944322472994e-05,8.315316813570597e-05,0.00011153245594467988,5.918910920390653e-05
1.7626114851764394e-05,0.0001050420168067227,6.971556051310653e-05,4.471671958145151e-05,8.655011251514626e-05,8.183306055646482e-05,0.0001097092704333516,5.830223880597019e-05
1.7378912427660298e-05,0.0001034126163391934,6.827336655970506e-05,4.401408450704226e-05,8.530967411704488e-05,8.048937540244688e-05,0.00010793308148947651,5.743825387708218e-05
1.7138254297417285e-05,0.00010182262498727221,6.68851581833991e-05,4.333131120547709e-05,8.409721638213776e-05,7.912644405760406e-05,0.0001062022090059473,5.6596298602071466e-05
1.690131323203815e-05,0.00010027073097362882,6.554798112218142e-05,4.266757690830739e-05,8.291186468783683e-05,7.78028475842216e-05,0.00010451505016722404,5.577555914998052e-05
1.6670556463174762e-05,9.875567845151098e-05,6.422195106287328e-05,4.202210362650756e-05,8.175277959450622e-05,7.651694850409366e-05,0.00010287007509515478,5.497526113249042e-05
1.644574548564289e-05,9.727626459143971e-05,6.294454585510164e-05,4.13941551452935e-05,8.061915511125443e-05,7.52671985548698e-05,0.00010126582278481008,5.419466724474316e-05
1.6226653901698952e-05,9.583133684714905e-05,6.167889964843026e-05,4.078303425774879e-05,7.951021706289258e-05,7.405213270142179e-05,9.970089730807571e-05,5.3433075073470527e-05
1.6010759230202715e-05,9.441979038806536e-05,6.0459492140266004e-05,4.018808021540812e-05,7.842522155125089e-05,7.287036362311447e-05,9.817396426467696e-05,5.2689815058749195e-05
1.580028440511931e-05,9.30405656866394e-05,5.928385107896607e-05,3.960866637620313e-05,7.736345350456445e-05,7.16743119266055e-05,9.668374746205159e-05,5.196424859696534e-05
1.559502830497639e-05,9.16926462497708e-05,5.811926072300359e-05,3.9044198032172435e-05,7.632422530911312e-05,7.046719751955466e-05,9.522902580706595e-05,5.125576627370584e-05
1.5394799636682748e-05,9.03016073686112e-05,5.699629524080933e-05,3.8494110401108646e-05,7.530687551773477e-05,6.92952671332548e-05,9.38086303939962e-05,5.056378621631192e-05
1.5199416342412469e-05,8.894423196655701e-05,5.591277606933182e-05,3.795786676788766e-05,7.431076763022963e-05,6.815703380588877e-05,9.242144177449164e-05,4.988775255674736e-05
1.5008705048928395e-05,8.761938140716731e-05,5.4866673982223174e-05,3.7434956762624945e-05,7.333528894103844e-05,6.705109293281481e-05,9.106638739641194e-05,4.920533385819027e-05
1.4822500555843788e-05,8.632596685082878e-05,5.385609651012493e-05,3.692489476404993e-05,7.237984944991315e-05,6.593696426216538e-05,8.974243919949739e-05,4.853897679836913e-05
1.4640645359647472e-05,8.499787505312372e-05,5.287927661149593e-05,3.642721841760164e-05,7.144388083160678e-05,6.485504896556197e-05,8.844861135680164e-05,4.78881333205632e-05
1.4462989210610067e-05,8.370302167908266e-05,5.193456245131132e-05,3.5941487258742774e-05,7.052683546089289e-05,6.380399413003254e-05,8.711560240439058e-05,4.72522799225063e-05
1.4289388699951432e-05,8.244023083264636e-05,5.102040816326529e-05,3.546728143287818e-05,6.962818548948615e-05,6.278252134605725e-05,8.581481163648841e-05,4.661135452596256e-05
1.4119706874885294e-05,8.120838070488878e-05,5.011275369581556e-05,3.50042005040605e-05,6.874742197167606e-05,6.178942165101334e-05,8.454514710855591e-05,4.598546859192499e-05
1.3952060719368265e-05,8.0006400512041e-05,4.923440500221552e-05,3.455186234538042e-05,6.788405403570701e-05,6.0823550878900314e-05,8.330556481172936e-05,4.537410953310045e-05
1.3786447921692988e-05,7.883326763894368e-05,4.838397522740466e-05,3.4109902104580965e-05,6.703760809814305e-05,5.9851568111084516e-05,8.209506608652814e-05,4.4776787713249486e-05
1.3624535062740995e-05,7.768800497203235e-05,4.756016360696278e-05,3.36677664803717e-05,6.620762711864407e-05,5.890669180018851e-05,8.09126952018771e-05,4.419303517765604e-05
1.3464567989336074e-05,7.656967840735071e-05,4.676174888940843e-05,3.323584153150759e-05,6.539366989275439e-05,5.7987822557262984e-05,7.975753708725468e-05,4.362240446693425e-05
1.3306542827108102e-05,7.547739452034118e-05,4.5987583352494794e-05,3.281378178835112e-05,6.459531038046639e-05,5.709391949757352e-05,7.862871520679345e-05,4.3064467507859295e-05
1.3152010942473116e-05,7.441029838529655e-05,4.523658735185015e-05,3.240125716877816e-05,6.381213706847044e-05,5.6223996401664235e-05,7.75253895650825e-05,4.250255015300921e-05
1.3000858056631752e-05,7.336757153338226e-05,4.4489923032433134e-05,3.199795213106363e-05,6.304375236414074e-05,5.537711817477019e-05,7.644675483525719e-05,4.195334787716062e-05
1.2852974821022338e-05,7.234843003906816e-05,4.376559149196899e-05,3.160356488211872e-05,6.225487144369049e-05,5.455239757787356e-05,7.539203860072372e-05,4.141644232760408e-05
1.270825655428333e-05,7.130633200228181e-05,4.306261303935921e-05,3.1217806636905704e-05,6.148170919151555e-05,5.374899220639614e-05,7.436049970255795e-05,4.087638979725313e-05
1.2566602995878164e-05,7.028888732691362e-05,4.2363905952128767e-05,3.084040092521204e-05,6.072382803011904e-05,5.296610169491526e-05,7.335142668524898e-05,4.033396523212199e-05
1.2427918075164058e-05,6.92952671332548e-05,4.167013917826483e-05,3.047108294228778e-05,5.998080614203458e-05,5.22029651284193e-05,7.231703789412781e-05,3.9804163515503736e-05
1.2292109694786925e-05,6.832467887400929e-05,4.0997048212528676e-05,3.0109598940142128e-05,5.925223677193817e-05,5.143503754757741e-05,7.130633200228176e-05,3.928655614048874e-05
1.2157759081846043e-05,6.737636437137851e-05,4.0343728567394176e-05,2.9755705656559653e-05,5.853772756541594e-05,5.068680622433981e-05,7.0318542999789e-05,3.878073373148221e-05
1.2024867425836638e-05,6.644959797993221e-05,3.970932772108165e-05,2.9409169779137146e-05,5.7836899942163135e-05,4.995753609431983e-05,6.9352937096886e-05,3.8286304988705554e-05
1.1894708044391057e-05,6.554368486596315e-05,3.9093041438623895e-05,2.9069767441860474e-05,5.714938850154307e-05,4.9246528119767565e-05,6.840881105486381e-05,3.779003854583933e-05
1.1767197759525553e-05,6.462035541195476e-05,3.8494110401108605e-05,2.873728375193977e-05,5.647484045857574e-05,4.85319097306479e-05,6.748549061951676e-05,3.730508095202568e-05
1.1642256735045529e-05,6.371861858034918e-05,3.791181711339422e-05,2.8411512344802115e-05,5.581291510855615e-05,4.781486085875489e-05,6.658232904987011e-05,3.6831055946374e-05
1.1519808310389722e-05,6.28377529219555e-05,3.734548306382341e-05,2.8092254965306068e-05,5.5163283318623154e-05,4.711647191858273e-05,6.569870573549696e-05,3.6355704209990566e-05
1.1399778844290428e-05,6.197706848466067e-05,3.678228565123034e-05,2.7772377593245755e-05,5.4525627044711047e-05,4.6436034362665424e-05,6.48340248962655e-05,3.589117794846028e-05
1.1280952112358292e-05,6.113590511707526e-05,3.623450974708309e-05,2.74589488714372e-05,5.389963887241959e-05,4.577287499427838e-05,6.398771435884306e-05,3.543711683617422e-05
1.116445238361059e-05,6.031363088057901e-05,3.569006745422746e-05,2.7145145090800507e-05,5.328502158043377e-05,4.5126353790613716e-05,6.315922440472428e-05,3.499317633061554e-05
1.1050212164073557e-05,5.950964056177101e-05,3.516050771773141e-05,2.68312315535283e-05,5.268148772521339e-05,4.44958618848447e-05,6.23480266849554e-05,3.4559026817804825e-05
1.0938166544523814e-05,5.872335427799636e-05,3.464523281596449e-05,2.6523791841281624e-05,5.20887592457548e-05,4.388081969371187e-05,6.155361319709465e-05,3.413435281267069e-05
1.0827197921178006e-05,5.795421616922632e-05,3.414367659109529e-05,2.6222630129802016e-05,5.150656708730367e-05,4.326382279138184e-05,6.077549532028684e-05,3.371885221027079e-05
1.0717309526616443e-05,5.720169317011784e-05,3.3655302392891965e-05,2.59275584018253e-05,5.09346508429685e-05,4.2662116040955625e-05,6.001320290463901e-05,3.3312235584130073e-05
1.0608503776627348e-05,5.646527385657821e-05,3.3179601181193764e-05,2.5638396061942365e-05,5.0372758412250676e-05,4.2075146211133085e-05,5.9266283411367276e-05,3.291422552827334e-05
1.0500782308281971e-05,5.5744467361614355e-05,3.27160897729503e-05,2.535496957403651e-05,4.982064567556798e-05,4.1486890142714904e-05,5.853430110044487e-05,3.252455603981008e-05
1.039511845237477e-05,5.5038802355660736e-05,3.226430922113953e-05,2.5071453642882215e-05,4.927807618390581e-05,4.091318222731364e-05,5.7816836262719713e-05,3.214297193918552e-05
1.0290500838675823e-05,5.432125590743658e-05,3.182382331413292e-05,2.4793593335482117e-05,4.874482086278335e-05,4.035349663048303e-05,5.711348449368896e-05,3.1769228325443994e-05
1.0187864216145731e-05,5.3619302949061666e-05,3.1385349318937876e-05,2.452122311860916e-05,4.822065772977146e-05,3.979307600477516e-05,5.642385600631946e-05,3.1403090064062325e-05
1.0086237329164359e-05,5.2932458183358036e-05,3.095783542814682e-05,2.4254183846713564e-05,4.7705371624844977e-05,3.9246467817896383e-05,5.5747574980488345e-05,3.104433130510371e-05
9.986518200429423e-06,5.226025607525477e-05,3.054087896649662e-05,2.3992322456813824e-05,4.717871296471034e-05,3.8713174093143886e-05,5.508427894678858e-05,3.069273502961851e-05
9.887773767736196e-06,5.160224985809381e-05,3.0134096730450472e-05,2.373549168071017e-05,4.6661378377117276e-05,3.8192720467478885e-05,5.4433618202601915e-05,3.03480926223787e-05
9.790867079188535e-06,5.0934650842968465e-05,2.9737123825383578e-05,2.3483549773383748e-05,4.613397305775975e-05,3.768465480856195e-05,5.379525525848619e-05,3.0010203469179536e-05
9.69574744517055e-06,5.028157683024939e-05,2.9349612585113843e-05,2.3236360256529417e-05,4.561627588723658e-05,3.717610320086248e-05,5.316886431305827e-05,2.967887457707605e-05
9.602366022988066e-06,4.964257347100873e-05,2.8971231567053884e-05,2.2993791676247414e-05,4.510803374080925e-05,3.6679749110516076e-05,5.255413075467732e-05,2.9353920216044866e-05
9.510675733510868e-06,4.9017205038968675e-05,2.8594304014640252e-05,2.2755717373990216e-05,4.460900209662311e-05,3.619516432604603e-05,5.195075068834745e-05,2.902757619738753e-05
9.420631182289216e-06,4.84050534875841e-05,2.8219093038349715e-05,2.2522015269926354e-05,4.411894467484339e-05,3.572194041580338e-05,5.135843048636434e-05,2.8700169330999065e-05
9.332188584866927e-06,4.7805717563820626e-05,2.78528256691641e-05,2.229256765794284e-05,4.363763309478094e-05,3.524850193866761e-05,5.077688636132833e-05,2.837926043647304e-05
9.245305696032844e-06,4.721881197469071e-05,2.7495188342040105e-05,2.206726101156324e-05,4.316484654897052e-05,3.477535123104744e-05,5.020584396023698e-05,2.806466097889539e-05
9.15994174277052e-06,4.664396660291991e-05,2.7145881969705156e-05,2.1845985800109226e-05,4.270037149323199e-05,3.4313557286483895e-05,4.9645037978454064e-05,2.775618963028757e-05
9.075316047881373e-06,4.608082576839777e-05,2.6804621116680474e-05,2.1628636314480372e-05,4.224400135180805e-05,3.386272053096746e-05,4.9094211792429685e-05,2.7453671928620474e-05
8.991431166098714e-06,4.552904753232563e-05,2.6471133229213504e-05,2.1415110501970188e-05,4.179553623672993e-05,3.3422459893048136e-05,4.8553117110118485e-05,2.7156939956005776e-05
8.90828916306624e-06,4.498830304120929e-05,2.6145157916753778e-05,2.1205309809576317e-05,4.135478268061702e-05,3.299241174529859e-05,4.802151363810989e-05,2.686583203481814e-05
8.825891635702503e-06,4.445827590806029e-05,2.5826446280991698e-05,2.099913903529955e-05,4.0921553382166395e-05,3.257222891762484e-05,4.7499168764546636e-05,2.658019244059329e-05
8.744927941793766e-06,4.39386616283668e-05,2.5514760288827046e-05,2.0792614463342614e-05,4.049566696363489e-05,3.216157977679864e-05,4.698585725696566e-05,2.6299871130631477e-05
8.664685341951813e-06,4.342916702857638e-05,2.520415364452058e-05,2.0589688683907094e-05,4.007694773966015e-05,3.176014736708378e-05,4.6481360974249336e-05,2.602472348731296e-05
8.585164835164842e-06,4.29295097449987e-05,2.4900398406374466e-05,2.0390269763268967e-05,3.966522549680695e-05,3.136762860727729e-05,4.5985468591924955e-05,2.5754610075203474e-05
8.506367015711265e-06,4.2439417731188715e-05,2.460327223520725e-05,2.0194268866495687e-05,3.926033528326332e-05,3.098373353989155e-05,4.549797534009737e-05,2.5489396411092997e-05
8.428292090890706e-06,4.195862879201107e-05,2.431256230094086e-05,1.9998000199979997e-05,3.88621172081455e-05,3.060818462856968e-05,4.501868275334264e-05,2.5228952746171517e-05
8.351567589236504e-06,4.148689014271489e-05,2.4028064779662606e-05,1.9801588087364602e-05,3.8470416249903824e-05,3.0240716100157255e-05,4.454739843193157e-05,2.496754219514632e-05
8.275542461808376e-06,4.1023957991467e-05,2.3749584382273267e-05,1.9608612102435384e-05,3.808508207335187e-05,2.9881073328153947e-05,4.4083935813789454e-05,2.471088267272908e-05
8.200216485715226e-06,4.056959714390035e-05,2.347693391243099e-05,1.941898399875718e-05,3.770596885486973e-05,2.9529012254540086e-05,4.362811395663365e-05,2.4458847988259762e-05
8.126183375454054e-06,4.012358062833527e-05,2.320993385168848e-05,1.9232618521011628e-05,3.733293511535877e-05,2.9184298847220198e-05,4.31797573297638e-05,2.4206041828040287e-05
8.053410216556205e-06,3.968568934042384e-05,2.2948411969891643e-05,1.9049433279359934e-05,3.6965843560550055e-05,2.8839221341023797e-05,4.2738695615009824e-05,2.3957834211787266e-05
7.981865202260468e-06,3.9255711706053225e-05,2.2692202959063227e-05,1.8869348630085282e-05,3.660456092829167e-05,2.8501396568431858e-05,4.230476351637194e-05,2.3714102776921444e-05
7.911517587303601e-06,3.883344336142285e-05,2.2441148089136207e-05,1.8689143476554463e-05,3.624895784246203e-05,2.817060116062877e-05,4.187780057791365e-05,2.3474729453743058e-05
7.842337644004929e-06,3.841868684928349e-05,2.2195094884030598e-05,1.8508921300066625e-05,3.5898908673176336e-05,2.7846620812564395e-05,4.1457651009493796e-05,2.3239600278875217e-05
7.774296620513262e-06,3.801125133039379e-05,2.1953896816684928e-05,1.8331805682859758e-05,3.5554291402972335e-05,2.7529249827942188e-05,4.1044163519947456e-05,2.3008605218351676e-05
7.707366701092906e-06,3.759822536376282e-05,2.1717413021760817e-05,1.8157717938009545e-05,3.521498749867943e-05,2.7218290691344577e-05,4.0637191157347205e-05,2.2781637999772195e-05
7.64152096833354e-06,3.719269535463234e-05,2.1485508024837217e-05,1.798367082688918e-05,3.4880881788691616e-05,2.6913553665626006e-05,4.023659115599727e-05,2.2558595952987896e-05
7.576733367176079e-06,3.6794466112296696e-05,2.125805148700067e-05,1.780975618443783e-05,3.4551862345380415e-05,2.6614856412849653e-05,3.9842224789832265e-05,2.233937985881513e-05
7.512978670653558e-06,3.640334910811793e-05,2.1034917963819913e-05,1.7636062220027506e-05,3.4227820372398685e-05,2.6322023637177224e-05,3.945395723191036e-05,2.212389380530974e-05
7.449732927074568e-06,3.6019162194287354e-05,2.0815986677768497e-05,1.746541847142657e-05,3.390865009663965e-05,2.603488674824264e-05,3.907165741970774e-05,2.191204505116463e-05
7.386997407163915e-06,3.5641729336707415e-05,2.0601141303228167e-05,1.7297746103682685e-05,3.359424866462861e-05,2.575328354365181e-05,3.869519792593739e-05,2.170374389582204e-05
7.324773115152763e-06,3.527088036117382e-05,2.0390269763268936e-05,1.7132968972193188e-05,3.328451604313673e-05,2.5477057909352623e-05,3.832445483462998e-05,2.1498903555918657e-05
7.2630607990819536e-06,3.49064507120916e-05,2.018326403746011e-05,1.6971013508926746e-05,3.296956908773202e-05,2.5206059536712622e-05,3.795930762222897e-05,2.1297440047706274e-05
7.201860960872293e-06,3.4548281223009156e-05,1.9980019980019946e-05,1.6809265267015173e-05,3.2659459812534694e-05,2.4940143655227452e-05,3.759963904346519e-05,2.1095266222259732e-05
7.141173866160122e-06,3.4196217898300446e-05,1.9780437147660932e-05,1.6650293877686934e-05,3.235408308528535e-05,2.46791707798618e-05,3.724533502178852e-05,2.0896458050360473e-05
7.081450847649668e-06,3.3850111705368625e-05,1.9584418636532745e-05,1.6491581047875052e-05,3.205333675235591e-05,2.4423006472096716e-05,3.6896284544146404e-05,2.0700933612105914e-05
7.022669176100454e-06,3.35098183767844e-05,1.939187092770708e-05,1.6333197223356466e-05,3.175712153450411e-05,2.4171521113823693e-05,3.6552379559909346e-05,2.050861361771945e-05
6.964370281639137e-06,3.3175198221809375e-05,1.9202703740686663e-05,1.617756495292328e-05,3.146534092696894e-05,2.3924589693286755e-05,3.621351488375462e-05,2.0315706072364555e-05
6.90655432004973e-06,3.284611594678929e-05,1.9016829894456567e-05,1.602461380680725e-05,3.117790110369769e-05,2.3682091602330313e-05,3.587958810232858e-05,2.012598868919437e-05
6.849221243544611e-06,3.2522440483933906e-05,1.8834165175628562e-05,1.587427573616953e-05,3.0894710825506664e-05,2.3443910444262098e-05,3.5550499484517755e-05,1.9939384271813697e-05
6.792370809107213e-06,3.220404482803039e-05,1.8654628213259683e-05,1.5726484973343604e-05,3.061568135198848e-05,2.3209933851688515e-05,3.522615189516697e-05,1.9755818088427052e-05
6.736410974960763e-06,3.18908058806646e-05,1.8478140359954147e-05,1.5581177937052037e-05,3.0340726356988978e-05,2.298005331372368e-05,3.490645071209159e-05,1.957521777429775e-05
6.6809192944949245e-06,3.1582604301550704e-05,1.8304625578883756e-05,1.543614837225815e-05,3.0069761847486162e-05,2.2754164012014188e-05,3.459130374623819e-05,1.9397513238802797e-05
6.625895324105672e-06,3.127932436659368e-05,1.8134010336385867e-05,1.5293559881933713e-05,2.9802706085712573e-05,2.2532164665059363e-05,3.4280621164855504e-05,1.922263657683289e-05
6.571338450215542e-06,3.098085383233162e-05,1.7966223499820316e-05,1.515335192144502e-05,2.9539479514370945e-05,2.231395738034139e-05,3.3974315417544334e-05,1.905052198430238e-05
6.517247896558243e-06,3.0687083806425876e-05,1.7801196240387334e-05,1.50154659299078e-05,2.928000468480074e-05,2.209944751381214e-05,3.367230116506162e-05,1.8877897757305757e-05
6.463622731268424e-06,3.0397908623886675e-05,1.7638861940627575e-05,1.4879845249609399e-05,2.902420618796075e-05,2.188854353631308e-05,3.3374495210759934e-05,1.870802387143847e-05
6.41083174131012e-06,3.0113225728740063e-05,1.747915610634317e-05,1.4744478192916749e-05,2.8772010588099887e-05,2.168115690653252e-05,3.30808164345496e-05,1.8540836191712256e-05
6.358855660335369e-06,2.983293556085919e-05,1.7322016282695293e-05,1.4611338398597307e-05,2.8523346358994824e-05,2.1473051320592645e-05,3.2791185729275965e-05,1.8376272556874573e-05
6.307675810694037e-06,2.9556941447698994e-05,1.7167381974248913e-05,1.4478484971332594e-05,2.827814382263947e-05,2.1264380037000013e-05,3.2505525939409694e-05,1.8214272704090933e-05
6.256921719652368e-06,2.92851495006882e-05,1.7015194568749877e-05,1.434596734857831e-05,2.8036335090276985e-05,2.1059281878487937e-05,3.222376180195276e-05,1.8054778197049857e-05
6.206592642705084e-06,2.9017468516046658e-05,1.686539726443255e-05,1.4215651432226877e-05,2.7797854005670748e-05,2.0857667278491567e-05,3.194581988946746e-05,1.789773235731034e-05
6.1566877020163184e-06,2.875380987980907e-05,1.6717935000668706e-05,1.4087483271113612e-05,2.7562636090515683e-05,2.065944963226179e-05,3.1671628555140305e-05,1.7743080198722506e-05
6.107205892232248e-06,2.849408747684855e-05,1.65727543917799e-05,1.3961410660933179e-05,2.7330618491896456e-05,2.0464545175483468e-05,3.140111787979652e-05,1.759076836476218e-05
6.058476414351322e-06,2.823821760370485e-05,1.6429803663846204e-05,1.3835660030161736e-05,2.71017399317036e-05,2.0272872868814234e-05,3.1134219620785205e-05,1.7440745068629337e-05
6.010157165609883e-06,2.798611888503302e-05,1.628903259435421e-05,1.3710274479695079e-05,2.6875940657923014e-05,2.0084354288009635e-05,3.08708671626586e-05,1.7292960035969362e-05
5.962247051668834e-06,2.7737712193498277e-05,1.6150392454536635e-05,1.3586956521739126e-05,2.6653162397718476e-05,1.9898913519321842e-05,3.061099546957267e-05,1.7147364450084024e-05
5.914744867480143e-06,2.7492920572952463e-05,1.6013835954264474e-05,1.3465655844767916e-05,2.6433348312230698e-05,1.9716477059878938e-05,3.0354541039339487e-05,1.7003910899506888e-05
5.867649302336499e-06,2.7251669164736335e-05,1.5879317189360848e-05,1.3346323755121649e-05,2.621644295302012e-05,1.953697372277034e-05,3.0101441859065055e-05,1.68625533278249e-05
5.820958944776563e-06,2.7013885136960394e-05,1.574679159121328e-05,1.3228913112498673e-05,2.600239222008423e-05,1.936033454658096e-05,2.9851637362309326e-05,1.6723246985634736e-05
5.774672287347693e-06,2.6779497616624707e-05,1.5616215878568298e-05,1.311337826850953e-05,2.579114332138342e-05,1.9186492709132766e-05,2.960506838770798e-05,1.658594838452863e-05
5.7287877312281955e-06,2.6548437624445797e-05,1.548754801139883e-05,1.2999675008124793e-05,2.558264473381257e-05,1.9015383445207172e-05,2.9361677138998182e-05,1.6450615253010465e-05
5.683303590711209e-06,2.6320638012265417e-05,1.536074714674121e-05,1.2887760493858978e-05,2.5376846165558532e-05,1.8846943968035583e-05,2.912140714639332e-05,1.6317206494248187e-05
5.63821809755245e-06,2.6096033402922757e-05,1.523577359640435e-05,1.2777593212542481e-05,2.5173698519786515e-05,1.8681113394358305e-05,2.888420322925392e-05,1.6185682145574027e-05
5.593529405184083e-06,2.587456013247775e-05,1.5112588786459113e-05,1.266913292454264e-05,2.4973153859600915e-05,1.851783267286397e-05,2.8650011460004585e-05,1.6056003339648694e-05
5.549235592797091e-06,2.5656156194678915e-05,1.4991155218421123e-05,1.2560920464251616e-05,2.4775165374228857e-05,1.8357044515832952e-05,2.8418779129248604e-05,1.5928132267210345e-05
5.505607461199231e-06,2.5440761187574737e-05,1.4871436432044965e-05,1.2454385811963679e-05,2.4579687346376935e-05,1.8198693333818632e-05,2.8183304210585648e-05,1.5802032141333373e-05
5.462361597413024e-06,2.522831626217267e-05,1.4753396969652258e-05,1.2349490583513427e-05,2.438667512071402e-05,1.804272517321016e-05,2.795091818766246e-05,1.5677667163126122e-05
5.4194960952530615e-06,2.50187640730548e-05,1.4637002341920371e-05,1.2246197555658963e-05,2.4196085073435096e-05,1.7889087656529514e-05,2.772156460510631e-05,1.5555002488800394e-05
5.377008984982012e-06,2.4812048730863717e-05,1.4522218995062442e-05,1.2143143374093814e-05,2.4007874582863154e-05,1.7737729925324156e-05,2.7495188342040142e-05,1.5434004198049137e-05
5.335154399368316e-06,2.4608115756576524e-05,1.4409014279333147e-05,1.204035928432104e-05,2.3822002001048144e-05,1.7588602585524578e-05,2.7271735573251883e-05,1.531463926367214e-05
5.29391834660342e-06,2.4406912037489022e-05,1.429735641879816e-05,1.1939158050574271e-05,2.3638426626323732e-05,1.7441657655143537e-05,2.7044569450454355e-05,1.5196875522392593e-05
5.25328724449324e-06,2.420838578483587e-05,1.418721448230854e-05,1.1839503688005397e-05,2.345710867678448e-05,1.7296848514200707e-05,2.6813964712822446e-05,1.5080681646810431e-05
5.213003315470107e-06,2.4012486492976346e-05,1.407855835562438e-05,1.174136129342836e-05,2.327800926464767e-05,1.7154129856763013e-05,2.6586552521734514e-05,1.4966027118441133e-05
5.173305742369372e-06,2.3819164900078605e-05,1.3971358714634994e-05,1.1644697004983929e-05,2.3101090371465517e-05,1.701345764499719e-05,2.6362270318719858e-05,1.4850896994178443e-05
5.133944615005492e-06,2.362837295023865e-05,1.3865586999625624e-05,1.1549477963596043e-05,2.292631482415515e-05,1.6874789065136684e-05,2.6141057144350926e-05,1.4737307493920856e-05
5.0951519629072925e-06,2.344006375697342e-05,1.3759511262159964e-05,1.1455672276127523e-05,2.2753646271815046e-05,1.6738082485270484e-05,2.592285358772295e-05,1.4625228519195608e-05
5.05691558490814e-06,2.3254191568030144e-05,1.365318187403574e-05,1.1363248980148401e-05,2.2583049163298016e-05,1.660329741486659e-05,2.570760173783389e-05,1.451463074779377e-05
5.018996903278909e-06,2.307071173145692e-05,1.3548299688389103e-05,1.1272178010235136e-05,2.2414488725512157e-05,1.6470394465947455e-05,2.5495245136782007e-05,1.440548560891987e-05
4.981617830206537e-06,2.288958066288226e-05,1.3444835838554408e-05,1.1181304858276959e-05,2.224793094242234e-05,1.6339335315839345e-05,2.5285728734702152e-05,1.4297765259289965e-05
4.944766953133498e-06,2.2710755813953488e-05,1.33427622186345e-05,1.1090655014085129e-05,2.2083342534726046e-05,1.6210082671421618e-05,2.507899884636607e-05,1.4191442560136231e-05
4.908433179044916e-06,2.253419564188656e-05,1.3242051458611965e-05,1.100025300581913e-05,2.1920690940178427e-05,1.6082600234805957e-05,2.4875003109375402e-05,1.4086491055078175e-05
4.872392052154084e-06,2.235985958008183e-05,1.3142676900431076e-05,1.0911193793712968e-05,2.17599442945426e-05,1.5956852670379288e-05,2.4673690443879708e-05,1.3982884948822635e-05
4.836642402843946e-06,2.2187708009762583e-05,1.3044612575006517e-05,1.0823447917568617e-05,2.160107141314209e-05,1.5832805573147557e-05,2.4475011013754973e-05,1.3880599086656576e-05
4.801183011494033e-06,2.2017702232594996e-05,1.2947833180117301e-05,1.0735949326319178e-05,2.1444041772993373e-05,1.5710425438320864e-05,2.4278916189181332e-05,1.377960893469843e-05
4.76601261086937e-06,2.1849804444250214e-05,1.2852314059146343e-05,1.0649740678814469e-05,2.128882549549741e-05,1.558967963208355e-05,2.4085358510561445e-05,1.3679890560875509e-05
4.731129888439958e-06,2.1683977708870904e-05,1.2758031180628197e-05,1.0564793880871383e-05,2.113539332966986e-05,1.5470536363495714e-05,2.3894291653723943e-05,1.3581420616596494e-05
4.696533488632042e-06,2.1520185934406463e-05,1.2664961118569359e-05,1.0481081647626033e-05,2.0983716635890545e-05,1.535296465747535e-05,2.370567039635883e-05,1.3484176319089546e-05
4.662222015012356e-06,2.1358393848782564e-05,1.2573081033507253e-05,1.0398577474601472e-05,2.083376737015354e-05,1.5236934328813038e-05,2.351945058563434e-05,1.338813543437805e-05
4.628386822057041e-06,2.1198566976872355e-05,1.2482368654275828e-05,1.0316297687086056e-05,2.0685518068800027e-05,1.512241595717331e-05,2.3335589106947024e-05,1.329327626086725e-05
4.595018081396151e-06,2.1040671618238046e-05,1.2392802260447124e-05,1.0234262263204754e-05,2.053894183371672e-05,1.500938086303939e-05,2.3154043853759077e-05,1.3199577613516365e-05
4.561918925576857e-06,2.0884674825612957e-05,1.2304360665419816e-05,1.0153418148219594e-05,2.0394012317983434e-05,1.4897801084559912e-05,2.2974773698479084e-05,1.3107018808571987e-05
4.529088068117487e-06,2.0730544384095517e-05,1.2217023200127048e-05,1.0073739775154124e-05,2.025070371195398e-05,1.4787649355258479e-05,2.279773846434435e-05,1.3015579648839659e-05
4.496706162735799e-06,2.0578248791027874e-05,1.2130769697337286e-05,9.995202302894607e-06,2.0108990729755265e-05,1.46788990825688e-05,2.2622898898264835e-05,1.2923737027798956e-05
4.464584682009959e-06,2.0427757236532992e-05,1.2045580476523152e-05,9.917781590613809e-06,1.9968848596189936e-05,1.4571524327159854e-05,2.2450216644590634e-05,1.2833016785585953e-05
4.432722356435207e-06,2.027903958468526e-05,1.1961436329274406e-05,9.841454173268641e-06,1.983025303402871e-05,1.4465499783017495e-05,2.227965421976652e-05,1.2743398919359768e-05
4.401292219395617e-06,2.01320663552907e-05,1.1878318505232387e-05,9.76619723811942e-06,1.9693180251678837e-05,1.436080075825027e-05,2.2111174987838864e-05,1.2654863896938785e-05
4.370113666656473e-06,1.9986808706253867e-05,1.1796208698524281e-05,9.691988602221403e-06,1.955760693121589e-05,1.425740315658905e-05,2.1944743136781595e-05,1.2567392643048344e-05
4.339185448107685e-06,1.984323841650957e-05,1.171508903467665e-05,9.618806690841933e-06,1.942351021676637e-05,1.415528345955127e-05,2.1780323655609534e-05,1.2480966526047776e-05
4.308506283956418e-06,1.97013278694984e-05,1.1634942057988539e-05,9.546630516759109e-06,1.9290867703229286e-05,1.4054418709242174e-05,2.1617882312248704e-05,1.2395567345117383e-05
4.278074866310163e-06,1.956105003716599e-05,1.155575071934547e-05,9.475439660400241e-06,1.9159657425325232e-05,1.3954786491766664e-05,2.1457385632134595e-05,1.2311177317886905e-05
4.2478898607116945e-06,1.9422378464466758e-05,1.147749836445647e-05,9.40521425078063e-06,1.9029857846961882e-05,1.3856364921226553e-05,2.129880087751061e-05,1.2227779068487787e-05
4.217949907626901e-06,1.9285287254353654e-05,1.140016872249708e-05,9.335934947205286e-06,1.890144785090538e-05,1.3759132624279353e-05,2.114209602740017e-05,1.2145355616012433e-05
4.1882536238864515e-06,1.914975105323631e-05,1.13237458951421e-05,9.26758292169819e-06,1.8774406728747372e-05,1.3663068725235676e-05,2.0987239758227012e-05,1.2063890363364375e-05
4.158799604082281e-06,1.9015745036890546e-05,1.1248214345972564e-05,9.2001398421256e-06,1.86487141711579e-05,1.3568152831673482e-05,2.0834201425059392e-05,1.1983367086483959e-05
4.129586421919848e-06,1.8883244896803068e-05,1.1173558890242118e-05,9.133587855981586e-06,1.8524350258414687e-05,1.3474365020548393e-05,2.0682951043454895e-05,1.1903769923934909e-05
4.1006126315271534e-06,1.87522268269357e-05,1.1099764684988666e-05,9.06790957480572e-06,1.8401295451199766e-05,1.338168582478019e-05,2.0533459271883546e-05,1.1825083366837735e-05
4.072025995813961e-06,1.8622667510894258e-05,1.102681721947776e-05,9.002358617957905e-06,1.827953058165466e-05,1.3290096220296621e-05,2.0385697394707886e-05,1.1747292249136573e-05
4.04381882074156e-06,1.8494544109487697e-05,1.0954702305964825e-05,8.936949819026765e-06,1.8159036844685757e-05,1.3199577613516354e-05,2.0239637305699496e-05,1.1670381738186653e-05
4.015838466913512e-06,1.8367834248663734e-05,1.0883406070763897e-05,8.87240593031612e-06,1.803979578951166e-05,1.311011182925389e-05,2.0095251492072437e-05,1.159433732565015e-05
3.988083606184724e-06,1.824251600780779e-05,1.0812914945611029e-05,8.808710052499908e-06,1.792178931144485e-05,1.3021681099029872e-05,1.995251301901476e-05,1.1519144818688657e-05
3.9605528931838925e-06,1.811856790839251e-05,1.0743215659311136e-05,8.745845723281437e-06,1.7804999643900003e-05,1.293426804977105e-05,1.981139551470007e-05,1.1444790331441123e-05
3.933244966429758e-06,1.799596890296573e-05,1.0674295229657453e-05,8.683796903358021e-06,1.7689409350621782e-05,1.2847855692884845e-05,1.9671873155761905e-05,1.137126027677647e-05
3.906158449411346e-06,1.787469836446509e-05,1.0606140955613292e-05,8.622547962923042e-06,1.7575001318125097e-05,1.2762427413694072e-05,1.953392065321432e-05,1.1298541358310636e-05
3.879427396516278e-06,1.7754736075848222e-05,1.0538740409746219e-05,8.561423936029039e-06,1.746175874834113e-05,1.2677966961218086e-05,1.93975132388028e-05,1.1226620562678217e-05
3.8529112597478685e-06,1.7636062220027502e-05,1.04720814309052e-05,8.501088139281827e-06,1.7349665151462578e-05,1.259445843828714e-05,1.926262665177025e-05,1.1155485152049255e-05
3.826608706300132e-06,1.7518657370099145e-05,1.0406152117131642e-05,8.441525552497845e-06,1.7238704338981883e-05,1.2511886291977364e-05,1.912923712602343e-05,1.108512265688219e-05
3.8005183907084947e-06,1.7402502479856593e-05,1.0340940818795687e-05,8.382089151900216e-06,1.7128860416916466e-05,1.2430235304354297e-05,1.8997321377685763e-05,1.101552086890428e-05
3.774767191233483e-06,1.7287578874578605e-05,1.0276436131949434e-05,8.323414597604518e-06,1.7020117779215037e-05,1.2349490583513417e-05,1.886685659302305e-05,1.0945589474721154e-05
3.749222036427443e-06,1.7173868242082837e-05,1.0212626891889126e-05,8.26548745712278e-06,1.691246110133947e-05,1.2269637554906613e-05,1.8734660996309286e-05,1.0876422092188545e-05
3.723881625250898e-06,1.7061352624036024e-05,1.0149502166918707e-05,8.208293659913972e-06,1.6805875334016776e-05,1.2190661952944031e-05,1.8603958922458712e-05,1.0808006571267985e-05
3.6987446460671263e-06,1.6950014407512237e-05,1.0087051252307406e-05,8.151819486109295e-06,1.670034569715594e-05,1.211254981286109e-05,1.847472657404672e-05,1.0740331017001934e-05
3.6738097774773434e-06,1.6839836316790993e-05,1.0025263664434366e-05,8.096051555656303e-06,1.6595857673924597e-05,1.2035287462841035e-05,1.834694064764702e-05,1.0673383782860671e-05
3.6490756891279457e-06,1.673080140538731e-05,9.964129135113582e-06,8.040976817863832e-06,1.6492397004980713e-05,1.1958861516383624e-05,1.822057832115593e-05,1.0607153464296311e-05
3.6246592820274914e-06,1.662289304830612e-05,9.90363760609271e-06,7.986582541330564e-06,1.638994968285448e-05,1.1883258864911096e-05,1.8095617241504123e-05,1.0541628892496457e-05
3.600437813238092e-06,1.6516094934513673e-05,9.843779223719565e-06,7.932856304240905e-06,1.628850194647599e-05,1.1808466670602804e-05,1.7972035512742188e-05,1.0476799128330303e-05
3.576409999642361e-06,1.6410391059618943e-05,9.78454433377037e-06,7.879785985012647e-06,1.6188040275844212e-05,1.173447235945034e-05,1.7849811684486745e-05,1.0412653456480307e-05
3.5525745507769506e-06,1.6305765718758145e-05,9.72592347643408e-06,7.82735975328162e-06,1.6088551386833137e-05,1.1661263614525253e-05,1.772892474071449e-05,1.0349181379752853e-05
3.528930169529808e-06,1.6202203499675947e-05,9.667907381447278e-06,7.775566061209255e-06,1.59900222261309e-05,1.1588828369451831e-05,1.7609354088892037e-05,1.0286372613561546e-05
3.5054755528134976e-06,1.6099689275996966e-05,9.610486963374427e-06,7.724393635099643e-06,1.589243996630803e-05,1.1517154802077678e-05,1.749107954942981e-05,1.0224217080577048e-05
3.482209392215176e-06,1.599820820068152e-05,9.553653317028424e-06,7.673831467313312e-06,1.5795792001010934e-05,1.144623132833513e-05,1.737408134544888e-05,1.0161775465409307e-05
3.4591303746238227e-06,1.5897745699659784e-05,9.497397713026623e-06,7.6238688084655415e-06,1.5700065940276953e-05,1.1376046596286843e-05,1.7258340092849895e-05,1.0099989900010089e-05
3.436237182835311e-06,1.5798287465638716e-05,9.441711593477658e-06,7.574495159897591e-06,1.560524960596745e-05,1.130658948034913e-05,1.714383679067378e-05,1.0038850350857809e-05
3.4135284961358887e-06,1.5699819452076294e-05,9.386586567794614e-06,7.525700266409786e-06,1.5511331027315457e-05,1.1237849075686895e-05,1.7030552811744296e-05,9.978346987038117e-06
3.3910029908646405e-06,1.5602327867317796e-05,9.332014408630239e-06,7.477474109245894e-06,1.541829843658454e-05,1.1169814692774228e-05,1.691846989358285e-05,9.918470175160172e-06
3.3686593409554887e-06,1.5505799168889154e-05,9.277987047930072e-06,7.4298068993186844e-06,1.5326140264835708e-05,1.1102475852115002e-05,1.680757012958639e-05,9.859210474425198e-06
3.3464962184592758e-06,1.5410220057942415e-05,9.224496573099514e-06,7.382689070667098e-06,1.5234845137799176e-05,1.1035822279117999e-05,1.6697835960459546e-05,9.800558631842003e-06
3.3245122940464657e-06,1.5315577473848642e-05,9.171535223281016e-06,7.336111274135803e-06,1.5144401871848075e-05,1.0969843899121298e-05,1.658925016589252e-05,9.74250557758443e-06
3.3027062374910028e-06,1.5221858588933698e-05,9.119095385737727e-06,7.290064371268395e-06,1.5054799470071062e-05,1.090453083256091e-05,1.6481795856476543e-05,9.68504242048579e-06
3.2810767181358262e-06,1.5129050803352589e-05,9.067169592340047e-06,7.244539428405835e-06,1.4966027118441143e-05,1.0839873390278783e-05,1.6375456465849007e-05,9.62816044366562e-06
3.259718034390028e-06,1.5037141740098035e-05,9.01575051615171e-06,7.199061242413985e-06,1.4878074182077877e-05,1.07758620689655e-05,1.6270215743060774e-05,9.571851100284271e-06
3.2386251388560557e-06,1.4946119240139293e-05,8.964830968112089e-06,7.153638698323899e-06,1.4790930201600385e-05,1.0712487546733209e-05,1.6166057745158286e-05,9.51610600942093e-06
3.2176999237405147e-06,1.4855971357687218e-05,8.914403893811614e-06,7.108735213830751e-06,1.4704584889568576e-05,1.0649740678814452e-05,1.6062966829973516e-05,9.46091695207098e-06
3.1969411666917124e-06,1.4766686355581804e-05,8.86446237035723e-06,7.064342027183584e-06,1.4619028127010124e-05,1.0587612493382724e-05,1.5960927649114987e-05,9.406275867258622e-06
3.1764384501521548e-06,1.4678252700798493e-05,8.81499960332501e-06,7.020007020007016e-06,1.4534249960030816e-05,1.0526094187490771e-05,1.5859925141153354e-05,9.352174848260949e-06
3.1561870735202247e-06,1.459065906006974e-05,8.766008923797077e-06,6.975738381907723e-06,1.4450240596505935e-05,1.0464191536561866e-05,1.575994452499529e-05,9.298606138939759e-06
3.1360939322854627e-06,1.4503894295618373e-05,8.717483785480152e-06,6.931976514463568e-06,1.4366990402850414e-05,1.040290449093385e-05,1.566097129343964e-05,9.245562130177501e-06
3.1162452983649087e-06,1.4417947460999453e-05,8.669417761903104e-06,6.888712844005096e-06,1.4284489900865642e-05,1.0342224198736162e-05,1.5562991206909988e-05,9.193035356413969e-06
3.096636742833611e-06,1.4332807797047444e-05,8.621804543690988e-06,6.8455172130530315e-06,1.4202729764660767e-05,1.0282141975816385e-05,1.546599028735812e-05,9.141018492280398e-06
3.07717871946285e-06,1.4248464727925569e-05,8.574637935913148e-06,6.802813643723042e-06,1.4121700817646478e-05,1.0222649301793035e-05,1.536995481233287e-05,9.089504349327818e-06
3.057954350857453e-06,1.4164907857274392e-05,8.527911855503053e-06,6.7605938505638305e-06,1.4041394029599259e-05,1.0163737816219276e-05,1.5274871309209238e-05,9.038485872846568e-06
3.038959460280803e-06,1.4082126964456718e-05,8.481620328747595e-06,6.71884973292572e-06,1.3961800513794262e-05,1.010539931485391e-05,1.518072654957268e-05,8.987956138774032e-06
3.0201078782534137e-06,1.4000112000896015e-05,8.435757488843702e-06,6.677573369837398e-06,1.3882911524204858e-05,1.0047625746036196e-05,1.5087507543753788e-05,8.93790835068776e-06
3.001398651771728e-06,1.3918853086505679e-05,8.390317573520149e-06,6.636757015052161e-06,1.3804718452767158e-05,9.990409207161111e-06,1.4995201535508652e-05,8.88833583688125e-06
2.982910903434228e-06,1.3838340506206502e-05,8.34529492272256e-06,6.596001503888339e-06,1.3727212826707669e-05,9.933741941251835e-06,1.490379599684041e-05,8.839232047519701e-06
2.964561630271735e-06,1.375856470652982e-05,8.300683976359644e-06,6.555700509377926e-06,1.3650386305932462e-05,9.877616333626356e-06,1.4813278622957634e-05,8.790590551873264e-06
2.946349914408538e-06,1.3679516292303908e-05,8.25647927210878e-06,6.515846538782314e-06,1.3574230680476187e-05,9.822024908655156e-06,1.4723637327365365e-05,8.742405035625289e-06
2.9283520113385822e-06,1.3601186023421247e-05,8.212675443279148e-06,6.476054787423497e-06,1.3498737868009343e-05,9.766960326607141e-06,1.4634860237084749e-05,8.69466929825323e-06
2.910487943303698e-06,1.3523564811684365e-05,8.169267216730652e-06,6.436331805777246e-06,1.3423899911402263e-05,9.712415380580985e-06,1.4546935687997336e-05,8.64737725047992e-06
2.8927568261829235e-06,1.3446643717728059e-05,8.12624941084691e-06,6.397052238328574e-06,1.3349708976344321e-05,9.658382993519214e-06,1.4459852220310323e-05,8.600522911793028e-06
2.875157774282866e-06,1.3370413948015835e-05,8.083616933560745e-06,6.35784494487748e-06,1.3276157349016906e-05,9.604856215302446e-06,1.4373598574139035e-05,8.55410040803058e-06
2.8577634000525853e-06,1.3294866851908481e-05,8.041364780430529e-06,6.318716036901297e-06,1.3203237433818777e-05,9.551828219921282e-06,1.4288163685203191e-05,8.508103969030492e-06
2.8404975415493805e-06,1.32199939188028e-05,7.999488032765897e-06,6.280026376110775e-06,1.3130941751142396e-05,9.499292302723437e-06,1.4203536680633491e-05,8.462527926342148e-06
2.8233593458841094e-06,1.3145786775338505e-05,7.957981855801362e-06,6.241768667569638e-06,1.3059262935199943e-05,9.447241877733784e-06,1.411970687488529e-05,8.417366710998123e-06
2.806418841173535e-06,1.3072237182671443e-05,7.916841496916384e-06,6.203935776856834e-06,1.2988193731897712e-05,9.395670475045086e-06,1.4036663765756168e-05,8.372614851344216e-06
2.7896025932145737e-06,1.2999337033811277e-05,7.876062283900536e-06,6.166520725676157e-06,1.2917726996757658e-05,9.344571738277223e-06,1.3954397030504324e-05,8.328266970926012e-06
2.772909780607381e-06,1.2927078351021888e-05,7.835639623262442e-06,6.129516687609181e-06,1.2847855692884865e-05,9.293939422102834e-06,1.3872896522064854e-05,8.284317786430279e-06
2.756339581036387e-06,1.2855453283282768e-05,7.795568998581202e-06,6.092916984006091e-06,1.2778572888979764e-05,9.242998428690255e-06,1.3792152265361021e-05,8.240762105679524e-06
2.739958736221436e-06,1.2784454103809766e-05,7.755845968899053e-06,6.056715080009205e-06,1.2709871757393972e-05,9.192528312987192e-06,1.3712154453707777e-05,8.196990065248031e-06
2.723697255602649e-06,1.2714073207633529e-05,7.716466167154087e-06,6.020904580704204e-06,1.264174557222862e-05,9.142522787738037e-06,1.3632893445304841e-05,8.153015800544612e-06
2.70762032664732e-06,1.2644303109234135e-05,7.677425298651842e-06,5.98547922739434e-06,1.2574187707474102e-05,9.092975676290056e-06,1.3554359759816756e-05,8.109445070673804e-06
2.6916596234906554e-06,1.2575136440230376e-05,7.638719139574674e-06,5.950432893993037e-06,1.2507191635190239e-05,9.043880910176165e-06,1.3476544075037406e-05,8.06627249481741e-06
2.6758143841078065e-06,1.2506565947122239e-05,7.600343535527804e-06,5.915759583530525e-06,1.2440750923725761e-05,8.995232526760807e-06,1.3399437223636619e-05,8.023492786879974e-06
2.660147531782116e-06,1.2438584489085141e-05,7.562294400120994e-06,5.881453424770329e-06,1.2374859235976196e-05,8.947024666946998e-06,1.3323030189986424e-05,7.98052751286859e-06
2.644656075700639e-06,1.2371185035814577e-05,7.524567713584851e-06,5.8475086689316024e-06,1.2308146762342e-05,8.899251572942708e-06,1.3245734873370789e-05,7.937956928645695e-06
2.6292748722829762e-06,1.2304360665419823e-05,7.4871595214207595e-06,5.813919686513451e-06,1.2241999853096009e-05,8.851907586084795e-06,1.3169157832356636e-05,7.895775759968407e-06
2.6140032152239583e-06,1.223810456236538e-05,7.450065933083503e-06,5.780680964217585e-06,1.2176411854954588e-05,8.804987144718761e-06,1.3093289689034384e-05,7.853978825673076e-06
2.598840397414677e-06,1.2172410015458962e-05,7.4132831206956576e-06,5.747787101965743e-06,1.2111376215679395e-05,8.758484782132684e-06,1.3018121224744859e-05,7.812561035633082e-06
2.583785711148264e-06,1.210727041588474e-05,7.376807317792855e-06,5.715232810008515e-06,1.2046886482188686e-05,8.71239512454368e-06,1.2943643376737699e-05,7.771517388770149e-06
2.568838448318827e-06,1.2042679255280716e-05,7.340634818099065e-06,5.6830129061223095e-06,1.1982936298710643e-05,8.666712889135402e-06,1.2869847234913336e-05,7.730842971117562e-06
2.5539979006137288e-06,1.1978630123859037e-05,7.304761974331062e-06,5.65112231289134e-06,1.19195194049776e-05,8.621432882145005e-06,1.279672403864612e-05,7.690532953933699e-06
2.539263359699354e-06,1.1915116708568162e-05,7.26918519703126e-06,5.6195560550716496e-06,1.1856629634460116e-05,8.5765499969982e-06,1.2724265173686232e-05,7.650582591864362e-06
2.524634117400539e-06,1.1852132791295795e-05,7.233900953428141e-06,5.588309257034285e-06,1.1794260912639917e-05,8.532059212490927e-06,1.2652462169138125e-05,7.610987221152448e-06
2.51010946587381e-06,1.178967224711153e-05,7.198905766323515e-06,5.557377140284872e-06,1.1732407255320656e-05,8.48795559101634e-06,1.2581306694513302e-05,7.571742257893535e-06
2.4956886977745977e-06,1.1727729042548202e-05,7.164196213005879e-06,5.526755021056937e-06,1.1671062766975569e-05,8.444234276835769e-06,1.2510790556855296e-05,7.532843196336019e-06
2.481371106418566e-06,1.1666297233920927e-05,7.129768924189165e-06,5.496438307976431e-06,1.16102216391311e-05,8.400890494392398e-06,1.2440905697934818e-05,7.4942856072244844e-06
2.467155985937214e-06,1.1605370965682919e-05,7.095620582976186e-06,5.4664224997950085e-06,1.154987814878554e-05,8.357919546666437e-06,1.237164419151306e-05,7.456065136185023e-06
2.4530967893869255e-06,1.1544944468817104e-05,7.061747923846109e-06,5.436703183189713e-06,1.1490026656861853e-05,8.314694559695342e-06,1.230299824067126e-05,7.418177502151265e-06
2.4391909691393594e-06,1.1485012059262662e-05,7.028147731665318e-06,5.407276030626809e-06,1.1430661606693803e-05,8.27184594514111e-06,1.2234960175204638e-05,7.380618495829943e-06
2.425383089258952e-06,1.1425568136375581e-05,6.994816840721024e-06,5.378136798287598e-06,1.1371777522544556e-05,8.22936897198722e-06,1.2167522449078924e-05,7.343383978204829e-06
2.4117248414893885e-06,1.1366607181422419e-05,6.961752133777026e-06,5.34928132405411e-06,1.1313369008156947e-05,8.187258987563544e-06,1.2100677637947731e-05,7.306469879077916e-06
2.3982138103540522e-06,1.1308123756106387e-05,6.9289505411510346e-06,5.320705525552685e-06,1.1255430745334632e-05,8.14551141593424e-06,1.2034418436729051e-05,7.269872195646794e-06
2.3847964456993813e-06,1.1250112501125012e-05,6.896409039812967e-06,5.2924053982535015e-06,1.1197957492553368e-05,8.104121756325256e-06,1.1968737657239295e-05,7.233586991117149e-06
2.3714721387595815e-06,1.119256813475852e-05,6.8641246525036866e-06,5.264377013624203e-06,1.1140944083601653e-05,8.063085581590353e-06,1.1903628225883254e-05,7.197610393349403e-06
2.358240281102245e-06,1.1135485451488255e-05,6.832094446873631e-06,5.236616517335814e-06,1.1084385426250048e-05,8.022398536714496e-06,1.1839083181398436e-05,7.161938593538494e-06
2.345100264761823e-06,1.1078859320644344e-05,6.800315534640805e-06,5.209120127519256e-06,1.1028276500948438e-05,7.982056337353618e-06,1.1775095672652346e-05,7.126567844925879e-06
2.3320514823685276e-06,1.1022684685081896e-05,6.7687850707676445e-06,5.18188413307078e-06,1.0972612359550567e-05,7.942054768409673e-06,1.1711658956491192e-05,7.091494461542821e-06
2.319093327272772e-06,1.0966956559885065e-05,6.7375002526562565e-06,5.154904892004739e-06,1.0917388124065206e-05,7.902389682640021e-06,1.1648766395638706e-05,7.056714816984097e-06
2.3062730627306305e-06,1.091167003109826e-05,6.706458319361542e-06,5.128178829852151e-06,1.0862598985433263e-05,7.863056999300178e-06,1.1586411456643652e-05,7.022225343211259e-06
2.2935411587428675e-06,1.0856820254483868e-05,6.67565655082177e-06,5.101702438103592e-06,1.0808240202330264e-05,7.824052702818995e-06,1.1524587707874756e-05,6.988022529384631e-06
2.2808970311844274e-06,1.080240245430584e-05,6.645092267106126e-06,5.075472272694971e-06,1.0754307099993555e-05,7.785372841505368e-06,1.1463288817561764e-05,6.954102920723223e-06
2.2683400967673917e-06,1.0748411922138509e-05,6.614762827678811e-06,5.049484952534839e-06,1.070079506907364e-05,7.747013526285605e-06,1.140250855188142e-05,6.920463117391812e-06
2.2558697731497387e-06,1.0694844015700037e-05,6.584665630679271e-06,5.023737158071888e-06,1.0647699564509096e-05,7.708970929470613e-06,1.1342240773087138e-05,6.887099773414415e-06
2.24353077899876e-06,1.0641694157709915e-05,6.554798112218141e-06,4.998000799680127e-06,1.0595016104424485e-05,7.67124128355208e-06,1.128247943768123e-05,6.8540095956134315e-06
2.2312762453868394e-06,1.0588957834769908e-05,6.525157745688499e-06,4.972502063588356e-06,1.0542740269050737e-05,7.63382088002686e-06,1.1223218594628571e-05,6.821189342573769e-06
2.2191056116742736e-06,1.053663059626793e-05,6.4957420410920605e-06,4.947237709824718e-06,1.0490867699667445e-05,7.5967060682487965e-06,1.1164452383610588e-05,6.788635823631239e-06
2.2070183182520444e-06,1.048470805330426e-05,6.4665485443799194e-06,4.922204556976977e-06,1.0439394097566582e-05,7.559893254307239e-06,1.1106175033318528e-05,6.756345897884586e-06
2.195013806636847e-06,1.04331858776396e-05,6.437574836807475e-06,4.897399480875654e-06,1.0388315223037132e-05,7.523378899931527e-06,1.1048380859784999e-05,6.724316473230493e-06
2.1830915195626863e-06,1.0382059800664457e-05,6.408818534303198e-06,4.872819413312542e-06,1.0337626894370134e-05,7.487159521420753e-06,1.0991064264752755e-05,6.692544505420958e-06
2.171250901069127e-06,1.0331325612389331e-05,6.380277286850884e-06,4.848461340793498e-06,1.0287324986883665e-05,7.451231688598113e-06,1.0934219734079774e-05,6.661026997142417e-06
2.1595333680298394e-06,1.0280979160455248e-05,6.351948777885052e-06,4.82432230332444e-06,1.0237405431967325e-05,7.415097137772494e-06,1.0877841836179699e-05,6.629760997116053e-06
2.1478954919969447e-06,1.0231016349164133e-05,6.323830723699186e-06,4.800399393229517e-06,1.018786421614573e-05,7.378766860482265e-06,1.0821925220496724e-05,6.598743599218709e-06
2.136377814143679e-06,1.0181433138528587e-05,6.295920872866468e-06,4.7764844119431214e-06,1.01386973801606e-05,7.342736931763934e-06,1.0766464616014038e-05,6.567971941623865e-06
2.124937845568021e-06,1.0132225543340603e-05,6.268217005672735e-06,4.752580651293652e-06,1.0089901018071013e-05,7.307003763106927e-06,1.071145482979498e-05,6.537443205962149e-06
2.124937845568021e-06,1.0132225543340603e-05,6.268217005672735e-06,4.752580651293652e-06,1.0089901018071013e-05,7.307003763106927e-06,1.071145482979498e-05,6.537443205962149e-06
