,CD_ESTACAO,CHUVA,DC_NOME,DT_MEDICAO,HR_MEDICAO,PRE_INS,PRE_MAX,PRE_MIN,PTO_INS,PTO_MAX,PTO_MIN,RAD_GLO,TEM_INS,TEM_MAX,TEM_MIN,UF,UMD_INS,UMD_MAX,UMD_MIN,VEN_DIR,VEN_RAJ,VEN_VEL,VL_LATITUDE,VL_LONGITUDE
0,A609,0.4,RESENDE,2020-04-01,0000,965.3,965.3,964.3,19.9,20.3,19.8,-2.828,22,22.9,22,RJ,88,88,85,52,7.2,2.9,-22.45138888,-44.44499999
1,A609,3.6,RESENDE,2020-04-01,0100,965.7,965.7,965.2,19.9,19.9,19.5,-1.12,21.5,22,21.3,RJ,90,91,87,87,7,1.2,-22.45138888,-44.44499999
2,A609,0.4,RESENDE,2020-04-01,0200,965.5,965.8,965.5,20.1,20.1,19.9,-0.866,21.6,21.6,21.4,RJ,91,92,90,46,3,1.8,-22.45138888,-44.44499999
3,A609,5.6,RESENDE,2020-04-01,0300,965.6,965.8,965.5,19.7,20.1,19.6,-1.561,20.8,21.6,20.8,RJ,94,94,91,331,3.3,1.1,-22.45138888,-44.44499999
4,A609,3,RESENDE,2020-04-01,0400,964.9,965.6,964.9,19.8,19.8,19.6,0.2,20.7,20.8,20.6,RJ,94,94,94,1,2.3,1.3,-22.45138888,-44.44499999
5,A609,0,RESENDE,2020-04-01,0500,964.5,964.9,964.5,19.7,19.9,19.7,-1.214,20.8,20.9,20.7,RJ,93,94,93,4,2.6,0.9,-22.45138888,-44.44499999
6,A609,0,RESENDE,2020-04-01,0600,964.2,964.5,964.2,19.5,19.8,19.5,-0.097,20.9,21.1,20.8,RJ,92,93,92,38,2.2,0.4,-22.45138888,-44.44499999
7,A609,0,RESENDE,2020-04-01,0700,964,964.2,964,19.8,19.9,19.6,-1.151,21.1,21.2,20.9,RJ,92,92,92,148,2,0.9,-22.45138888,-44.44499999
8,A609,0,RESENDE,2020-04-01,0800,964.4,964.4,963.9,19.6,20,19.6,-2.199,20.8,21.2,20.8,RJ,93,93,92,26,2.8,1.6,-22.45138888,-44.44499999
9,A609,0,RESENDE,2020-04-01,0900,965,965,964.4,19.5,19.7,19.4,-1.516,20.6,20.8,20.6,RJ,93,93,93,92,2.8,1.8,-22.45138888,-44.44499999
10,A609,0,RESENDE,2020-04-01,1000,965.5,965.5,965,20.1,20.1,19.4,95.192,21.2,21.2,20.5,RJ,94,94,93,103,3.8,2.1,-22.45138888,-44.44499999
11,A609,0,RESENDE,2020-04-01,1100,966,966,965.5,19.7,20.9,19.6,472.153,22.8,23.5,21.2,RJ,83,94,82,84,3.2,1,-22.45138888,-44.44499999
12,A609,0,RESENDE,2020-04-01,1200,966.4,966.4,966,20,21,19.2,1447.105,24.7,25.1,22.2,RJ,75,85,72,46,2.1,1.1,-22.45138888,-44.44499999
13,A609,0,RESENDE,2020-04-01,1300,966.2,966.4,966.2,19.6,20.1,18.8,1816.724,25.3,25.6,23.9,RJ,71,75,68,113,4.2,2.1,-22.45138888,-44.44499999
14,A609,0,RESENDE,2020-04-01,1400,965.7,966.2,965.7,19.3,20.3,18.2,2721.512,26.9,27.4,25.3,RJ,63,71,60,122,5.2,2.7,-22.45138888,-44.44499999
15,A609,0,RESENDE,2020-04-01,1500,965.1,965.7,965.1,18.7,19.9,18.4,1547.511,26.8,27.1,26.3,RJ,61,66,60,78,5.2,1.5,-22.45138888,-44.44499999
16,A609,0,RESENDE,2020-04-01,1600,964.2,965.1,964.2,19.7,20,18.2,1862.167,28.7,28.7,26.8,RJ,58,62,56,37,4.8,2.6,-22.45138888,-44.44499999
17,A609,0,RESENDE,2020-04-01,1700,963.8,964.3,963.8,18.1,19.5,18,1208.797,27.7,28.7,27.2,RJ,56,62,56,60,4.8,1.7,-22.45138888,-44.44499999
18,A609,0,RESENDE,2020-04-01,1800,963.4,963.8,963.3,18.9,19.3,18.2,1798.159,27.9,28.7,27.6,RJ,58,59,54,56,4.4,2.3,-22.45138888,-44.44499999
19,A609,0,RESENDE,2020-04-01,1900,963.3,963.4,963.2,19,19.8,18.7,1314.9,27.3,28.6,27.3,RJ,61,62,57,31,4.9,2,-22.45138888,-44.44499999
20,A609,0,RESENDE,2020-04-01,2000,963.4,963.4,963.2,19.6,19.9,18.7,534.441,27,27.9,27,RJ,64,65,57,84,3.5,1.9,-22.45138888,-44.44499999
21,A609,0,RESENDE,2020-04-01,2100,964.1,964.1,963.4,20,20,19.4,109.997,25.6,27,25.6,RJ,71,71,63,96,4.9,2.8,-22.45138888,-44.44499999
22,A609,0,RESENDE,2020-04-01,2200,964.7,964.7,964.1,19.3,20,19.3,-0.824,24,25.6,24,RJ,75,75,71,86,6.7,3.9,-22.45138888,-44.44499999
23,A609,0,RESENDE,2020-04-01,2300,965.6,965.6,964.7,19.5,19.5,19.1,-2.691,23.2,24,23.1,RJ,80,80,75,66,6,2.9,-22.45138888,-44.44499999
24,A609,0,RESENDE,2020-04-02,0000,966.3,966.3,965.6,19.5,19.5,19.4,-3.037,22.9,23.2,22.9,RJ,81,82,80,77,7,3.1,-22.45138888,-44.44499999
25,A609,0,RESENDE,2020-04-02,0100,966.6,966.6,966.3,19.4,19.5,19.1,-1.981,22.4,22.9,22.4,RJ,83,83,79,59,5.7,1.8,-22.45138888,-44.44499999
26,A609,0,RESENDE,2020-04-02,0200,966.4,966.6,966.4,19.4,19.4,19.4,-1.04,22.3,22.4,22.3,RJ,84,84,83,49,3.8,1.7,-22.45138888,-44.44499999
27,A609,0,RESENDE,2020-04-02,0300,966,966.4,966,19.3,19.4,19.3,-1.456,22.2,22.3,22.2,RJ,84,84,83,56,3.9,2.2,-22.45138888,-44.44499999
28,A609,0,RESENDE,2020-04-02,0400,965.7,966,965.7,19.4,19.4,19.3,-0.373,22.1,22.2,22.1,RJ,85,85,84,83,3.7,1.4,-22.45138888,-44.44499999
29,A609,0,RESENDE,2020-04-02,0500,965.4,965.8,965.4,19.6,19.6,19.4,-1.971,21.5,22.1,21.4,RJ,89,89,85,54,3,0.9,-22.45138888,-44.44499999
30,A609,0,RESENDE,2020-04-02,0600,964.7,965.4,964.7,19.7,19.7,19.6,-2.72,21.5,21.5,21.3,RJ,90,90,89,63,2.2,0.9,-22.45138888,-44.44499999
31,A609,0,RESENDE,2020-04-02,0700,964.3,964.7,964.3,19.8,19.8,19.7,-2.129,21.5,21.5,21.4,RJ,90,90,89,109,3.4,2.4,-22.45138888,-44.44499999
32,A609,0,RESENDE,2020-04-02,0800,964.4,964.5,964.2,19.6,19.8,19.6,-1.759,21.4,21.5,21.4,RJ,90,90,89,58,3.6,0.5,-22.45138888,-44.44499999
33,A609,0,RESENDE,2020-04-02,0900,964.6,964.6,964.3,20,20,19.6,-1.297,21.3,21.4,21.2,RJ,92,92,90,8,1.5,0.9,-22.45138888,-44.44499999
34,A609,0,RESENDE,2020-04-02,1000,965,965,964.6,20,20.1,19.9,28.182,21.5,21.5,21.2,RJ,91,92,91,3,1.2,0.7,-22.45138888,-44.44499999
35,A609,0,RESENDE,2020-04-02,1100,965.1,965.1,965,20,20.2,19.9,253.136,22.4,22.4,21.4,RJ,87,91,86,90,2.3,1.2,-22.45138888,-44.44499999
36,A609,0,RESENDE,2020-04-02,1200,965.2,965.4,965.1,19.7,20.7,19.6,987.305,23.7,23.9,22.3,RJ,78,87,78,96,2.9,1.6,-22.45138888,-44.44499999
37,A609,0,RESENDE,2020-04-02,1300,964.9,965.2,964.9,19.5,20.3,19.1,1922.772,25.1,26.1,23.6,RJ,71,79,68,293,2.9,1.2,-22.45138888,-44.44499999
38,A609,0,RESENDE,2020-04-02,1400,964.1,964.9,964.1,20,20.7,19.1,1938.302,27.3,27.5,24.4,RJ,65,73,63,82,3.4,1.3,-22.45138888,-44.44499999
39,A609,0,RESENDE,2020-04-02,1500,963.2,964.1,963.2,19.7,21.1,19.4,3066.577,28.4,28.8,27.3,RJ,59,65,59,247,4,2.1,-22.45138888,-44.44499999
40,A609,0,RESENDE,2020-04-02,1600,961.8,963.2,961.8,20,21,19.2,3056.927,29.9,30.3,28.1,RJ,55,62,54,167,3.9,1.2,-22.45138888,-44.44499999
41,A609,0,RESENDE,2020-04-02,1700,960.5,961.8,960.5,18.4,20.7,18.4,2632.142,31,31.5,29.7,RJ,47,57,47,232,3.6,1.5,-22.45138888,-44.44499999
42,A609,0,RESENDE,2020-04-02,1800,959.6,960.5,959.6,18.9,20,18.2,2421.681,32.6,32.6,30.7,RJ,44,50,43,303,3.6,1.2,-22.45138888,-44.44499999
43,A609,0,RESENDE,2020-04-02,1900,959.2,959.6,959.1,17.2,19,16.5,1803.773,32.9,33.2,31.7,RJ,39,46,38,291,3.8,1.9,-22.45138888,-44.44499999
44,A609,0,RESENDE,2020-04-02,2000,959.2,959.3,959.1,18,18.1,16.3,983.926,32.1,33.1,32.1,RJ,43,43,37,339,3.5,0.7,-22.45138888,-44.44499999
45,A609,0,RESENDE,2020-04-02,2100,959.2,959.3,959.1,20.4,20.4,17.8,205.679,28.6,32.1,28.6,RJ,61,61,43,26,3.8,2.5,-22.45138888,-44.44499999
46,A609,0,RESENDE,2020-04-02,2200,959.5,959.6,959.1,21.3,21.4,20.5,-2.888,25.7,28.6,25.6,RJ,77,77,61,304,3.8,0.6,-22.45138888,-44.44499999
47,A609,0,RESENDE,2020-04-02,2300,960,960,959.4,19.8,21.5,19.8,-3.524,24.6,26.7,24.4,RJ,75,79,72,345,3,1.9,-22.45138888,-44.44499999
48,A609,0,RESENDE,2020-04-03,0000,960.4,960.4,960,19,20,19,-2.822,24,24.7,23.5,RJ,74,80,71,313,2.6,1.2,-22.45138888,-44.44499999
49,A609,0,RESENDE,2020-04-03,0100,960.3,960.4,960.2,19.4,19.9,19,-2.556,22.5,24.2,22.5,RJ,82,82,74,316,2.7,1.1,-22.45138888,-44.44499999
50,A609,0,RESENDE,2020-04-03,0200,960,960.3,960,19.4,19.4,18.9,-3.508,22.6,22.6,21.6,RJ,82,87,81,331,2.5,1.2,-22.45138888,-44.44499999
51,A609,0,RESENDE,2020-04-03,0300,959.6,960,959.6,19.4,19.5,18.8,-3.276,21.8,23,21.4,RJ,87,87,80,240,2.3,0.7,-22.45138888,-44.44499999
52,A609,0,RESENDE,2020-04-03,0400,958.8,959.6,958.8,19.1,19.7,18.8,-2.586,21.3,22.3,21.1,RJ,88,89,85,326,2.4,0.9,-22.45138888,-44.44499999
53,A609,0,RESENDE,2020-04-03,0500,957.6,958.8,957.6,19.5,19.7,18.9,-3.18,21.2,21.3,20.9,RJ,90,91,88,293,3,0.9,-22.45138888,-44.44499999
54,A609,0,RESENDE,2020-04-03,0600,956.9,957.7,956.9,19,19.7,18.7,-3.164,20.5,21.6,20.3,RJ,91,91,88,357,3.4,1.8,-22.45138888,-44.44499999
55,A609,0,RESENDE,2020-04-03,0700,956.7,956.9,956.5,19.5,19.5,18.8,-2.219,20.7,20.8,20.1,RJ,93,93,91,126,3.4,1.3,-22.45138888,-44.44499999
56,A609,0,RESENDE,2020-04-03,0800,956.8,956.9,956.4,18.7,19.7,18.6,-2.191,20,21,19.9,RJ,92,93,91,53,3.2,1,-22.45138888,-44.44499999
57,A609,0,RESENDE,2020-04-03,0900,957.2,957.2,956.6,18.9,19.3,18.7,-1.674,20.1,20.4,19.9,RJ,93,94,92,145,3.7,0.7,-22.45138888,-44.44499999
58,A609,0,RESENDE,2020-04-03,1000,957.5,957.6,957.2,20.2,20.3,18.9,84.275,21.5,21.5,20.1,RJ,93,93,93,97,2.3,1,-22.45138888,-44.44499999
59,A609,0,RESENDE,2020-04-03,1100,957.8,957.9,957.5,21.1,21.4,20,480.485,24.2,24.2,21.5,RJ,83,93,83,100,2.8,1.5,-22.45138888,-44.44499999
60,A609,0,RESENDE,2020-04-03,1200,957.9,958,957.7,21.4,21.9,20.5,977.212,26,26.2,23.8,RJ,76,84,76,119,3.3,2.1,-22.45138888,-44.44499999
61,A609,0,RESENDE,2020-04-03,1300,957.4,957.9,957.4,19.2,22.1,18.8,2308.478,29.3,29.7,26,RJ,55,77,54,309,5.5,2.5,-22.45138888,-44.44499999
62,A609,0,RESENDE,2020-04-03,1400,956.7,957.4,956.7,18.7,20.3,18.2,3117.961,31.1,31.3,29.1,RJ,48,57,47,322,7,4.3,-22.45138888,-44.44499999
63,A609,0,RESENDE,2020-04-03,1500,956.1,956.7,956.1,17.8,19.7,16.4,1990.047,31.6,31.9,30.2,RJ,44,51,41,262,8.3,3.8,-22.45138888,-44.44499999
64,A609,0,RESENDE,2020-04-03,1600,954.9,956.1,954.9,16.6,18.2,16,1786.631,32.3,32.7,30.8,RJ,39,45,39,236,8.3,4.9,-22.45138888,-44.44499999
65,A609,0,RESENDE,2020-04-03,1700,954.6,954.9,954.6,17.4,17.5,16.2,945.268,30.7,32.3,30.7,RJ,45,45,39,254,8.3,3.8,-22.45138888,-44.44499999
66,A609,0,RESENDE,2020-04-03,1800,954.2,954.6,954.2,17.1,18.4,16.6,1564.634,30.7,32.8,30.3,RJ,44,47,40,284,9.2,3.8,-22.45138888,-44.44499999
67,A609,0.2,RESENDE,2020-04-03,1900,954.8,954.9,954.2,19.4,19.5,17.2,545.018,25.3,30.8,25.3,RJ,70,70,44,263,14.6,8.5,-22.45138888,-44.44499999
68,A609,0,RESENDE,2020-04-03,2000,955.1,955.1,954.5,20.6,21.5,19.4,771.945,27.7,28.2,25.3,RJ,66,73,64,277,13.9,2,-22.45138888,-44.44499999
69,A609,0,RESENDE,2020-04-03,2100,955.5,955.6,955.1,20.5,21.2,20.3,183.754,26.5,28,26,RJ,70,72,63,61,3.5,0.7,-22.45138888,-44.44499999
70,A609,0,RESENDE,2020-04-03,2200,956.5,956.5,955.5,20.5,21.1,20.1,-1.976,24.1,26.5,24.1,RJ,80,81,70,60,5.7,3.2,-22.45138888,-44.44499999
71,A609,0,RESENDE,2020-04-03,2300,957.5,957.5,956.4,20.2,20.7,20.2,-3.401,23.4,24.1,23.4,RJ,82,83,80,91,7.9,4,-22.45138888,-44.44499999
72,A609,0,RESENDE,2020-04-04,0000,958.5,958.6,957.5,19.8,20.2,19.8,-3.242,22.6,23.4,22.6,RJ,84,86,82,69,7.9,3.5,-22.45138888,-44.44499999
73,A609,0.6,RESENDE,2020-04-04,0100,959.8,959.8,958.4,18.9,19.8,18.7,-2.844,21.1,22.6,21.1,RJ,87,87,84,95,7.8,3,-22.45138888,-44.44499999
74,A609,0,RESENDE,2020-04-04,0200,960.3,960.4,959.7,18.2,19,18.2,-2.717,20.7,21.1,20.6,RJ,86,89,85,66,6.2,3.2,-22.45138888,-44.44499999
75,A609,0,RESENDE,2020-04-04,0300,960.3,960.4,960.1,17.2,18.2,17.2,-2.089,20.1,20.7,20.1,RJ,83,86,83,101,6.3,2.3,-22.45138888,-44.44499999
76,A609,0,RESENDE,2020-04-04,0400,960.5,960.5,960.3,16.3,17.2,16.3,-1.164,19.6,20.2,19.6,RJ,82,83,81,32,6.1,1.8,-22.45138888,-44.44499999
77,A609,0,RESENDE,2020-04-04,0500,960.1,960.5,960.1,15.9,16.3,15.7,-2.748,19.5,19.8,19.2,RJ,80,82,77,61,6.4,1.6,-22.45138888,-44.44499999
78,A609,0,RESENDE,2020-04-04,0600,960.4,960.4,960.1,15.6,16.4,15.6,-3.303,18.8,19.5,18.1,RJ,81,86,80,39,4.3,2.3,-22.45138888,-44.44499999
79,A609,0,RESENDE,2020-04-04,0700,960.3,960.4,960.2,15.2,15.5,14.7,-3.54,17.1,18.8,17.1,RJ,89,89,80,16,4.3,1.2,-22.45138888,-44.44499999
80,A609,0,RESENDE,2020-04-04,0800,960.8,960.8,960.3,15.6,15.6,15,-3.54,17,17.1,16.8,RJ,91,91,89,245,2.1,0.5,-22.45138888,-44.44499999
81,A609,0,RESENDE,2020-04-04,0900,961.4,961.4,960.8,15,15.4,14.9,-3.54,16,17,16,RJ,94,94,91,271,2.2,1.2,-22.45138888,-44.44499999
82,A609,0,RESENDE,2020-04-04,1000,962.2,962.2,961.4,15.1,15.1,14.8,56.064,16,16,15.8,RJ,94,94,94,310,2.4,1.8,-22.45138888,-44.44499999
83,A609,0,RESENDE,2020-04-04,1100,962.8,962.8,962.2,16,16,15.2,611.523,18.7,18.7,16,RJ,84,94,83,285,2.4,1.4,-22.45138888,-44.44499999
84,A609,0,RESENDE,2020-04-04,1200,963.4,963.4,962.8,13.7,16.1,13.7,1316.644,20.7,20.9,18.7,RJ,64,84,64,314,2.8,1.7,-22.45138888,-44.44499999
85,A609,0,RESENDE,2020-04-04,1300,963.4,963.5,963.4,14.4,14.5,13,802.126,23.3,23.3,20.6,RJ,57,67,55,234,3.6,1.3,-22.45138888,-44.44499999
86,A609,0,RESENDE,2020-04-04,1400,963.3,963.5,963.2,10.5,14.6,9,1893.255,24.9,25.6,23.1,RJ,40,59,36,256,6,3.2,-22.45138888,-44.44499999
87,A609,0,RESENDE,2020-04-04,1500,962.6,963.3,962.6,9.7,11.5,8.9,2965.627,25.9,26.6,24.9,RJ,36,42,34,231,6.3,2.9,-22.45138888,-44.44499999
88,A609,0,RESENDE,2020-04-04,1600,961.6,962.6,961.6,10,11.2,9.1,3269.429,26.9,27.6,25.8,RJ,35,39,33,273,6.3,2.1,-22.45138888,-44.44499999
89,A609,0,RESENDE,2020-04-04,1700,960.7,961.6,960.7,10.9,11.8,9.7,2980.963,27.5,28.4,26.6,RJ,36,38,33,294,3.6,1.8,-22.45138888,-44.44499999
90,A609,0,RESENDE,2020-04-04,1800,960.4,960.8,960.4,12,12.5,10.1,2543.316,28.8,28.8,27.1,RJ,35,39,34,300,4.9,1.2,-22.45138888,-44.44499999
91,A609,0,RESENDE,2020-04-04,1900,960.6,960.6,960.3,12.1,13.1,11.1,1895.434,27.9,29.1,27.9,RJ,37,40,34,61,4.5,2,-22.45138888,-44.44499999
92,A609,0,RESENDE,2020-04-04,2000,961,961,960.6,12.2,13.3,11.5,1060.354,27.1,28.3,27.1,RJ,40,41,36,49,5,2.1,-22.45138888,-44.44499999
93,A609,0,RESENDE,2020-04-04,2100,961.9,961.9,961,15.4,15.4,12.3,266.059,23.3,27.2,23.3,RJ,61,61,39,101,9,4.6,-22.45138888,-44.44499999
94,A609,0,RESENDE,2020-04-04,2200,963.2,963.2,961.9,15.7,15.7,15.4,-2.481,21.2,23.3,21.2,RJ,71,71,61,73,8,2.3,-22.45138888,-44.44499999
95,A609,0,RESENDE,2020-04-04,2300,964.5,964.5,963.2,15.2,15.7,15.2,-3.54,19.9,21.3,19.9,RJ,74,75,70,54,5.1,3.1,-22.45138888,-44.44499999
96,A609,0,RESENDE,2020-04-05,0000,965.2,965.2,964.5,14.8,15.2,14.8,-3.54,19,20,19,RJ,76,77,74,46,5.2,2.6,-22.45138888,-44.44499999
97,A609,0,RESENDE,2020-04-05,0100,965.9,965.9,965.2,14.6,14.8,14.6,-3.54,18.7,19,18.7,RJ,77,77,76,51,4.8,2.3,-22.45138888,-44.44499999
98,A609,0,RESENDE,2020-04-05,0200,965.9,966,965.9,14.7,14.8,14.6,-3.526,18.1,18.8,18.1,RJ,80,80,77,139,3.9,1.2,-22.45138888,-44.44499999
99,A609,0,RESENDE,2020-04-05,0300,966,966,965.8,14.9,14.9,14.7,-2.322,18.5,18.5,18,RJ,80,82,79,99,3.2,1.5,-22.45138888,-44.44499999
100,A609,0,RESENDE,2020-04-05,0400,965.8,966,965.8,15.2,15.3,14.9,-0.425,18.4,18.5,18.3,RJ,81,83,80,86,3,1.2,-22.45138888,-44.44499999
101,A609,0,RESENDE,2020-04-05,0500,965.3,965.8,965.3,15.4,15.5,15.2,-0.161,18.3,18.4,18.2,RJ,83,84,81,78,2.5,0.7,-22.45138888,-44.44499999
102,A609,0,RESENDE,2020-04-05,0600,965.2,965.3,965.1,15.6,15.6,15.3,-0.135,18.5,18.5,18.3,RJ,83,83,82,112,2.6,1.2,-22.45138888,-44.44499999
103,A609,0,RESENDE,2020-04-05,0700,965.2,965.2,965.1,16.1,16.2,15.5,-0.66,18.4,18.5,18.1,RJ,87,88,83,203,2,0.9,-22.45138888,-44.44499999
104,A609,0,RESENDE,2020-04-05,0800,965.6,965.6,965.2,16.2,16.3,16,-1.865,18.1,18.5,18.1,RJ,89,89,86,304,2.2,1.1,-22.45138888,-44.44499999
105,A609,0,RESENDE,2020-04-05,0900,965.8,965.8,965.5,16.2,16.2,16,-1.444,18.2,18.2,18.1,RJ,88,89,87,320,2.3,1.3,-22.45138888,-44.44499999
106,A609,0,RESENDE,2020-04-05,1000,966.2,966.2,965.8,16.2,16.4,16.2,38.381,18.5,18.5,18.1,RJ,87,89,87,17,1.9,0.9,-22.45138888,-44.44499999
107,A609,0,RESENDE,2020-04-05,1100,966.7,966.7,966.2,16.4,16.7,16.3,213.87,19.2,19.3,18.5,RJ,84,87,84,113,1.9,1.2,-22.45138888,-44.44499999
108,A609,0,RESENDE,2020-04-05,1200,967.5,967.5,966.7,16.3,16.9,16.1,494.013,20.1,20.4,19.2,RJ,79,84,78,161,2.4,0.9,-22.45138888,-44.44499999
109,A609,0,RESENDE,2020-04-05,1300,967.6,967.7,967.4,16.2,16.9,16,830.764,21.7,21.7,20.1,RJ,71,80,71,89,2.5,0.8,-22.45138888,-44.44499999
110,A609,0,RESENDE,2020-04-05,1400,967.2,967.6,967.2,15.4,16.4,15,970.543,22.4,22.8,21.5,RJ,65,72,64,144,2.8,0.9,-22.45138888,-44.44499999
111,A609,0,RESENDE,2020-04-05,1500,966.5,967.2,966.5,15.8,16.3,15.4,508.938,22.9,23.2,22.3,RJ,64,66,64,345,3.1,1.4,-22.45138888,-44.44499999
112,A609,0,RESENDE,2020-04-05,1600,965.6,966.5,965.6,16.8,17,15.7,466.198,23.5,23.5,22.6,RJ,66,68,64,329,3.6,2.4,-22.45138888,-44.44499999
113,A609,0,RESENDE,2020-04-05,1700,964.6,965.6,964.6,16.8,17.4,16.2,575.687,23.8,24.4,23.2,RJ,65,67,63,352,4.6,1.8,-22.45138888,-44.44499999
114,A609,0,RESENDE,2020-04-05,1800,964.4,964.6,964.3,17.4,17.6,16.6,582.086,25.1,25.1,23.7,RJ,62,66,61,45,3.9,1.7,-22.45138888,-44.44499999
115,A609,0,RESENDE,2020-04-05,1900,964.2,964.4,964.2,17.4,18,16.8,876.259,25.1,26,24.7,RJ,62,63,59,8,4.4,2.2,-22.45138888,-44.44499999
116,A609,0,RESENDE,2020-04-05,2000,964.4,964.4,964.1,17.6,17.8,16.5,915.799,24.5,25.6,24,RJ,66,67,60,346,4,2,-22.45138888,-44.44499999
117,A609,0,RESENDE,2020-04-05,2100,964.7,964.7,964.4,17.6,17.9,17.4,291.17,23.4,24.6,23.4,RJ,70,70,65,27,3.2,1.2,-22.45138888,-44.44499999
118,A609,0,RESENDE,2020-04-05,2200,965.4,965.4,964.7,17.8,18,17.5,-2.228,23.1,23.4,22.9,RJ,72,74,70,95,2.7,1.9,-22.45138888,-44.44499999
119,A609,0,RESENDE,2020-04-05,2300,966.2,966.2,965.4,17.4,18,17.4,-3.255,22.3,23.1,22.3,RJ,74,76,72,102,7,3.9,-22.45138888,-44.44499999
120,A609,0,RESENDE,2020-04-06,0000,967,967,966.2,17,17.4,16.9,-2.21,21.6,22.3,21.6,RJ,75,75,74,97,8.2,3.5,-22.45138888,-44.44499999
121,A609,0,RESENDE,2020-04-06,0100,967.5,967.5,967,17.1,17.2,16.6,-1.807,21,21.6,21,RJ,78,78,73,81,7.5,1.9,-22.45138888,-44.44499999
122,A609,0,RESENDE,2020-04-06,0200,967.5,967.6,967.5,16.7,17.2,16.6,-2.01,20.7,21,20.6,RJ,78,79,77,93,5.2,2.6,-22.45138888,-44.44499999
123,A609,0,RESENDE,2020-04-06,0300,967.3,967.6,967.3,16.7,16.8,16.6,-0.83,20.6,20.7,20.6,RJ,79,79,77,86,4.7,2.1,-22.45138888,-44.44499999
124,A609,0,RESENDE,2020-04-06,0400,967,967.3,966.9,17.3,17.3,16.7,-2.298,20,20.6,20,RJ,84,84,79,358,3.4,0.7,-22.45138888,-44.44499999
125,A609,0,RESENDE,2020-04-06,0500,966.4,967,966.4,17.3,17.4,17.2,-0.401,19.9,20,19.9,RJ,85,85,84,8,1.2,0.9,-22.45138888,-44.44499999
126,A609,0,RESENDE,2020-04-06,0600,966,966.4,966,17.3,17.4,17.2,-0.914,19.9,20,19.9,RJ,85,86,84,34,1.4,0.7,-22.45138888,-44.44499999
127,A609,0,RESENDE,2020-04-06,0700,965.6,966,965.6,17.5,17.5,17.2,-1.223,19.5,19.9,19.5,RJ,88,88,85,343,1.5,0.9,-22.45138888,-44.44499999
128,A609,0,RESENDE,2020-04-06,0800,965.5,965.6,965.5,17.5,17.5,17.4,-1.798,19.6,19.7,19.5,RJ,87,89,86,23,1.6,0.7,-22.45138888,-44.44499999
129,A609,0,RESENDE,2020-04-06,0900,965.9,965.9,965.5,17.6,17.7,17.5,-0.068,19.7,19.8,19.6,RJ,88,89,87,22,1.2,0.8,-22.45138888,-44.44499999
130,A609,0,RESENDE,2020-04-06,1000,966.2,966.2,965.9,17.8,17.9,17.5,26.061,19.8,19.9,19.6,RJ,88,89,87,9,1.4,0.9,-22.45138888,-44.44499999
131,A609,0,RESENDE,2020-04-06,1100,966.7,966.7,966.2,18,18.1,17.8,215.91,20.5,20.5,19.8,RJ,86,89,86,338,1.4,0.5,-22.45138888,-44.44499999
132,A609,0,RESENDE,2020-04-06,1200,966.7,966.8,966.6,17.7,18.4,17.7,753.071,21.9,22.2,20.6,RJ,77,86,77,65,1.9,0.9,-22.45138888,-44.44499999
133,A609,0,RESENDE,2020-04-06,1300,966.5,966.9,966.5,18.1,18.4,17.4,1084.129,23.2,23.2,21.8,RJ,73,78,72,266,2.3,1,-22.45138888,-44.44499999
134,A609,0,RESENDE,2020-04-06,1400,965.7,966.5,965.7,17.8,18.8,17.1,1424.849,25.6,25.9,23,RJ,62,73,62,5,2.8,1.1,-22.45138888,-44.44499999
135,A609,0,RESENDE,2020-04-06,1500,964.6,965.7,964.6,17.9,19.1,17.3,1443.87,26.1,27.1,24.6,RJ,61,65,58,75,3.8,1.5,-22.45138888,-44.44499999
136,A609,0,RESENDE,2020-04-06,1600,963.6,964.6,963.6,18.6,19.2,17.7,3101.607,27.9,28.3,26,RJ,57,62,55,299,4.3,2,-22.45138888,-44.44499999
137,A609,0,RESENDE,2020-04-06,1700,962.7,963.6,962.6,19.1,19.7,17.8,2841.265,29.2,29.9,27.8,RJ,54,58,50,51,3.9,1.9,-22.45138888,-44.44499999
138,A609,0,RESENDE,2020-04-06,1800,962.1,962.7,962.1,18.4,19.8,18.3,2408.823,29.7,30.1,28.9,RJ,51,55,50,350,3.9,1.8,-22.45138888,-44.44499999
139,A609,0,RESENDE,2020-04-06,1900,961.8,962.1,961.7,18.3,19.6,18.1,1775.758,29.7,31.1,29.7,RJ,50,53,48,7,3.7,1.8,-22.45138888,-44.44499999
140,A609,0,RESENDE,2020-04-06,2000,961.7,961.8,961.7,19,19,18.3,977.073,29.6,30.6,29.6,RJ,53,53,49,3,3.3,1.8,-22.45138888,-44.44499999
141,A609,0,RESENDE,2020-04-06,2100,961.4,961.7,961.4,19.9,19.9,18.9,208.054,26.7,29.6,26.7,RJ,66,66,52,339,3.1,1.6,-22.45138888,-44.44499999
142,A609,0,RESENDE,2020-04-06,2200,961.8,961.9,961.4,19.8,19.9,19.4,-2.928,25.6,26.7,25.2,RJ,70,71,66,85,3.1,1.2,-22.45138888,-44.44499999
143,A609,0,RESENDE,2020-04-06,2300,962.3,962.3,961.7,20.7,20.8,20,-3.536,24.1,26.1,24.1,RJ,81,81,70,33,3.3,0.4,-22.45138888,-44.44499999
144,A609,0,RESENDE,2020-04-07,0000,962.6,962.6,962.2,19.9,21.1,19.8,-3.485,22.9,24.5,22.9,RJ,83,84,80,327,1.5,0.6,-22.45138888,-44.44499999
145,A609,0,RESENDE,2020-04-07,0100,962.7,962.8,962.6,20.4,20.4,19.6,-3.535,22.2,22.9,21.8,RJ,89,89,83,339,1.9,1.4,-22.45138888,-44.44499999
146,A609,0,RESENDE,2020-04-07,0200,962.8,963,962.7,19.7,20.7,19.4,-3.403,21.8,23.1,21.8,RJ,88,89,84,104,1.7,0.4,-22.45138888,-44.44499999
147,A609,0,RESENDE,2020-04-07,0300,963,963.1,962.8,20,20.3,19.5,-3.355,21.4,22.2,21.2,RJ,92,92,88,344,1.6,0.7,-22.45138888,-44.44499999
148,A609,0,RESENDE,2020-04-07,0400,962.5,963,962.5,20.1,20.3,19.8,-3.232,21.6,21.7,21.2,RJ,91,92,91,93,1.3,0.6,-22.45138888,-44.44499999
149,A609,0,RESENDE,2020-04-07,0500,962.3,962.6,962.3,19.5,20.1,19.4,-3.228,20.8,21.6,20.7,RJ,92,93,90,74,1.2,0.4,-22.45138888,-44.44499999
150,A609,0,RESENDE,2020-04-07,0600,962.1,962.3,962,19.2,19.9,18.8,-3.342,20.3,21.1,20.1,RJ,93,93,92,264,1.5,0.5,-22.45138888,-44.44499999
151,A609,0,RESENDE,2020-04-07,0700,961.9,962.2,961.9,19.3,19.3,18.7,-1.416,20.4,20.4,19.8,RJ,94,94,93,340,2.5,1.1,-22.45138888,-44.44499999
152,A609,0,RESENDE,2020-04-07,0800,962.4,962.4,961.9,19.1,19.6,19.1,-1.525,20.3,20.8,20.3,RJ,92,94,92,328,2,0.8,-22.45138888,-44.44499999
153,A609,0,RESENDE,2020-04-07,0900,962.8,962.8,962.4,19.6,19.8,18.9,-1.537,20.8,21,20.1,RJ,93,93,92,49,2.3,0.8,-22.45138888,-44.44499999
154,A609,0,RESENDE,2020-04-07,1000,963,963.2,962.8,19.6,20,19.3,64.04,21.3,21.3,20.6,RJ,90,93,90,31,2.6,1.2,-22.45138888,-44.44499999
155,A609,0,RESENDE,2020-04-07,1100,963.3,963.5,963,20.1,20.2,19.4,350.794,22.2,22.2,21.3,RJ,88,90,86,99,3,0.9,-22.45138888,-44.44499999
156,A609,0,RESENDE,2020-04-07,1200,963.7,963.7,963.3,20.8,20.8,20,627.007,23.8,23.8,22,RJ,83,89,83,133,2.7,0.8,-22.45138888,-44.44499999
157,A609,0,RESENDE,2020-04-07,1300,964.1,964.1,963.6,21,21,20.3,783.976,24.8,24.8,23.7,RJ,80,83,79,67,2.1,0.8,-22.45138888,-44.44499999
158,A609,0,RESENDE,2020-04-07,1400,964.5,964.6,964,20.5,21.1,20.3,633.463,25.1,25.4,24.5,RJ,76,79,75,308,2.4,1.7,-22.45138888,-44.44499999
159,A609,0,RESENDE,2020-04-07,1500,963.8,964.5,963.8,20.3,21.1,20.1,482.552,26.4,26.8,25.1,RJ,69,77,68,64,4.2,1.2,-22.45138888,-44.44499999
160,A609,0,RESENDE,2020-04-07,1600,962.8,963.8,962.8,20.2,21.6,20.1,766.223,26.3,27.5,25.4,RJ,69,75,67,264,7,4.6,-22.45138888,-44.44499999
161,A609,0,RESENDE,2020-04-07,1700,962.5,962.9,962.5,18.9,20.5,18.8,683.267,25.2,26.4,25.1,RJ,68,72,68,246,9.2,5.4,-22.45138888,-44.44499999
162,A609,0,RESENDE,2020-04-07,1800,961.9,962.5,961.9,18.1,18.9,17.8,353.021,24.7,25.5,24.7,RJ,66,68,64,229,9.1,3.7,-22.45138888,-44.44499999
163,A609,1,RESENDE,2020-04-07,1900,962.2,962.3,961.9,19.4,19.4,18.1,289.59,22.8,24.7,22.4,RJ,81,83,66,226,7.5,1.8,-22.45138888,-44.44499999
164,A609,0,RESENDE,2020-04-07,2000,963.1,963.1,962.2,19.7,20.1,19,550.309,23.8,24.7,22.8,RJ,78,81,75,16,5.3,1.8,-22.45138888,-44.44499999
165,A609,0,RESENDE,2020-04-07,2100,963.9,963.9,963,18.8,19.8,18.8,71.713,21.9,23.8,21.9,RJ,82,83,77,74,7.1,3.5,-22.45138888,-44.44499999
166,A609,0,RESENDE,2020-04-07,2200,964.2,964.2,963.8,18.4,18.8,18.4,-0.949,21.5,21.9,21.5,RJ,83,83,82,70,7.1,1.8,-22.45138888,-44.44499999
167,A609,0,RESENDE,2020-04-07,2300,964.9,964.9,964.2,18.8,18.8,18.4,-1.123,21.3,21.5,21.3,RJ,85,85,83,81,3.3,1.6,-22.45138888,-44.44499999
168,A609,0,RESENDE,2020-04-08,0000,965,965.2,964.9,18.7,18.9,18.5,-1.795,21.3,21.4,20.8,RJ,85,88,85,78,4.3,2.3,-22.45138888,-44.44499999
169,A609,0,RESENDE,2020-04-08,0100,965.6,965.6,965,18.4,18.7,18.4,-2.163,21.2,21.4,21.2,RJ,84,85,84,93,4.3,1.3,-22.45138888,-44.44499999
170,A609,0,RESENDE,2020-04-08,0200,965.3,965.7,965.3,18.8,18.8,18.4,-1.389,20.9,21.2,20.7,RJ,88,89,84,46,2.5,1,-22.45138888,-44.44499999
171,A609,0,RESENDE,2020-04-08,0300,965.5,965.5,965.3,19,19.2,18.7,-0.892,20.9,20.9,20.6,RJ,89,91,87,227,1.8,0.4,-22.45138888,-44.44499999
172,A609,0,RESENDE,2020-04-08,0400,965.2,965.5,965.2,19.1,19.1,18.8,-0.795,20.5,21,20.5,RJ,91,91,88,356,0.9,0.6,-22.45138888,-44.44499999
173,A609,0,RESENDE,2020-04-08,0500,964.9,965.3,964.9,19.2,19.3,19.1,-1.399,20.6,20.7,20.4,RJ,92,92,91,354,2,1,-22.45138888,-44.44499999
174,A609,0,RESENDE,2020-04-08,0600,964.5,965,964.4,19.2,19.3,18.9,-1.6,20.5,20.8,20.4,RJ,92,92,91,52,2,0.6,-22.45138888,-44.44499999
175,A609,0,RESENDE,2020-04-08,0700,964.3,964.5,964.3,19.1,19.2,18.9,-0.686,20.5,20.7,20.4,RJ,92,92,90,242,1.4,0.2,-22.45138888,-44.44499999
176,A609,0.8,RESENDE,2020-04-08,0800,964.5,964.6,964.2,19.2,19.2,19.1,0.347,20.4,20.5,20.3,RJ,93,93,92,69,2,1.2,-22.45138888,-44.44499999
177,A609,0,RESENDE,2020-04-08,0900,964.7,964.8,964.4,19.2,19.3,19.2,-0.218,20.4,20.5,20.4,RJ,92,93,92,80,2.4,0.8,-22.45138888,-44.44499999
178,A609,0.2,RESENDE,2020-04-08,1000,965,965,964.7,19,19.2,19,14.335,20.3,20.5,20.3,RJ,92,92,92,70,3,1.9,-22.45138888,-44.44499999
179,A609,0,RESENDE,2020-04-08,1100,965.7,965.7,965,19.1,19.2,18.9,41.841,20.4,20.5,20.3,RJ,92,92,92,49,3,1,-22.45138888,-44.44499999
180,A609,0,RESENDE,2020-04-08,1200,966.3,966.3,965.7,19.1,19.2,18.9,196.657,20.7,20.8,20.3,RJ,91,92,90,40,4.2,1.6,-22.45138888,-44.44499999
181,A609,0.2,RESENDE,2020-04-08,1300,966.4,966.5,966.3,19,19.3,18.7,444.286,21.6,21.6,20.6,RJ,85,91,85,57,5.6,2.9,-22.45138888,-44.44499999
182,A609,0,RESENDE,2020-04-08,1400,966.3,966.6,966.3,18.2,19.3,18.2,909.204,22.2,22.4,21.5,RJ,78,85,78,80,5.6,3,-22.45138888,-44.44499999
183,A609,0,RESENDE,2020-04-08,1500,965.5,966.3,965.5,18.8,19.1,17.7,1010.598,23.4,23.4,22.2,RJ,76,79,74,65,5.5,3.3,-22.45138888,-44.44499999
184,A609,0,RESENDE,2020-04-08,1600,964.6,965.5,964.6,18.1,19,17.4,1742.61,23.9,23.9,22.6,RJ,70,76,70,76,6.2,3.4,-22.45138888,-44.44499999
185,A609,0,RESENDE,2020-04-08,1700,963.9,964.6,963.9,17.3,18.3,17,1229.064,22.8,24.1,22.8,RJ,71,72,66,66,5.9,3.7,-22.45138888,-44.44499999
186,A609,0,RESENDE,2020-04-08,1800,963.6,963.9,963.6,17.5,18,17.2,523.859,22.6,23.3,22.6,RJ,73,73,69,84,6.3,2.2,-22.45138888,-44.44499999
187,A609,0,RESENDE,2020-04-08,1900,963.2,963.6,963.2,17.5,17.7,17.3,133.206,21.9,22.7,21.9,RJ,76,76,73,68,5.7,3,-22.45138888,-44.44499999
188,A609,0,RESENDE,2020-04-08,2000,963.5,963.5,963.2,16.3,17.5,16.3,73,21.1,21.9,21.1,RJ,74,77,73,105,7.5,4.1,-22.45138888,-44.44499999
189,A609,0.2,RESENDE,2020-04-08,2100,964.2,964.2,963.5,16.8,16.8,16.4,18.406,19,21.1,18.9,RJ,87,87,74,81,6.6,2.8,-22.45138888,-44.44499999
190,A609,0.4,RESENDE,2020-04-08,2200,964.5,964.5,964.1,17.3,17.3,16.8,-2.922,18.7,19,18.6,RJ,92,92,87,9,5.2,1.9,-22.45138888,-44.44499999
191,A609,0,RESENDE,2020-04-08,2300,965,965,964.5,17.1,17.4,17.1,-2.112,18.6,18.8,18.6,RJ,91,92,90,32,3.9,1.8,-22.45138888,-44.44499999
192,A609,0,RESENDE,2020-04-09,0000,965.4,965.4,965,17,17.2,17,-1.986,18.6,18.7,18.5,RJ,90,91,90,40,3.7,1.4,-22.45138888,-44.44499999
193,A609,0,RESENDE,2020-04-09,0100,965.8,965.8,965.4,17,17.2,17,-2.378,18.7,18.7,18.5,RJ,90,91,90,37,3,1.1,-22.45138888,-44.44499999
194,A609,0,RESENDE,2020-04-09,0200,965.9,965.9,965.8,17.2,17.3,17,-1.617,18.8,18.8,18.6,RJ,91,91,90,43,2,0.6,-22.45138888,-44.44499999
195,A609,0,RESENDE,2020-04-09,0300,965.9,966.1,965.9,16.5,17.2,16.5,-2.231,18.8,18.9,18.6,RJ,86,91,86,69,2.8,1.4,-22.45138888,-44.44499999
196,A609,0,RESENDE,2020-04-09,0400,965.4,965.9,965.4,17,17,16.4,-1.913,18.7,18.8,18.6,RJ,90,90,86,58,2.8,0.8,-22.45138888,-44.44499999
197,A609,0,RESENDE,2020-04-09,0500,965,965.4,965,16.7,17,16.7,-1.96,18.3,18.7,18.3,RJ,90,91,90,30,2.2,1.4,-22.45138888,-44.44499999
198,A609,0,RESENDE,2020-04-09,0600,964.8,965.1,964.8,16.7,16.7,16.5,-1.77,18.2,18.4,18.2,RJ,91,91,90,25,2.2,1,-22.45138888,-44.44499999
199,A609,0,RESENDE,2020-04-09,0700,964.2,964.8,964.2,16.7,16.8,16.6,-2.113,18.1,18.2,17.9,RJ,92,92,91,52,2.6,1.1,-22.45138888,-44.44499999
200,A609,0,RESENDE,2020-04-09,0800,964.5,964.5,964.2,16.7,16.8,16.7,-2.101,18.2,18.2,18.1,RJ,91,92,91,72,2.6,1,-22.45138888,-44.44499999
201,A609,0,RESENDE,2020-04-09,0900,964.8,964.8,964.5,16.6,16.7,16.5,-1.418,18.1,18.3,18.1,RJ,91,91,90,327,2.2,0.6,-22.45138888,-44.44499999
202,A609,0,RESENDE,2020-04-09,1000,965.4,965.4,964.8,17,17,16.5,25.987,18.3,18.3,18,RJ,92,92,91,336,1.2,0.7,-22.45138888,-44.44499999
203,A609,0,RESENDE,2020-04-09,1100,965.9,965.9,965.4,16.3,17.1,16.2,115.424,17.4,18.5,17.4,RJ,93,93,92,243,6.8,3.4,-22.45138888,-44.44499999
204,A609,0.2,RESENDE,2020-04-09,1200,966.1,966.1,965.9,16,16.9,15.9,375.692,17.5,17.9,17.4,RJ,91,94,91,240,5.4,2.9,-22.45138888,-44.44499999
205,A609,0,RESENDE,2020-04-09,1300,966.1,966.2,966.1,16.2,16.7,15.6,512.127,19,19,17.5,RJ,84,92,83,244,6.4,2.3,-22.45138888,-44.44499999
206,A609,0,RESENDE,2020-04-09,1400,965.6,966.2,965.6,15.1,16.5,15.1,799.467,20.5,20.7,18.9,RJ,71,84,71,276,5,1.7,-22.45138888,-44.44499999
207,A609,0,RESENDE,2020-04-09,1500,965,965.6,965,15.6,16.1,14.8,777.101,20.9,21.3,20.5,RJ,72,73,67,320,3.1,1.5,-22.45138888,-44.44499999
208,A609,0,RESENDE,2020-04-09,1600,964.5,965,964.4,15.9,16.2,14.7,932.535,21.3,21.5,20.8,RJ,71,74,67,319,2.9,1.6,-22.45138888,-44.44499999
209,A609,0,RESENDE,2020-04-09,1700,963.8,964.5,963.8,16.5,16.7,15.5,601.696,21.6,21.6,20.9,RJ,73,76,70,339,3.6,2.1,-22.45138888,-44.44499999
210,A609,0,RESENDE,2020-04-09,1800,963.5,963.8,963.5,16.2,16.7,15.3,891.518,21.2,21.7,21.1,RJ,73,74,68,52,4.7,2,-22.45138888,-44.44499999
211,A609,0,RESENDE,2020-04-09,1900,963.8,963.8,963.5,15.9,16.5,15.7,326.008,20.5,21.5,20.5,RJ,75,75,72,56,5,2.5,-22.45138888,-44.44499999
212,A609,0,RESENDE,2020-04-09,2000,964.2,964.2,963.8,15.7,16,14.8,125.083,19.7,20.5,19.7,RJ,78,78,70,60,6,2.6,-22.45138888,-44.44499999
213,A609,0,RESENDE,2020-04-09,2100,964.8,964.8,964.2,14.8,15.7,14.8,40.551,19,19.7,19,RJ,77,78,75,55,5.4,2.2,-22.45138888,-44.44499999
214,A609,0,RESENDE,2020-04-09,2200,964.9,964.9,964.7,14.6,15.1,14.6,-0.615,18.7,19,18.6,RJ,77,80,76,31,4.1,1.2,-22.45138888,-44.44499999
215,A609,0,RESENDE,2020-04-09,2300,965.4,965.4,964.9,14.7,14.8,14.6,-0.715,18.7,18.8,18.7,RJ,77,78,77,66,2.2,1.2,-22.45138888,-44.44499999
216,A609,0,RESENDE,2020-04-10,0000,966,966,965.4,14.3,14.7,14.3,-1.106,18.8,18.8,18.7,RJ,75,78,75,109,2.2,1.3,-22.45138888,-44.44499999
217,A609,0,RESENDE,2020-04-10,0100,966,966.1,965.9,13.8,14.5,13.7,-2.23,18.5,18.8,18.5,RJ,74,77,73,96,3.3,1.9,-22.45138888,-44.44499999
218,A609,0,RESENDE,2020-04-10,0200,966.1,966.2,966,14.4,14.4,13.8,-2.224,18.2,18.5,18.2,RJ,79,79,74,81,3.1,1.4,-22.45138888,-44.44499999
219,A609,0,RESENDE,2020-04-10,0300,965.8,966.1,965.8,14.7,14.7,14.3,-2.348,18.1,18.2,18.1,RJ,80,80,78,77,2.5,1.5,-22.45138888,-44.44499999
220,A609,0,RESENDE,2020-04-10,0400,965.5,965.9,965.5,15.2,15.2,14.7,-2.309,18,18.1,18,RJ,83,84,80,96,2.1,0.8,-22.45138888,-44.44499999
221,A609,0,RESENDE,2020-04-10,0500,965,965.4,965,15.1,15.4,15.1,-2.338,17.9,18,17.9,RJ,84,85,84,88,2.4,1.4,-22.45138888,-44.44499999
222,A609,0,RESENDE,2020-04-10,0600,964.4,965,964.4,14.6,15.4,14.6,-1.556,17.8,17.9,17.8,RJ,82,86,82,103,3.3,1.5,-22.45138888,-44.44499999
223,A609,0,RESENDE,2020-04-10,0700,964.1,964.4,964,14.9,14.9,14.6,-2.309,17.6,17.8,17.6,RJ,84,84,82,85,2.5,0.9,-22.45138888,-44.44499999
224,A609,0,RESENDE,2020-04-10,0800,964.3,964.4,964.1,14.9,15.1,14.6,-1.892,16.9,17.6,16.9,RJ,88,88,83,305,2.1,0.8,-22.45138888,-44.44499999
225,A609,0,RESENDE,2020-04-10,0900,964.7,964.7,964.3,14.9,15.1,14.9,-3.424,16.2,16.9,16.2,RJ,92,92,88,282,2.3,1.1,-22.45138888,-44.44499999
226,A609,0,RESENDE,2020-04-10,1000,965.3,965.3,964.7,15,15.1,14.8,46.451,16.5,16.5,16.1,RJ,91,92,91,289,1.5,0.8,-22.45138888,-44.44499999
227,A609,0,RESENDE,2020-04-10,1100,966.1,966.1,965.2,14.9,15.1,14.7,317.24,17.3,17.3,16.5,RJ,86,91,85,274,2.6,1.8,-22.45138888,-44.44499999
228,A609,0,RESENDE,2020-04-10,1200,966.1,966.2,966,14.7,15,14.1,837.681,18.9,18.9,17.2,RJ,77,86,77,291,3,1.1,-22.45138888,-44.44499999
229,A609,0,RESENDE,2020-04-10,1300,966.1,966.1,966,13.5,15.2,13.5,908.328,20.4,20.9,18.9,RJ,65,77,65,107,2.2,0.6,-22.45138888,-44.44499999
230,A609,0,RESENDE,2020-04-10,1400,965.7,966.1,965.7,13.8,15,13.4,1103.296,21.2,21.8,20.3,RJ,63,68,62,52,2.7,1.4,-22.45138888,-44.44499999
231,A609,0,RESENDE,2020-04-10,1500,964.9,965.7,964.9,14.6,15.4,13.4,1891.626,23.2,23.4,21.2,RJ,59,64,58,93,4.6,2.3,-22.45138888,-44.44499999
232,A609,0,RESENDE,2020-04-10,1600,964.3,964.9,964.3,14.4,15.3,14,2164.087,22.8,23.4,22.3,RJ,59,62,58,82,4.8,1.8,-22.45138888,-44.44499999
233,A609,0,RESENDE,2020-04-10,1700,963.6,964.3,963.6,15.2,15.5,14.4,2279.926,24.3,24.3,22.6,RJ,57,61,57,64,4.7,2.2,-22.45138888,-44.44499999
234,A609,0,RESENDE,2020-04-10,1800,963.5,963.6,963.4,15.2,16.2,14.7,2102.274,23.2,24.6,23,RJ,61,62,55,92,5.2,2.4,-22.45138888,-44.44499999
235,A609,0,RESENDE,2020-04-10,1900,963.7,963.7,963.5,15.1,16.1,15,1052.475,22.8,23.5,22.7,RJ,62,64,60,65,5,2.3,-22.45138888,-44.44499999
236,A609,0,RESENDE,2020-04-10,2000,963.9,963.9,963.7,15.9,16,15.2,438.802,22.1,22.9,22.1,RJ,68,68,62,63,4.3,2.3,-22.45138888,-44.44499999
237,A609,0,RESENDE,2020-04-10,2100,964.2,964.2,963.9,15.8,16.1,15.7,45.14,21,22.1,21,RJ,72,72,68,92,6,3.2,-22.45138888,-44.44499999
238,A609,0,RESENDE,2020-04-10,2200,964.8,964.8,964.2,15.9,15.9,15.7,-1.407,19.9,21,19.9,RJ,78,78,72,68,6.5,2.7,-22.45138888,-44.44499999
239,A609,0,RESENDE,2020-04-10,2300,965.5,965.5,964.8,15.7,15.9,15.7,-2.304,19.6,19.9,19.5,RJ,79,79,78,57,4.7,2.4,-22.45138888,-44.44499999
240,A609,0,RESENDE,2020-04-11,0000,966,966,965.5,15.3,15.7,15.3,-2.602,19,19.6,19,RJ,79,79,78,69,5.1,3.1,-22.45138888,-44.44499999
241,A609,0,RESENDE,2020-04-11,0100,966.1,966.1,966,14.7,15.3,14.7,-1.767,18.9,19,18.9,RJ,76,79,76,51,5.1,1.9,-22.45138888,-44.44499999
242,A609,0,RESENDE,2020-04-11,0200,965.9,966.1,965.9,14.9,15,14.6,-2.087,18.7,18.9,18.7,RJ,79,79,76,62,3.2,1.7,-22.45138888,-44.44499999
243,A609,0,RESENDE,2020-04-11,0300,965.7,965.9,965.7,15.2,15.2,14.9,-2.397,18.6,18.7,18.6,RJ,80,80,79,76,2.9,0.9,-22.45138888,-44.44499999
244,A609,0,RESENDE,2020-04-11,0400,965.4,965.7,965.4,15.5,15.5,15.2,-1.814,18.5,18.7,18.4,RJ,83,83,80,91,1.8,0.8,-22.45138888,-44.44499999
245,A609,0,RESENDE,2020-04-11,0500,964.8,965.4,964.8,15.5,15.6,15.5,-1.397,18.4,18.5,18.3,RJ,83,84,83,107,1.8,1.2,-22.45138888,-44.44499999
246,A609,0,RESENDE,2020-04-11,0600,964.6,964.9,964.6,15.6,15.6,15.5,-0.843,18.4,18.5,18.4,RJ,84,84,83,117,2.1,0.8,-22.45138888,-44.44499999
247,A609,0,RESENDE,2020-04-11,0700,964.4,964.7,964.4,15.7,15.7,15.6,-1.397,18.4,18.5,18.3,RJ,85,85,83,111,2.6,1,-22.45138888,-44.44499999
248,A609,0,RESENDE,2020-04-11,0800,964,964.4,964,15.8,15.9,15.6,-2.247,18.1,18.4,17.9,RJ,87,87,85,78,1.8,0.8,-22.45138888,-44.44499999
249,A609,0,RESENDE,2020-04-11,0900,964.5,964.5,963.9,15.9,16.1,15.7,-2.529,18.1,18.1,17.9,RJ,87,89,87,113,2.7,1.6,-22.45138888,-44.44499999
250,A609,0,RESENDE,2020-04-11,1000,965.3,965.3,964.5,15.7,16,15.7,19.128,18.5,18.5,18.1,RJ,84,87,84,115,2.9,0.5,-22.45138888,-44.44499999
251,A609,0,RESENDE,2020-04-11,1100,965.8,965.8,965.3,16.7,16.7,15.7,270.822,19.1,19.1,18.2,RJ,86,88,84,285,2.3,0.6,-22.45138888,-44.44499999
252,A609,0,RESENDE,2020-04-11,1200,966,966.1,965.8,15.8,16.9,15.5,642.479,20.1,20.3,19.2,RJ,76,86,75,73,2.2,1.2,-22.45138888,-44.44499999
253,A609,0,RESENDE,2020-04-11,1300,966.2,966.2,965.9,15.7,16.5,15.5,985.02,20.5,21.2,20.1,RJ,74,77,72,109,4.1,2.5,-22.45138888,-44.44499999
254,A609,0,RESENDE,2020-04-11,1400,966,966.2,965.9,15.9,16.1,15.6,379.877,20.5,20.7,20.3,RJ,75,76,74,108,3.8,1.7,-22.45138888,-44.44499999
255,A609,0,RESENDE,2020-04-11,1500,965.8,966,965.7,15.3,15.9,15.1,208.479,20.4,20.5,20.2,RJ,72,75,72,119,3.1,1.1,-22.45138888,-44.44499999
256,A609,0,RESENDE,2020-04-11,1600,965.4,965.9,965.3,16,16.2,15.2,410.485,20.4,20.8,20.2,RJ,76,77,72,34,3.9,1.3,-22.45138888,-44.44499999
257,A609,0,RESENDE,2020-04-11,1700,965.1,965.4,965,16.2,16.4,15.7,502.372,20.3,20.7,20.3,RJ,77,78,74,53,3,1.7,-22.45138888,-44.44499999
258,A609,0,RESENDE,2020-04-11,1800,965,965.1,964.9,16.3,16.6,16,396.954,19.3,20.3,19.3,RJ,82,82,77,69,5.3,3.1,-22.45138888,-44.44499999
259,A609,0,RESENDE,2020-04-11,1900,965.4,965.5,965,16.6,16.8,16.4,280.153,19.1,19.5,19.1,RJ,85,85,83,59,5.3,2.5,-22.45138888,-44.44499999
260,A609,0,RESENDE,2020-04-11,2000,965.8,965.9,965.4,16.8,16.8,16.5,92.431,18.6,19.1,18.5,RJ,89,89,85,36,4.4,1.3,-22.45138888,-44.44499999
261,A609,0,RESENDE,2020-04-11,2100,966.5,966.5,965.8,16.6,16.9,16.6,23.553,18,18.6,18,RJ,91,92,89,56,4.2,2.6,-22.45138888,-44.44499999
262,A609,0,RESENDE,2020-04-11,2200,966.8,966.8,966.5,16,16.6,16,-3.024,17.6,18.1,17.6,RJ,91,91,90,360,4.2,1.8,-22.45138888,-44.44499999
263,A609,0,RESENDE,2020-04-11,2300,967.2,967.3,966.8,15.8,16,15.7,-2.781,17.5,17.7,17.5,RJ,90,91,88,346,3.8,1.4,-22.45138888,-44.44499999
264,A609,0,RESENDE,2020-04-12,0000,967.8,967.8,967.2,15.9,15.9,15.7,-2.046,17.9,17.9,17.5,RJ,88,90,88,156,3,1.1,-22.45138888,-44.44499999
265,A609,0,RESENDE,2020-04-12,0100,967.9,968,967.8,15.5,16,15.5,-0.885,18.2,18.2,17.9,RJ,84,88,84,80,2.6,1.8,-22.45138888,-44.44499999
266,A609,0,RESENDE,2020-04-12,0200,968.1,968.2,967.9,15.9,15.9,15.5,-2.245,18,18.2,18,RJ,88,88,85,92,2.8,1.1,-22.45138888,-44.44499999
267,A609,0,RESENDE,2020-04-12,0300,967.9,968.1,967.9,15.8,16.1,15.8,-1.297,17.9,18,17.8,RJ,87,89,87,38,2.4,0.9,-22.45138888,-44.44499999
268,A609,0,RESENDE,2020-04-12,0400,967.6,967.9,967.6,15.9,16,15.7,-1.552,18,18,17.7,RJ,88,89,87,83,2.3,0.7,-22.45138888,-44.44499999
269,A609,0,RESENDE,2020-04-12,0500,966.9,967.6,966.9,16.2,16.2,15.8,-1.707,18,18,17.9,RJ,89,90,88,92,2,1.3,-22.45138888,-44.44499999
270,A609,0,RESENDE,2020-04-12,0600,966.7,967,966.7,16.3,16.4,16.1,-1.517,17.9,18,17.8,RJ,91,91,89,92,2.6,1.6,-22.45138888,-44.44499999
271,A609,0,RESENDE,2020-04-12,0700,966.4,966.7,966.4,16.2,16.4,16.2,-1.284,17.9,17.9,17.8,RJ,90,91,90,101,2.9,2,-22.45138888,-44.44499999
272,A609,0,RESENDE,2020-04-12,0800,966.7,966.7,966.4,16,16.2,16,-0.705,17.9,18,17.9,RJ,89,90,88,95,3.1,1.7,-22.45138888,-44.44499999
273,A609,0,RESENDE,2020-04-12,0900,967.1,967.1,966.7,16.1,16.1,15.9,-1.508,17.9,17.9,17.9,RJ,89,89,88,85,2.9,1.7,-22.45138888,-44.44499999
274,A609,0,RESENDE,2020-04-12,1000,967.9,967.9,967.1,16.1,16.2,16.1,18.053,18,18,17.9,RJ,89,90,89,77,3,1.9,-22.45138888,-44.44499999
275,A609,0,RESENDE,2020-04-12,1100,968.3,968.3,967.8,16.2,16.5,16.1,104.342,18.3,18.4,18,RJ,87,90,87,103,5,2.8,-22.45138888,-44.44499999
276,A609,0,RESENDE,2020-04-12,1200,968.9,968.9,968.3,15.6,16.2,15.6,302.222,19,19,18.3,RJ,81,87,80,68,5,2.3,-22.45138888,-44.44499999
277,A609,0,RESENDE,2020-04-12,1300,969.1,969.1,968.9,15.8,16.2,15.4,594.718,20,20.1,19,RJ,77,82,76,43,4,1.6,-22.45138888,-44.44499999
278,A609,0,RESENDE,2020-04-12,1400,968.8,969.1,968.8,15.6,16.2,15.3,1154.464,21.2,21.6,20,RJ,71,77,70,54,4.1,1.6,-22.45138888,-44.44499999
279,A609,0,RESENDE,2020-04-12,1500,968.4,968.8,968.4,15.3,16.1,15,1054.29,21.4,21.9,21,RJ,68,71,66,304,3.1,1.2,-22.45138888,-44.44499999
280,A609,0,RESENDE,2020-04-12,1600,967.6,968.3,967.6,16.2,16.6,15.1,439.977,20.9,21.5,20.7,RJ,74,76,67,333,3.1,1.9,-22.45138888,-44.44499999
281,A609,0,RESENDE,2020-04-12,1700,967.1,967.6,967.1,15.9,16.5,15.5,1050.885,22,22.1,20.8,RJ,68,75,68,312,3.5,2.3,-22.45138888,-44.44499999
282,A609,0,RESENDE,2020-04-12,1800,966.8,967.1,966.8,15.5,16,15.1,1063.208,21.7,22.6,21.7,RJ,68,69,64,25,4.2,2.1,-22.45138888,-44.44499999
283,A609,0,RESENDE,2020-04-12,1900,967,967,966.7,15.5,16.2,15.3,540.151,21.2,21.9,21.2,RJ,70,72,67,3,4.1,1.9,-22.45138888,-44.44499999
284,A609,0,RESENDE,2020-04-12,2000,967.1,967.2,967,15.9,16,15.5,355.667,20.9,21.4,20.9,RJ,73,74,70,350,3.4,1.1,-22.45138888,-44.44499999
285,A609,0,RESENDE,2020-04-12,2100,967.2,967.2,967.1,15.7,16.1,15.6,68.063,20.4,20.9,20.3,RJ,75,76,73,35,2,1.1,-22.45138888,-44.44499999
286,A609,0,RESENDE,2020-04-12,2200,967.6,967.6,967.2,15.8,16,15.8,-1.459,20.1,20.5,20.1,RJ,77,77,74,77,4.2,2.2,-22.45138888,-44.44499999
287,A609,0,RESENDE,2020-04-12,2300,968.3,968.3,967.6,15.2,15.8,15.1,-2.266,19.4,20.1,19.4,RJ,77,77,75,38,4.8,1.5,-22.45138888,-44.44499999
288,A609,0,RESENDE,2020-04-13,0000,968.6,968.6,968.3,15.2,15.3,15.2,-2.492,19.3,19.4,19.3,RJ,77,77,77,34,3.7,1.5,-22.45138888,-44.44499999
289,A609,0,RESENDE,2020-04-13,0100,968.8,968.8,968.6,15,15.2,15,-2.032,19.3,19.3,18.9,RJ,76,79,76,24,3,1.8,-22.45138888,-44.44499999
290,A609,0,RESENDE,2020-04-13,0200,968.7,968.8,968.7,15.6,15.6,15,-1.161,18.1,19.3,18.1,RJ,85,85,76,5,4.5,2.3,-22.45138888,-44.44499999
291,A609,0,RESENDE,2020-04-13,0300,968.6,968.8,968.6,15.2,15.7,15.2,-0.486,17.6,18.1,17.6,RJ,86,87,85,354,4.8,2.5,-22.45138888,-44.44499999
292,A609,0,RESENDE,2020-04-13,0400,968,968.6,968,15.3,15.3,14.9,-1.074,17.5,17.7,17.5,RJ,87,87,85,3,4.5,1.3,-22.45138888,-44.44499999
293,A609,0,RESENDE,2020-04-13,0500,967.8,968,967.7,15.5,15.5,15.3,-1.085,17.8,17.9,17.5,RJ,86,87,85,104,2.2,1.2,-22.45138888,-44.44499999
294,A609,0,RESENDE,2020-04-13,0600,967.5,967.8,967.5,15.5,15.6,15.4,-1.331,17.3,17.8,17.2,RJ,89,90,86,76,1.9,0.8,-22.45138888,-44.44499999
295,A609,0,RESENDE,2020-04-13,0700,967.3,967.5,967.3,15.6,15.6,15.4,-0.499,17.3,17.5,17.3,RJ,89,89,87,64,1.6,0.7,-22.45138888,-44.44499999
296,A609,0,RESENDE,2020-04-13,0800,967.5,967.5,967.3,15.7,15.8,15.6,-0.927,17.3,17.6,17.3,RJ,90,90,89,82,2.1,1.3,-22.45138888,-44.44499999
297,A609,0,RESENDE,2020-04-13,0900,967.8,967.8,967.5,15.4,15.7,15.4,-2.496,16.9,17.4,16.9,RJ,91,91,90,68,2.5,1.5,-22.45138888,-44.44499999
298,A609,0,RESENDE,2020-04-13,1000,968.2,968.2,967.8,15.6,15.6,15.3,20.362,17.1,17.1,16.7,RJ,91,92,91,71,3,1,-22.45138888,-44.44499999
299,A609,0,RESENDE,2020-04-13,1100,968.4,968.4,968.2,17.2,17.3,15.6,375.49,20.1,20.1,17,RJ,84,91,84,76,3.1,0.8,-22.45138888,-44.44499999
300,A609,0,RESENDE,2020-04-13,1200,968.5,968.6,968.4,16.4,17.5,15.9,777.877,20,20.5,19.4,RJ,80,84,78,90,3.9,1.9,-22.45138888,-44.44499999
301,A609,0,RESENDE,2020-04-13,1300,968.5,968.5,968.5,16,17,15.3,1223.599,21.7,22,20,RJ,70,80,68,74,5.4,2,-22.45138888,-44.44499999
302,A609,0,RESENDE,2020-04-13,1400,967.9,968.5,967.9,16.1,16.4,15,1836.251,23.9,23.9,21.7,RJ,62,70,62,119,5.2,2.2,-22.45138888,-44.44499999
303,A609,0,RESENDE,2020-04-13,1500,966.8,967.9,966.8,15.7,16.7,15.2,1783.27,23.9,24.7,22.8,RJ,60,65,58,176,5.1,1.2,-22.45138888,-44.44499999
304,A609,0,RESENDE,2020-04-13,1600,965.9,966.8,965.9,16,16.7,15.2,1470.25,23.9,24.6,23.6,RJ,61,64,58,310,3.6,2,-22.45138888,-44.44499999
305,A609,0,RESENDE,2020-04-13,1700,965.2,965.9,965.2,16.2,16.9,15.5,1182.723,24.5,25,23.9,RJ,60,63,58,43,3.3,1.7,-22.45138888,-44.44499999
306,A609,0,RESENDE,2020-04-13,1800,964.6,965.2,964.6,16.8,17.7,15.8,1317.365,24.5,25.1,24.4,RJ,62,65,58,61,4.8,2.1,-22.45138888,-44.44499999
307,A609,0,RESENDE,2020-04-13,1900,964.4,964.6,964.4,17,17.3,15.9,668.266,23.9,24.6,23.6,RJ,65,66,60,32,5.2,1.4,-22.45138888,-44.44499999
308,A609,0,RESENDE,2020-04-13,2000,964.5,964.5,964.3,17.6,17.6,16.9,292.634,22.8,24,22.8,RJ,73,73,65,352,2.7,1.2,-22.45138888,-44.44499999
309,A609,0,RESENDE,2020-04-13,2100,964.8,964.8,964.5,17.5,17.8,17.5,37.435,21.8,22.8,21.8,RJ,77,77,73,356,2.2,1.4,-22.45138888,-44.44499999
310,A609,0,RESENDE,2020-04-13,2200,965.2,965.2,964.7,17.2,17.6,17.1,-1.264,21.7,21.8,21.5,RJ,75,78,75,43,2.1,1,-22.45138888,-44.44499999
311,A609,0,RESENDE,2020-04-13,2300,965.7,965.7,965.2,17.7,17.7,17,-0.604,21.7,22.2,21.6,RJ,78,78,72,67,2.3,1,-22.45138888,-44.44499999
312,A609,0,RESENDE,2020-04-14,0000,965.8,965.9,965.7,17,17.8,17,-1.928,21.5,21.8,21.5,RJ,75,78,75,85,4.8,2.5,-22.45138888,-44.44499999
313,A609,0,RESENDE,2020-04-14,0100,965.8,965.8,965.6,17.2,17.3,17,-2.649,20.7,21.5,20.7,RJ,80,80,75,47,4.8,1.8,-22.45138888,-44.44499999
314,A609,0,RESENDE,2020-04-14,0200,965.1,965.8,965.1,17,17.3,16.9,-2.375,20.2,20.8,20.2,RJ,82,82,80,76,5.1,2,-22.45138888,-44.44499999
315,A609,0,RESENDE,2020-04-14,0300,964.3,965.1,964.3,17.1,17.2,16.9,-2.843,19.8,20.2,19.7,RJ,84,85,82,98,4.5,2.7,-22.45138888,-44.44499999
316,A609,0,RESENDE,2020-04-14,0400,963.9,964.4,963.8,16.9,17.2,16.7,-3.135,18.9,19.8,18.9,RJ,88,88,84,61,4.7,1.2,-22.45138888,-44.44499999
317,A609,0,RESENDE,2020-04-14,0500,963.1,963.9,963.1,16.7,17.1,16.5,-3.522,18.4,18.9,18.4,RJ,90,90,88,79,4.4,1.6,-22.45138888,-44.44499999
318,A609,0,RESENDE,2020-04-14,0600,963.4,963.5,963.1,16.5,16.8,16.1,-3.528,17.7,18.4,17.5,RJ,93,93,90,339,3.2,0.8,-22.45138888,-44.44499999
319,A609,0,RESENDE,2020-04-14,0700,963.1,963.5,963,16.7,17,16.6,-2.866,18.1,18.3,17.7,RJ,92,93,92,69,3.2,1.4,-22.45138888,-44.44499999
320,A609,0,RESENDE,2020-04-14,0800,963.1,963.1,962.7,16.5,16.7,16.4,-3.062,17.9,18.1,17.7,RJ,92,92,92,92,2.8,0.8,-22.45138888,-44.44499999
321,A609,0,RESENDE,2020-04-14,0900,962.8,963.1,962.8,15.9,16.5,15.9,-3.047,17.2,17.9,17.2,RJ,92,92,91,96,2.6,1,-22.45138888,-44.44499999
322,A609,0,RESENDE,2020-04-14,1000,963.3,963.3,962.8,16.4,16.4,15.8,134.101,17.4,17.4,17,RJ,93,94,92,310,1.8,1,-22.45138888,-44.44499999
323,A609,0,RESENDE,2020-04-14,1100,964,964,963.2,17.2,17.7,16.4,516.35,19.6,19.6,17.4,RJ,86,94,86,252,2.7,1.6,-22.45138888,-44.44499999
324,A609,0,RESENDE,2020-04-14,1200,963.8,964,963.6,16.9,17.4,16.7,783.497,21,21,19.5,RJ,78,86,78,216,2.7,0.8,-22.45138888,-44.44499999
325,A609,0,RESENDE,2020-04-14,1300,963.2,963.9,963.2,17.9,18,16.7,1469.107,23.5,23.5,20.9,RJ,71,78,70,303,2.5,1.1,-22.45138888,-44.44499999
326,A609,0,RESENDE,2020-04-14,1400,962.3,963.3,962.3,17.5,18.5,16.8,2667.871,24.7,25.2,22.8,RJ,64,71,63,279,3.6,2,-22.45138888,-44.44499999
327,A609,0,RESENDE,2020-04-14,1500,961.3,962.3,961.3,18.3,18.8,17.3,2555.454,26.3,26.6,24.3,RJ,62,67,60,258,5,2.1,-22.45138888,-44.44499999
328,A609,0,RESENDE,2020-04-14,1600,960,961.3,960,17.8,18.7,17.4,2785.394,27.4,28,26.1,RJ,56,61,54,244,5.5,1.8,-22.45138888,-44.44499999
329,A609,0,RESENDE,2020-04-14,1700,959.5,960,959.5,17.9,18.9,16.7,2342.556,28.7,29.2,27.4,RJ,52,56,49,298,4.5,2.2,-22.45138888,-44.44499999
330,A609,0,RESENDE,2020-04-14,1800,959,959.5,959,17.1,18.7,17.1,1753.051,28.2,29.6,28.2,RJ,51,54,50,191,6,1.8,-22.45138888,-44.44499999
331,A609,0,RESENDE,2020-04-14,1900,958.5,959,958.5,17.2,17.9,16.5,761.15,27.9,28.3,27.9,RJ,52,53,49,297,4.6,0.8,-22.45138888,-44.44499999
332,A609,0,RESENDE,2020-04-14,2000,957.3,958.6,957.3,19,19.7,17.5,324.701,26,27.9,26,RJ,65,68,52,46,5.8,3,-22.45138888,-44.44499999
333,A609,0,RESENDE,2020-04-14,2100,956.3,957.3,956.3,16.1,19,16.1,33.703,26.3,26.3,25.6,RJ,53,67,53,56,8.3,4.6,-22.45138888,-44.44499999
334,A609,0,RESENDE,2020-04-14,2200,957.5,957.6,955.9,17,17,15,-3.131,24.9,26.9,24.9,RJ,62,62,48,280,8.9,4.2,-22.45138888,-44.44499999
335,A609,0,RESENDE,2020-04-14,2300,958.7,958.8,957.5,18,18,17.1,-2.265,24.5,24.9,24.3,RJ,67,67,62,178,6,1,-22.45138888,-44.44499999
336,A609,0,RESENDE,2020-04-15,0000,959.9,959.9,958.5,18.3,18.3,17.8,-2.411,23.9,24.6,23.9,RJ,71,71,66,233,3.9,1.9,-22.45138888,-44.44499999
337,A609,0,RESENDE,2020-04-15,0100,960,960.3,959.1,17.7,18.4,17.5,-2.725,23.3,24.7,23.3,RJ,71,71,64,309,6.6,1.5,-22.45138888,-44.44499999
338,A609,0,RESENDE,2020-04-15,0200,960.4,960.5,960,18.1,18.3,17.7,-3.255,22.4,23.5,22.4,RJ,77,77,71,79,4.5,2.3,-22.45138888,-44.44499999
339,A609,0,RESENDE,2020-04-15,0300,960.6,960.7,960.3,18.2,18.5,17.9,-3.465,21.6,22.4,21.4,RJ,81,83,77,232,3.5,1.1,-22.45138888,-44.44499999
340,A609,0,RESENDE,2020-04-15,0400,960.6,960.7,960.5,17.6,18.2,17.6,-3.371,20.1,22,20.1,RJ,85,85,77,334,1.9,1.2,-22.45138888,-44.44499999
341,A609,0,RESENDE,2020-04-15,0500,960.1,960.6,960.1,17,17.7,16.8,-3.513,19.3,20.3,19.3,RJ,86,86,83,313,1.9,1.1,-22.45138888,-44.44499999
342,A609,0,RESENDE,2020-04-15,0600,960.4,960.4,960,16.8,17.3,16.5,-3.54,19.3,19.8,19,RJ,86,87,83,234,1.9,0.6,-22.45138888,-44.44499999
343,A609,0,RESENDE,2020-04-15,0700,960.7,960.7,960.4,16.3,16.9,16.2,-3.529,18,19.3,18,RJ,90,90,86,304,1.6,1.3,-22.45138888,-44.44499999
344,A609,0,RESENDE,2020-04-15,0800,961.2,961.2,960.7,16,16.4,15.9,-3.538,17.4,18.1,17.4,RJ,91,91,89,312,2,1.5,-22.45138888,-44.44499999
345,A609,0,RESENDE,2020-04-15,0900,962.2,962.2,961.2,15.9,16.1,15.8,-3.54,17.3,17.4,17.2,RJ,91,92,91,330,2.6,1.3,-22.45138888,-44.44499999
346,A609,0,RESENDE,2020-04-15,1000,963.1,963.1,962.2,16,16,15.5,57.032,17.7,17.7,17.1,RJ,90,91,89,347,2.3,1.8,-22.45138888,-44.44499999
347,A609,0,RESENDE,2020-04-15,1100,963.8,963.8,963.1,16.6,17.3,16.1,661.806,20.2,20.2,17.7,RJ,80,90,80,223,2.3,1,-22.45138888,-44.44499999
348,A609,0,RESENDE,2020-04-15,1200,964.1,964.2,963.8,18,18.1,16.6,1523.118,22.9,22.9,20.2,RJ,74,81,73,252,3,1.2,-22.45138888,-44.44499999
349,A609,0,RESENDE,2020-04-15,1300,964,964.3,964,16.2,17.9,16.2,2202.893,24.8,24.9,22.4,RJ,59,74,59,247,4.5,2.4,-22.45138888,-44.44499999
350,A609,0,RESENDE,2020-04-15,1400,963.5,964,963.5,17.6,18,16.1,2796.45,26.7,26.8,24.8,RJ,57,61,56,204,4.4,1.4,-22.45138888,-44.44499999
351,A609,0,RESENDE,2020-04-15,1500,962.7,963.5,962.7,17.4,18,16.3,3094.462,28.9,28.9,26.3,RJ,50,59,50,67,3.4,0.9,-22.45138888,-44.44499999
352,A609,0,RESENDE,2020-04-15,1600,962.2,962.7,962.1,17.2,18.3,15.7,2544.089,28.8,29.2,27.4,RJ,49,53,47,146,3.5,1.2,-22.45138888,-44.44499999
353,A609,0,RESENDE,2020-04-15,1700,961.8,962.3,961.8,17.1,17.9,16,2397.516,29.8,29.8,28.4,RJ,47,50,45,57,4.7,1.2,-22.45138888,-44.44499999
354,A609,0,RESENDE,2020-04-15,1800,961.4,961.8,961.3,16.4,17.3,15.7,1782.517,29.6,30,28.9,RJ,45,48,43,138,3.7,1.4,-22.45138888,-44.44499999
355,A609,0,RESENDE,2020-04-15,1900,961.5,961.5,961.2,18.8,19.4,15.9,977.74,27.4,29.6,27.4,RJ,59,60,44,322,3.5,2.2,-22.45138888,-44.44499999
356,A609,0,RESENDE,2020-04-15,2000,962.2,962.2,961.5,19.3,19.6,18.3,449.32,26.2,27.4,26.2,RJ,66,66,58,13,4.5,1.5,-22.45138888,-44.44499999
357,A609,0,RESENDE,2020-04-15,2100,962.6,962.6,962.2,19,19.3,18.4,73.822,24.9,26.3,24.8,RJ,70,71,62,343,3,2.3,-22.45138888,-44.44499999
358,A609,0,RESENDE,2020-04-15,2200,963.6,963.6,962.6,18.9,19.4,18.8,-3.471,24.2,25.1,24.1,RJ,72,75,68,91,7,3.5,-22.45138888,-44.44499999
359,A609,0,RESENDE,2020-04-15,2300,964.8,964.8,963.6,18.2,18.9,18.1,-3.396,22.7,24.2,22.7,RJ,75,75,72,81,8.6,4.2,-22.45138888,-44.44499999
360,A609,0,RESENDE,2020-04-16,0000,965.9,965.9,964.8,18.3,18.3,18.1,-3.264,21.6,22.7,21.6,RJ,81,81,75,63,6.9,2.1,-22.45138888,-44.44499999
361,A609,0,RESENDE,2020-04-16,0100,965.9,965.9,965.8,17.9,18.3,17.9,-3.318,20.9,21.6,20.9,RJ,83,83,81,69,4.3,1.6,-22.45138888,-44.44499999
362,A609,0,RESENDE,2020-04-16,0200,965.8,966,965.8,18.1,18.1,18,-3.462,20.7,20.9,20.6,RJ,85,86,83,61,3.1,1.6,-22.45138888,-44.44499999
363,A609,0,RESENDE,2020-04-16,0300,966.1,966.1,965.8,18.1,18.2,17.9,-2.855,20.8,20.8,20.1,RJ,85,88,85,53,3.2,1.9,-22.45138888,-44.44499999
364,A609,0,RESENDE,2020-04-16,0400,965.7,966.1,965.6,17.8,18.1,17.8,-2.465,20.6,20.8,20.6,RJ,84,85,84,76,3.5,1.3,-22.45138888,-44.44499999
365,A609,0,RESENDE,2020-04-16,0500,965.9,965.9,965.6,17.9,17.9,17.6,-1.265,20.5,20.7,20.5,RJ,85,85,83,46,2.1,1,-22.45138888,-44.44499999
366,A609,0,RESENDE,2020-04-16,0600,965.7,966,965.7,17.9,17.9,17.7,-1.683,20.5,20.6,20.3,RJ,85,85,84,51,2.4,0.8,-22.45138888,-44.44499999
367,A609,0,RESENDE,2020-04-16,0700,965.9,966,965.7,18,18,17.8,-1.299,20.6,20.6,20.4,RJ,85,85,85,51,1.4,0.5,-22.45138888,-44.44499999
368,A609,0,RESENDE,2020-04-16,0800,966.2,966.2,965.8,18.3,18.3,17.9,-1.588,20.5,20.6,20.4,RJ,87,87,85,62,2,0.9,-22.45138888,-44.44499999
369,A609,0,RESENDE,2020-04-16,0900,966.6,966.6,966.2,18.3,18.4,18.2,-0.201,20.4,20.5,20.4,RJ,88,88,87,78,1.9,1.4,-22.45138888,-44.44499999
370,A609,0,RESENDE,2020-04-16,1000,967.1,967.2,966.6,18.6,18.6,18.3,14.438,20.5,20.5,20.3,RJ,89,90,88,77,2.6,1.1,-22.45138888,-44.44499999
371,A609,0,RESENDE,2020-04-16,1100,967.8,967.8,967.1,18.6,18.7,18.2,86.772,20.2,20.5,20,RJ,91,91,89,344,2,0.7,-22.45138888,-44.44499999
372,A609,0,RESENDE,2020-04-16,1200,968.5,968.5,967.8,19.1,19.2,18.6,154.362,20.9,20.9,20.1,RJ,89,92,89,111,1.4,0.5,-22.45138888,-44.44499999
373,A609,0,RESENDE,2020-04-16,1300,969,969.1,968.5,18.8,19.1,18.6,266.336,21.2,21.5,20.9,RJ,86,89,85,350,2.3,0.8,-22.45138888,-44.44499999
374,A609,0,RESENDE,2020-04-16,1400,969,969.2,968.9,18.5,19,18.4,266.493,21.6,21.9,21.2,RJ,83,86,82,20,2,0.7,-22.45138888,-44.44499999
375,A609,0,RESENDE,2020-04-16,1500,968.5,969,968.5,18.9,19.1,18.5,312.013,21.7,21.8,21.4,RJ,84,85,83,349,2.4,0.6,-22.45138888,-44.44499999
376,A609,0,RESENDE,2020-04-16,1600,968,968.6,968,19,19.3,18.8,325.65,22.1,22.2,21.5,RJ,83,85,82,302,2.4,1.2,-22.45138888,-44.44499999
377,A609,0,RESENDE,2020-04-16,1700,967.6,968,967.6,19,19.4,18.6,606.045,22.6,22.8,22,RJ,80,83,79,316,2.6,0.8,-22.45138888,-44.44499999
378,A609,0,RESENDE,2020-04-16,1800,967.5,967.7,967.4,19.5,19.8,18.8,610.979,22.4,22.8,22.3,RJ,83,84,80,344,2,0.7,-22.45138888,-44.44499999
379,A609,0.8,RESENDE,2020-04-16,1900,967.5,967.5,967.4,20.2,20.5,19.3,476.7,22.2,22.4,21.9,RJ,89,90,83,335,2,0.8,-22.45138888,-44.44499999
380,A609,0,RESENDE,2020-04-16,2000,967.7,967.7,967.3,19.3,20.6,19.2,577.325,22.7,23.4,22.1,RJ,81,89,80,336,2.7,0.7,-22.45138888,-44.44499999
381,A609,0,RESENDE,2020-04-16,2100,967.6,967.8,967.6,19.9,20,19.4,17.322,22.3,22.7,22.2,RJ,87,87,81,57,2.5,1.4,-22.45138888,-44.44499999
382,A609,0,RESENDE,2020-04-16,2200,968.1,968.1,967.6,19.7,19.9,19.6,-0.972,21.9,22.3,21.9,RJ,87,88,86,91,4,2.3,-22.45138888,-44.44499999
383,A609,0.2,RESENDE,2020-04-16,2300,968.8,968.8,968.1,19.7,19.7,19.6,-2.807,21.3,21.9,21.2,RJ,90,91,87,72,5,2.1,-22.45138888,-44.44499999
384,A609,0,RESENDE,2020-04-17,0000,969.3,969.4,968.8,19.4,19.8,19.4,-2.372,20.9,21.3,20.9,RJ,91,91,90,44,3.9,2.5,-22.45138888,-44.44499999
385,A609,0,RESENDE,2020-04-17,0100,969.7,969.7,969.3,19.5,19.6,19.4,-1.979,20.8,20.9,20.8,RJ,92,92,91,57,3.7,1.2,-22.45138888,-44.44499999
386,A609,0.2,RESENDE,2020-04-17,0200,969.9,969.9,969.7,19.3,19.5,19.3,-2.237,20.6,20.8,20.6,RJ,93,93,92,77,4.2,1.9,-22.45138888,-44.44499999
387,A609,0,RESENDE,2020-04-17,0300,970,970,969.9,18.6,19.3,18.6,-1.867,20,20.6,20,RJ,91,93,91,63,5.8,3.4,-22.45138888,-44.44499999
388,A609,0,RESENDE,2020-04-17,0400,969.9,970,969.9,17.7,18.5,17.7,-0.763,19.5,20,19.5,RJ,90,91,90,54,6,2.9,-22.45138888,-44.44499999
389,A609,0,RESENDE,2020-04-17,0500,969.8,969.9,969.7,16.9,17.7,16.9,-0.755,19.2,19.5,19.2,RJ,87,90,87,50,5.2,2.2,-22.45138888,-44.44499999
390,A609,1.2,RESENDE,2020-04-17,0600,969.9,969.9,969.7,17,17,16.6,-2.075,18.5,19.2,18.5,RJ,91,91,87,11,4,1.5,-22.45138888,-44.44499999
391,A609,0,RESENDE,2020-04-17,0700,969.7,969.9,969.7,17,17.1,17,-1.111,18.4,18.5,18.3,RJ,92,92,91,3,2.7,0.7,-22.45138888,-44.44499999
392,A609,0,RESENDE,2020-04-17,0800,969.7,969.9,969.7,16.4,17.1,16.4,0,18.7,18.7,18.4,RJ,87,92,87,29,2.8,1.5,-22.45138888,-44.44499999
393,A609,0,RESENDE,2020-04-17,0900,970.2,970.2,969.6,16.8,16.8,16.4,0.27,18.6,18.7,18.5,RJ,89,89,87,59,2.8,0.5,-22.45138888,-44.44499999
394,A609,0.4,RESENDE,2020-04-17,1000,971.1,971.1,970.2,16.6,16.8,16.5,12.653,18,18.7,18,RJ,92,92,88,357,2.3,1.1,-22.45138888,-44.44499999
395,A609,0.4,RESENDE,2020-04-17,1100,971.4,971.4,971.1,17.5,17.5,16.7,111.7,18.7,18.7,18,RJ,93,93,92,30,2,0.7,-22.45138888,-44.44499999
396,A609,0,RESENDE,2020-04-17,1200,971.8,971.8,971.4,17.6,17.9,17.5,321.685,19.7,19.7,18.7,RJ,88,93,88,98,2,0.6,-22.45138888,-44.44499999
397,A609,0,RESENDE,2020-04-17,1300,972.2,972.3,971.8,17.4,17.7,16.8,469.04,19.7,20,19.3,RJ,87,88,85,138,2.9,1.7,-22.45138888,-44.44499999
398,A609,0,RESENDE,2020-04-17,1400,971.6,972.2,971.6,18,18,17.1,851.987,20.6,20.6,19.7,RJ,85,87,84,110,3,2,-22.45138888,-44.44499999
399,A609,0,RESENDE,2020-04-17,1500,971,971.6,971,16.9,18,16.6,952.365,21.5,21.5,20.5,RJ,75,85,75,63,5,1.5,-22.45138888,-44.44499999
400,A609,0,RESENDE,2020-04-17,1600,970.3,971,970.3,16.2,17.3,16.2,1016.234,22.1,22.4,21.5,RJ,69,76,69,84,3.4,1.6,-22.45138888,-44.44499999
401,A609,0,RESENDE,2020-04-17,1700,969.5,970.3,969.5,17,17.6,16.3,1152.8,22.6,23,22,RJ,71,73,68,106,4.1,2.3,-22.45138888,-44.44499999
402,A609,0,RESENDE,2020-04-17,1800,969.1,969.5,969.1,17,17.7,16.6,951.225,22.9,23.2,22.5,RJ,70,72,68,97,4.5,1.8,-22.45138888,-44.44499999
403,A609,0,RESENDE,2020-04-17,1900,969.3,969.3,969.1,16.8,17.5,16.5,504.712,22.4,23,22.4,RJ,71,72,69,110,4,2.3,-22.45138888,-44.44499999
404,A609,0,RESENDE,2020-04-17,2000,969.8,969.8,969.3,17,17.1,16.7,134.114,21.9,22.4,21.9,RJ,74,74,71,99,4,1.7,-22.45138888,-44.44499999
405,A609,0,RESENDE,2020-04-17,2100,969.9,969.9,969.7,16.9,17.1,16.7,25.913,21.1,21.9,21.1,RJ,77,77,73,86,4.3,2.7,-22.45138888,-44.44499999
406,A609,0,RESENDE,2020-04-17,2200,970.1,970.1,969.9,16.9,17,16.8,-2.131,20.4,21.1,20.4,RJ,80,80,77,85,5,2.6,-22.45138888,-44.44499999
407,A609,0,RESENDE,2020-04-17,2300,970.6,970.6,970.1,16.7,16.9,16.6,-2.708,19.3,20.4,19.3,RJ,85,85,80,49,5.3,2.5,-22.45138888,-44.44499999
408,A609,0,RESENDE,2020-04-18,0000,971.1,971.1,970.6,16.8,16.8,16.6,-2.427,18.6,19.3,18.5,RJ,89,89,85,23,3.9,1.7,-22.45138888,-44.44499999
409,A609,0,RESENDE,2020-04-18,0100,971.4,971.4,971.1,16.7,16.9,16.7,-2.531,18.4,18.6,18.4,RJ,90,90,89,9,3.5,1.9,-22.45138888,-44.44499999
410,A609,0,RESENDE,2020-04-18,0200,971.4,971.4,971.3,16.8,16.9,16.7,-2.445,18.2,18.4,18.2,RJ,91,92,90,2,3.9,1.7,-22.45138888,-44.44499999
411,A609,0,RESENDE,2020-04-18,0300,971.1,971.4,971.1,16.5,16.8,16.5,-3.022,18.2,18.3,18.1,RJ,90,91,90,38,3.7,1.9,-22.45138888,-44.44499999
412,A609,0,RESENDE,2020-04-18,0400,971,971.2,971,16.2,16.5,16.2,-0.75,18.1,18.2,18.1,RJ,89,90,89,14,3.5,1.3,-22.45138888,-44.44499999
413,A609,0,RESENDE,2020-04-18,0500,970.6,971,970.6,16,16.2,16,-1.316,17.8,18.1,17.7,RJ,89,90,88,349,2.5,1.1,-22.45138888,-44.44499999
414,A609,0,RESENDE,2020-04-18,0600,970.4,970.7,970.4,15.8,16,15.7,-2.084,18,18,17.7,RJ,87,90,87,311,2.5,0.4,-22.45138888,-44.44499999
415,A609,0,RESENDE,2020-04-18,0700,970,970.4,970,16.1,16.1,15.8,-1.452,17.8,18.2,17.8,RJ,90,90,87,287,1.3,0.8,-22.45138888,-44.44499999
416,A609,0,RESENDE,2020-04-18,0800,970.2,970.2,969.9,16.1,16.2,16,-2.327,18,18,17.7,RJ,88,90,88,61,1.3,0.6,-22.45138888,-44.44499999
417,A609,0,RESENDE,2020-04-18,0900,970.5,970.5,970.1,16.1,16.1,15.9,-2.501,17.7,18.1,17.7,RJ,90,90,88,339,1.3,0.9,-22.45138888,-44.44499999
418,A609,0,RESENDE,2020-04-18,1000,971.1,971.1,970.5,16.4,16.5,16.1,67.896,18.5,18.5,17.6,RJ,88,91,88,149,1.3,0.7,-22.45138888,-44.44499999
419,A609,0,RESENDE,2020-04-18,1100,971.8,971.8,971.1,16.5,16.7,16.3,243.918,18.7,18.8,18.4,RJ,87,89,87,319,2.2,1.4,-22.45138888,-44.44499999
420,A609,0,RESENDE,2020-04-18,1200,972.1,972.2,971.8,17.2,17.2,16.4,790.812,20.5,20.5,18.6,RJ,81,88,81,292,2.5,1,-22.45138888,-44.44499999
421,A609,0,RESENDE,2020-04-18,1300,972.2,972.2,972,16.7,17,16,1507.965,21.7,21.7,19.9,RJ,73,81,72,221,3,1.2,-22.45138888,-44.44499999
422,A609,0,RESENDE,2020-04-18,1400,971.9,972.2,971.9,15.4,17.1,15.4,2020.327,22.7,23.3,21.4,RJ,64,73,64,258,3.2,1.9,-22.45138888,-44.44499999
423,A609,0,RESENDE,2020-04-18,1500,970.9,971.9,970.9,14.3,16.9,14.2,1723.344,23.1,24.1,22.2,RJ,58,67,58,21,3.6,0.6,-22.45138888,-44.44499999
424,A609,0,RESENDE,2020-04-18,1600,970.3,970.9,970.3,15.2,15.7,14.3,880.967,23,23.6,22.8,RJ,61,63,58,259,3.1,1,-22.45138888,-44.44499999
425,A609,0,RESENDE,2020-04-18,1700,969.6,970.3,969.6,16.2,16.2,14.5,1250.477,23.9,24.3,23,RJ,62,62,57,314,4.2,2.5,-22.45138888,-44.44499999
426,A609,0,RESENDE,2020-04-18,1800,969.2,969.6,969.1,16.1,17.1,15.4,2033.999,24.5,26,23.9,RJ,60,63,54,14,4.7,1.6,-22.45138888,-44.44499999
427,A609,0,RESENDE,2020-04-18,1900,969.3,969.3,969.1,15.9,16.7,15.4,874.585,23.8,24.9,23.8,RJ,61,62,56,27,3.5,1.9,-22.45138888,-44.44499999
428,A609,0,RESENDE,2020-04-18,2000,969.5,969.5,969.2,16,16.1,15.4,192.447,22.8,23.8,22.8,RJ,65,65,60,111,6.5,3.1,-22.45138888,-44.44499999
429,A609,0,RESENDE,2020-04-18,2100,969.8,969.8,969.5,16.3,16.4,16,15.855,21.8,22.8,21.8,RJ,71,71,65,100,6.5,3.4,-22.45138888,-44.44499999
430,A609,0,RESENDE,2020-04-18,2200,970.2,970.2,969.8,16.1,16.3,16,-2.138,21.2,21.8,21.2,RJ,73,73,71,96,6.3,2.8,-22.45138888,-44.44499999
431,A609,0,RESENDE,2020-04-18,2300,971.1,971.1,970.2,16.5,16.6,16.1,-3.376,20.3,21.2,20.2,RJ,79,80,73,64,7,2.5,-22.45138888,-44.44499999
432,A609,0,RESENDE,2020-04-19,0000,971.4,971.4,971.1,16.1,16.5,16.1,-1.699,19.9,20.3,19.9,RJ,79,80,78,59,5.4,2.3,-22.45138888,-44.44499999
433,A609,0,RESENDE,2020-04-19,0100,971.5,971.5,971.4,16.1,16.2,16.1,-3.426,19.4,19.9,19.4,RJ,81,81,79,56,5.4,2.6,-22.45138888,-44.44499999
434,A609,0,RESENDE,2020-04-19,0200,971.5,971.6,971.5,16.1,16.2,16.1,-1.857,19.4,19.5,19.3,RJ,82,82,81,58,4.9,2.1,-22.45138888,-44.44499999
435,A609,0,RESENDE,2020-04-19,0300,971.4,971.5,971.4,16.2,16.3,16.1,-1.598,19.2,19.4,19.2,RJ,83,83,82,44,3.6,1.1,-22.45138888,-44.44499999
436,A609,0,RESENDE,2020-04-19,0400,971.2,971.4,971.2,16.1,16.3,15.9,-2.547,19.1,19.2,19,RJ,83,83,82,91,2.5,1.1,-22.45138888,-44.44499999
437,A609,0,RESENDE,2020-04-19,0500,970.6,971.2,970.6,16.2,16.3,16,-1.463,18.9,19.2,18.9,RJ,84,84,82,100,2.5,1.1,-22.45138888,-44.44499999
438,A609,0,RESENDE,2020-04-19,0600,970.4,970.6,970.3,16.1,16.2,16.1,-2.786,18.4,19,18.4,RJ,86,87,84,64,2.2,1.1,-22.45138888,-44.44499999
439,A609,0,RESENDE,2020-04-19,0700,970.2,970.5,970.2,16.1,16.2,16,-2.155,18.5,18.6,18.4,RJ,86,87,85,103,2.6,1.7,-22.45138888,-44.44499999
440,A609,0,RESENDE,2020-04-19,0800,970.2,970.3,970.2,16.1,16.2,16,-2.391,18.5,18.5,18.4,RJ,86,86,86,113,2.8,1.1,-22.45138888,-44.44499999
441,A609,0,RESENDE,2020-04-19,0900,970.6,970.6,970.2,16.4,16.4,16.1,-2.443,18,18.5,18,RJ,90,90,86,29,2.3,0.9,-22.45138888,-44.44499999
442,A609,0,RESENDE,2020-04-19,1000,971.4,971.4,970.6,16.4,16.5,16.3,40.875,18.4,18.4,18,RJ,88,90,88,108,2.4,1.3,-22.45138888,-44.44499999
443,A609,0,RESENDE,2020-04-19,1100,971.8,971.9,971.4,16.6,16.6,16.3,223.864,18.6,18.7,18.4,RJ,88,88,87,65,2.9,1.1,-22.45138888,-44.44499999
444,A609,0,RESENDE,2020-04-19,1200,972,972,971.8,16.5,17.1,16.2,790.133,20.3,20.4,18.5,RJ,79,88,79,15,2.6,1.2,-22.45138888,-44.44499999
445,A609,0,RESENDE,2020-04-19,1300,971.9,972.1,971.8,16.1,17.1,15.3,2155.635,23,23,20.3,RJ,65,79,64,95,3,1,-22.45138888,-44.44499999
446,A609,0,RESENDE,2020-04-19,1400,971.3,971.9,971.2,15.2,16.2,14.5,1949.393,24.4,24.4,22.4,RJ,57,66,57,70,3.3,1.7,-22.45138888,-44.44499999
447,A609,0,RESENDE,2020-04-19,1500,970.3,971.2,970.3,15.2,15.6,14.3,2630.636,24.1,24.9,22.9,RJ,58,61,54,42,4.6,2.2,-22.45138888,-44.44499999
448,A609,0,RESENDE,2020-04-19,1600,969.4,970.3,969.4,14.2,15.7,13.6,1989.062,24.4,25.5,24,RJ,53,58,51,43,4.8,2.2,-22.45138888,-44.44499999
449,A609,0,RESENDE,2020-04-19,1700,968.9,969.6,968.9,14.8,15.2,13.6,1310.838,23.8,25.1,23.8,RJ,57,57,50,38,4.1,1.8,-22.45138888,-44.44499999
450,A609,0,RESENDE,2020-04-19,1800,968.3,968.9,968.3,14.7,16.2,14,1488.666,25,25.2,23.8,RJ,53,59,51,43,4,1.7,-22.45138888,-44.44499999
451,A609,0,RESENDE,2020-04-19,1900,968.3,968.4,968.2,15.1,15.3,13.4,728.607,24,25.3,24,RJ,58,59,50,2,4.5,1,-22.45138888,-44.44499999
452,A609,0,RESENDE,2020-04-19,2000,968.6,968.6,968.3,14.5,15.8,13.9,218.099,23,24,23,RJ,59,60,55,70,3.6,1,-22.45138888,-44.44499999
453,A609,0,RESENDE,2020-04-19,2100,968.8,968.9,968.6,15,15,14,45.303,22.2,23,22.1,RJ,64,64,57,83,3.8,1.7,-22.45138888,-44.44499999
454,A609,0,RESENDE,2020-04-19,2200,969.2,969.3,968.7,15.4,15.4,15,-3.385,21.3,22.2,21.2,RJ,69,70,64,84,4.4,2.2,-22.45138888,-44.44499999
455,A609,0,RESENDE,2020-04-19,2300,969.9,969.9,969.2,16.3,16.3,15.4,-3.332,20.3,21.3,20.3,RJ,78,78,69,56,4.4,2.1,-22.45138888,-44.44499999
456,A609,0,RESENDE,2020-04-20,0000,970.4,970.5,969.9,16.5,16.6,16.3,-2.818,20,20.3,20,RJ,80,80,78,56,4.6,2.2,-22.45138888,-44.44499999
457,A609,0,RESENDE,2020-04-20,0100,970.5,970.6,970.4,16.6,16.6,16.5,-3.107,19.5,20,19.5,RJ,83,83,80,44,5.2,1.4,-22.45138888,-44.44499999
458,A609,0,RESENDE,2020-04-20,0200,970.4,970.5,970.3,16.2,16.6,16.2,-3.204,19.1,19.5,19.1,RJ,84,84,83,42,3,1.7,-22.45138888,-44.44499999
459,A609,0,RESENDE,2020-04-20,0300,970.2,970.4,970.2,16.1,16.2,16,-2.981,19,19.1,18.7,RJ,83,85,83,56,3.1,1.5,-22.45138888,-44.44499999
460,A609,0,RESENDE,2020-04-20,0400,969.7,970.2,969.7,15.8,16,15.7,-3.508,18.3,19,18.3,RJ,85,85,83,85,2.9,1.3,-22.45138888,-44.44499999
461,A609,0,RESENDE,2020-04-20,0500,969.3,969.7,969.3,15.8,15.9,15.7,-2.729,18.3,18.5,18.3,RJ,85,85,84,101,2.2,1.3,-22.45138888,-44.44499999
462,A609,0,RESENDE,2020-04-20,0600,969,969.3,969,15.7,15.9,15.7,-3.533,17.6,18.3,17.6,RJ,89,89,85,140,2.1,1.1,-22.45138888,-44.44499999
463,A609,0,RESENDE,2020-04-20,0700,968.8,969,968.7,15.7,16,15.6,-3.54,17.6,17.7,17.5,RJ,89,90,88,132,2.1,1.1,-22.45138888,-44.44499999
464,A609,0,RESENDE,2020-04-20,0800,968.8,969,968.8,15.3,15.7,15.2,-3.54,16.8,17.6,16.8,RJ,91,91,89,99,2.3,1.3,-22.45138888,-44.44499999
465,A609,0,RESENDE,2020-04-20,0900,969.3,969.3,968.8,15.1,15.3,14.5,-3.535,16.2,16.8,15.9,RJ,93,93,91,34,2.3,1,-22.45138888,-44.44499999
466,A609,0,RESENDE,2020-04-20,1000,970.1,970.1,969.3,16.1,16.1,15.1,67.039,17.1,17.1,16.2,RJ,94,94,93,89,1.9,0.6,-22.45138888,-44.44499999
467,A609,0,RESENDE,2020-04-20,1100,970.5,970.5,970.1,16.3,16.6,15.8,579.829,18.9,18.9,17.1,RJ,85,93,85,90,2,0.7,-22.45138888,-44.44499999
468,A609,0,RESENDE,2020-04-20,1200,970.7,970.7,970.4,16.2,17.3,15.8,1113.341,21,21.1,18.9,RJ,74,85,72,98,3.5,2,-22.45138888,-44.44499999
469,A609,0,RESENDE,2020-04-20,1300,970.6,970.8,970.6,15.3,16.7,14.9,1962.209,23.1,23.3,20.8,RJ,61,74,61,87,3.5,1.5,-22.45138888,-44.44499999
470,A609,0,RESENDE,2020-04-20,1400,970,970.6,970,14.5,15.7,12.6,2244.982,24.7,24.7,21.8,RJ,53,64,53,354,4.1,1,-22.45138888,-44.44499999
471,A609,0,RESENDE,2020-04-20,1500,968.9,970,968.9,13.8,15,13.2,3126.857,25.2,25.6,23.6,RJ,49,56,47,12,4.4,1.5,-22.45138888,-44.44499999
472,A609,0,RESENDE,2020-04-20,1600,968.2,968.9,968.2,13.8,14.5,12.8,3027.732,26.4,26.4,24.8,RJ,46,51,45,355,4.3,1.3,-22.45138888,-44.44499999
473,A609,0,RESENDE,2020-04-20,1700,967.1,968.2,967.1,12.9,15,12.7,2880.322,26.2,27.7,25.1,RJ,44,50,42,69,5.5,2.5,-22.45138888,-44.44499999
474,A609,0,RESENDE,2020-04-20,1800,966.4,967.1,966.4,13.1,14.3,12.1,2382.266,26.8,27.5,25.6,RJ,43,46,41,2,5,1.8,-22.45138888,-44.44499999
475,A609,0,RESENDE,2020-04-20,1900,966.3,966.4,966.2,13.5,14,12.3,1375.804,26,27.2,25.7,RJ,46,46,42,349,5.7,1.6,-22.45138888,-44.44499999
476,A609,0,RESENDE,2020-04-20,2000,966.6,966.6,966.3,15,15.5,13.5,790.194,25.2,26.2,25.1,RJ,53,54,46,333,4,1.6,-22.45138888,-44.44499999
477,A609,0,RESENDE,2020-04-20,2100,966.8,966.8,966.6,15.4,15.5,15.1,120.566,21.8,25.2,21.8,RJ,67,67,53,344,2.9,1.9,-22.45138888,-44.44499999
478,A609,0,RESENDE,2020-04-20,2200,967.4,967.4,966.7,15.5,15.6,15.1,-3.54,22.3,22.6,20.8,RJ,66,71,63,100,4.1,2.2,-22.45138888,-44.44499999
479,A609,0,RESENDE,2020-04-20,2300,968.2,968.2,967.4,15.9,16,15.3,-3.54,20.3,22.3,20.3,RJ,76,76,66,46,5.4,3.1,-22.45138888,-44.44499999
480,A609,0,RESENDE,2020-04-21,0000,968.6,968.7,968.2,16,16.1,15.7,-3.54,19.7,20.3,19.4,RJ,79,80,76,34,5.1,2.7,-22.45138888,-44.44499999
481,A609,0,RESENDE,2020-04-21,0100,968.8,968.8,968.6,16,16,15.8,-3.54,19,19.8,18.9,RJ,83,83,79,51,5.1,2.9,-22.45138888,-44.44499999
482,A609,0,RESENDE,2020-04-21,0200,968.9,968.9,968.8,15.9,16,15.7,-3.299,18.7,19.1,18.6,RJ,83,84,82,84,4.9,1.1,-22.45138888,-44.44499999
483,A609,0,RESENDE,2020-04-21,0300,968.9,969,968.9,15.9,16,15.8,-2.362,18.4,18.9,18.3,RJ,86,86,83,117,3,2.1,-22.45138888,-44.44499999
484,A609,0,RESENDE,2020-04-21,0400,968.7,968.9,968.7,15.6,16,15.6,-3.538,18,18.4,18,RJ,86,87,86,123,3,1.5,-22.45138888,-44.44499999
485,A609,0,RESENDE,2020-04-21,0500,968.3,968.7,968.3,14.9,15.6,14.9,-3.54,17.4,18,17.4,RJ,85,87,85,91,3.1,1.7,-22.45138888,-44.44499999
486,A609,0,RESENDE,2020-04-21,0600,968,968.3,968,14.8,14.9,14.6,-3.536,16.6,17.4,16.5,RJ,89,89,85,67,2.9,0.6,-22.45138888,-44.44499999
487,A609,0,RESENDE,2020-04-21,0700,967.7,968,967.7,14.2,15.1,14,-3.535,15.5,16.8,15.4,RJ,92,92,88,344,1.6,1,-22.45138888,-44.44499999
488,A609,0,RESENDE,2020-04-21,0800,967.7,967.7,967.6,14.7,15.2,14.3,-3.54,16.2,16.5,15.5,RJ,91,93,91,10,2.7,1.2,-22.45138888,-44.44499999
489,A609,0,RESENDE,2020-04-21,0900,968.1,968.1,967.6,14.2,14.7,14.1,-3.54,15.5,16.2,15.4,RJ,92,92,90,145,2.4,0.4,-22.45138888,-44.44499999
490,A609,0,RESENDE,2020-04-21,1000,968.6,968.6,968.1,14.1,14.3,13.3,51.016,15.1,15.5,14.4,RJ,94,94,92,346,1.9,1.3,-22.45138888,-44.44499999
491,A609,0,RESENDE,2020-04-21,1100,969,969,968.6,16.2,16.2,14.1,616.856,17.5,17.5,15.1,RJ,92,94,92,286,1.8,0.6,-22.45138888,-44.44499999
492,A609,0,RESENDE,2020-04-21,1200,969.3,969.3,969,16.1,16.5,15.7,1484.666,19.9,19.9,17.5,RJ,79,92,79,287,2,0.8,-22.45138888,-44.44499999
493,A609,0,RESENDE,2020-04-21,1300,969.1,969.4,969.1,15.1,16.7,15.1,2275.793,22.2,22.8,19.9,RJ,64,79,64,42,3.6,0.9,-22.45138888,-44.44499999
494,A609,0,RESENDE,2020-04-21,1400,968,969.1,968,15.3,16.6,15.1,2756.675,24.1,24.6,22,RJ,58,68,57,240,3,0.9,-22.45138888,-44.44499999
495,A609,0,RESENDE,2020-04-21,1500,966.8,968,966.8,15.4,16.2,14.4,2972.231,25.5,25.7,23.7,RJ,54,60,52,103,4.3,1.6,-22.45138888,-44.44499999
496,A609,0,RESENDE,2020-04-21,1600,965.8,966.8,965.8,14.8,16,13.9,2969.553,26.8,27.1,24.9,RJ,48,55,47,53,4.5,1.3,-22.45138888,-44.44499999
497,A609,0,RESENDE,2020-04-21,1700,965,965.8,965,14.3,15.3,13.9,2755.027,26.6,27.6,25.7,RJ,47,51,45,75,4.9,2.1,-22.45138888,-44.44499999
498,A609,0,RESENDE,2020-04-21,1800,964.5,965,964.5,13,15.3,13,2219.497,26.7,28.4,26.6,RJ,43,48,41,59,4,1.6,-22.45138888,-44.44499999
499,A609,0,RESENDE,2020-04-21,1900,964.4,964.5,964.4,14.7,15.9,13.3,1482.911,26.4,27.4,26.2,RJ,49,52,43,11,3.7,2.5,-22.45138888,-44.44499999
500,A609,0,RESENDE,2020-04-21,2000,964.5,964.5,964.4,15.6,15.6,14.4,674.619,25.2,27,25.2,RJ,56,56,48,3,3.7,0.9,-22.45138888,-44.44499999
501,A609,0,RESENDE,2020-04-21,2100,964.8,964.8,964.5,16,16.1,15.3,56.356,23.8,25.2,23.4,RJ,62,64,54,112,3.6,1.7,-22.45138888,-44.44499999
502,A609,0,RESENDE,2020-04-21,2200,965.5,965.5,964.8,16.2,16.3,15.6,-3.54,22,23.8,21.6,RJ,70,72,60,68,4.3,1.8,-22.45138888,-44.44499999
503,A609,0,RESENDE,2020-04-21,2300,966.3,966.3,965.5,16,16.2,15.9,-3.471,21.3,22.2,21.3,RJ,72,72,68,37,4.1,2.4,-22.45138888,-44.44499999
504,A609,0,RESENDE,2020-04-22,0000,967.1,967.1,966.3,16.4,16.5,16,-3.519,20.5,21.3,20.4,RJ,78,78,72,31,5.6,2.2,-22.45138888,-44.44499999
505,A609,0,RESENDE,2020-04-22,0100,967.2,967.3,967.1,16.5,16.6,16.4,-3.33,20.3,20.6,20.2,RJ,78,79,77,36,4,2.3,-22.45138888,-44.44499999
506,A609,0,RESENDE,2020-04-22,0200,967.4,967.5,967.2,16.4,16.5,16.4,-3.244,19.8,20.3,19.8,RJ,81,81,78,43,4,2,-22.45138888,-44.44499999
507,A609,0,RESENDE,2020-04-22,0300,967.5,967.5,967.4,15.8,16.4,15.8,-2.712,19.8,20,19.8,RJ,78,81,77,49,4.5,2.4,-22.45138888,-44.44499999
508,A609,0,RESENDE,2020-04-22,0400,967.4,967.6,967.4,16.3,16.3,15.7,-2.749,18.4,19.8,18.4,RJ,87,87,77,9,4.5,0.9,-22.45138888,-44.44499999
509,A609,0,RESENDE,2020-04-22,0500,966.8,967.4,966.8,16.4,16.4,16.3,-1.731,18.6,18.7,18.4,RJ,87,88,87,21,1.5,1.2,-22.45138888,-44.44499999
510,A609,0,RESENDE,2020-04-22,0600,966.6,966.8,966.6,16.3,16.5,16.3,-1.468,18.4,18.7,18.4,RJ,88,88,87,15,1.8,0.4,-22.45138888,-44.44499999
511,A609,0,RESENDE,2020-04-22,0700,966.4,966.7,966.4,16.5,16.5,16.3,-1.571,18.6,18.8,18.4,RJ,87,88,86,61,1.9,1,-22.45138888,-44.44499999
512,A609,0,RESENDE,2020-04-22,0800,966.4,966.4,966.3,16.5,16.8,16.5,-1.852,18.4,18.7,18.4,RJ,89,89,87,90,2.8,1.3,-22.45138888,-44.44499999
513,A609,0,RESENDE,2020-04-22,0900,966.6,966.6,966.4,16.3,16.5,16.3,-3.51,17.8,18.3,17.8,RJ,91,91,89,122,2.2,1,-22.45138888,-44.44499999
514,A609,0,RESENDE,2020-04-22,1000,967.1,967.1,966.6,16.3,16.4,16,48.517,17.5,17.8,17.4,RJ,93,93,91,70,2.6,1.6,-22.45138888,-44.44499999
515,A609,0,RESENDE,2020-04-22,1100,967.5,967.5,967.1,17.2,17.6,16.3,626.19,19.6,19.7,17.5,RJ,87,93,87,62,2.6,0.8,-22.45138888,-44.44499999
516,A609,0,RESENDE,2020-04-22,1200,967.7,967.7,967.5,17.1,18.4,16.7,1368.466,21.3,21.7,19.6,RJ,77,87,75,142,2.6,0.9,-22.45138888,-44.44499999
517,A609,0,RESENDE,2020-04-22,1300,967.7,967.8,967.6,16.7,18,16.4,1833.647,22.1,22.8,20.9,RJ,72,78,70,63,3.4,1.4,-22.45138888,-44.44499999
518,A609,0,RESENDE,2020-04-22,1400,967.4,967.7,967.4,16.4,17.4,16,1398.244,23.4,23.8,22,RJ,65,72,64,331,3.8,0.8,-22.45138888,-44.44499999
519,A609,0,RESENDE,2020-04-22,1500,966.3,967.4,966.3,16.4,17.7,16,1664.267,24.2,24.8,23.1,RJ,62,67,60,272,3.1,1.7,-22.45138888,-44.44499999
520,A609,0,RESENDE,2020-04-22,1600,965.3,966.3,965.3,17.1,17.8,15.6,2003.532,26.4,26.4,23.6,RJ,57,64,56,334,4.1,1.6,-22.45138888,-44.44499999
521,A609,0,RESENDE,2020-04-22,1700,964.5,965.3,964.5,16.9,17.6,15.9,1788.565,25.3,26.8,25,RJ,60,61,54,63,4.1,1.4,-22.45138888,-44.44499999
522,A609,0,RESENDE,2020-04-22,1800,964.1,964.5,964.1,17.2,17.7,16,1141.809,25.6,26.8,24.8,RJ,60,62,54,353,3.2,1.2,-22.45138888,-44.44499999
523,A609,0,RESENDE,2020-04-22,1900,963.8,964.1,963.8,17.7,18.7,16.7,1222.086,26.1,26.4,24.8,RJ,60,66,58,330,4.3,2.1,-22.45138888,-44.44499999
524,A609,0,RESENDE,2020-04-22,2000,963.9,964,963.8,18.1,18.5,17.4,421.641,24.2,26.1,23.9,RJ,69,70,59,5,3.7,1.6,-22.45138888,-44.44499999
525,A609,0,RESENDE,2020-04-22,2100,964.4,964.4,963.9,16.8,18.2,16.8,91.571,23.5,24.2,23.5,RJ,66,70,65,113,5.8,3.6,-22.45138888,-44.44499999
526,A609,0,RESENDE,2020-04-22,2200,964.8,964.9,964.4,17.3,17.3,16.9,-3.503,22.3,23.5,22.3,RJ,73,73,66,95,6.2,3.1,-22.45138888,-44.44499999
527,A609,0,RESENDE,2020-04-22,2300,965.6,965.6,964.8,17.4,17.4,17.2,-3.187,21.5,22.3,21.5,RJ,77,78,73,74,6.2,2.3,-22.45138888,-44.44499999
528,A609,0,RESENDE,2020-04-23,0000,966.4,966.4,965.6,17.4,17.5,17.2,-2.297,20.9,21.5,20.9,RJ,80,80,77,31,4.7,2,-22.45138888,-44.44499999
529,A609,0,RESENDE,2020-04-23,0100,966.6,966.6,966.4,16.9,17.4,16.9,-2.967,20.8,21,20.8,RJ,78,80,78,50,3.6,2.2,-22.45138888,-44.44499999
530,A609,0,RESENDE,2020-04-23,0200,966.7,966.7,966.6,16,16.9,16,-3.075,20.2,20.8,20.1,RJ,77,79,76,40,3.9,1.6,-22.45138888,-44.44499999
531,A609,0,RESENDE,2020-04-23,0300,966.7,966.7,966.6,15.1,16,15.1,-2.083,19.7,20.3,19.7,RJ,75,77,73,42,3.7,2,-22.45138888,-44.44499999
532,A609,0,RESENDE,2020-04-23,0400,966.5,966.7,966.5,15.2,15.2,14.8,-2.182,19.7,19.9,19.7,RJ,75,75,73,50,3.6,1.8,-22.45138888,-44.44499999
533,A609,0,RESENDE,2020-04-23,0500,966.1,966.5,966.1,15.4,15.4,15.1,-1.174,19.7,19.8,19.3,RJ,76,78,74,34,3.4,2,-22.45138888,-44.44499999
534,A609,0,RESENDE,2020-04-23,0600,965.6,966.1,965.6,15.9,15.9,15.4,-0.423,19.8,19.9,19.7,RJ,78,78,76,43,3.7,1.7,-22.45138888,-44.44499999
535,A609,0,RESENDE,2020-04-23,0700,965.2,965.6,965.2,16.2,16.2,15.9,-0.894,19.6,19.9,19.6,RJ,80,80,78,108,2.8,0.9,-22.45138888,-44.44499999
536,A609,0,RESENDE,2020-04-23,0800,965.4,965.4,965.1,15.8,16.2,15.7,-1.303,19.2,19.6,19.2,RJ,80,82,80,142,3.3,1.7,-22.45138888,-44.44499999
537,A609,0,RESENDE,2020-04-23,0900,966,966,965.4,15.9,16,15.2,-3.238,18.2,19.2,17.8,RJ,87,87,80,18,2.8,1.1,-22.45138888,-44.44499999
538,A609,0,RESENDE,2020-04-23,1000,966.7,966.7,966,16.5,16.5,15.9,44.397,19.2,19.2,18,RJ,85,89,84,48,1.7,0.4,-22.45138888,-44.44499999
539,A609,0,RESENDE,2020-04-23,1100,967.5,967.5,966.7,17,17.3,16.2,402.126,19.8,19.8,18.7,RJ,84,87,84,353,1.3,0.9,-22.45138888,-44.44499999
540,A609,0,RESENDE,2020-04-23,1200,967.7,967.7,967.5,16.2,17.3,15.9,1235.639,21.9,22.1,19.8,RJ,70,84,70,118,2.7,1.1,-22.45138888,-44.44499999
541,A609,0,RESENDE,2020-04-23,1300,967.8,967.9,967.7,17,17.3,15.9,1373.223,22.8,23.1,21.6,RJ,70,74,68,78,3.9,1.8,-22.45138888,-44.44499999
542,A609,0,RESENDE,2020-04-23,1400,967.2,967.8,967.2,15.9,17,15.8,1100.975,23,23.5,22.4,RJ,64,70,63,113,3.9,1.7,-22.45138888,-44.44499999
543,A609,0,RESENDE,2020-04-23,1500,966.5,967.2,966.5,16.3,16.8,15.5,1288.803,24.6,24.6,23,RJ,60,66,60,49,4.2,0.9,-22.45138888,-44.44499999
544,A609,0,RESENDE,2020-04-23,1600,965.8,966.5,965.8,16,17,15.6,1646.041,24.4,25.7,24.1,RJ,59,63,56,27,3.4,1.8,-22.45138888,-44.44499999
545,A609,0,RESENDE,2020-04-23,1700,965.3,965.8,965.2,17.1,17.8,15.7,1528.174,25.1,25.6,24.4,RJ,61,65,58,75,4.4,1.9,-22.45138888,-44.44499999
546,A609,0,RESENDE,2020-04-23,1800,964.8,965.3,964.8,17.3,17.8,16.3,1402.425,24.9,26.5,24.7,RJ,63,64,56,54,4.3,1.6,-22.45138888,-44.44499999
547,A609,0,RESENDE,2020-04-23,1900,964.7,964.8,964.7,16.9,18,16.8,1497.768,25.8,26.7,24.9,RJ,58,63,56,21,4.5,2,-22.45138888,-44.44499999
548,A609,0,RESENDE,2020-04-23,2000,965.1,965.1,964.7,17.5,17.8,16.9,755.324,25.7,26.5,25.5,RJ,61,61,57,27,3.9,1.6,-22.45138888,-44.44499999
549,A609,0,RESENDE,2020-04-23,2100,965.5,965.5,965.1,17.8,17.9,17.3,83.264,23.9,25.7,23.6,RJ,69,70,61,92,3.1,1.4,-22.45138888,-44.44499999
550,A609,0,RESENDE,2020-04-23,2200,966.1,966.1,965.5,17.5,17.8,17,-2.62,22.7,23.9,22.7,RJ,72,72,66,116,6.5,3.6,-22.45138888,-44.44499999
551,A609,0,RESENDE,2020-04-23,2300,967,967,966.1,17.3,17.6,17.3,-3.26,21.5,22.7,21.5,RJ,77,77,72,81,6.8,3.2,-22.45138888,-44.44499999
552,A609,0,RESENDE,2020-04-24,0000,967.7,967.7,967,17.1,17.4,17.1,-2.76,21.1,21.5,21,RJ,78,79,77,49,6,3.6,-22.45138888,-44.44499999
553,A609,0,RESENDE,2020-04-24,0100,968.2,968.2,967.7,16.4,17.1,16.2,-1.658,20.7,21.1,20.7,RJ,76,78,75,48,6.5,1.9,-22.45138888,-44.44499999
554,A609,0,RESENDE,2020-04-24,0200,968.4,968.4,968.2,15.1,16.4,15.1,-2.149,20.6,20.8,20.4,RJ,71,76,71,48,4.7,2.6,-22.45138888,-44.44499999
555,A609,0,RESENDE,2020-04-24,0300,968.3,968.4,968.2,15.2,15.2,14.9,-2.286,20.1,20.6,20.1,RJ,73,73,71,49,4.9,2.6,-22.45138888,-44.44499999
556,A609,0,RESENDE,2020-04-24,0400,967.9,968.3,967.9,15.7,15.7,15.2,-2.287,20,20.2,20,RJ,76,76,73,74,4.8,1.3,-22.45138888,-44.44499999
557,A609,0,RESENDE,2020-04-24,0500,967.6,967.9,967.6,15.8,15.8,15.7,-1.363,19.9,20,19.9,RJ,77,77,76,105,2.4,1.5,-22.45138888,-44.44499999
558,A609,0,RESENDE,2020-04-24,0600,967.4,967.6,967.4,16,16.1,15.6,-1.253,19.3,20,19.1,RJ,81,83,76,57,2.6,1.1,-22.45138888,-44.44499999
559,A609,0,RESENDE,2020-04-24,0700,967.5,967.5,967.3,16,16.1,15.9,-1.596,19.3,19.3,18.8,RJ,81,84,81,28,2.4,0.8,-22.45138888,-44.44499999
560,A609,0,RESENDE,2020-04-24,0800,967.7,967.7,967.5,16.6,16.6,16,-1.31,19,19.3,19,RJ,86,86,81,4,1.2,0.7,-22.45138888,-44.44499999
561,A609,0,RESENDE,2020-04-24,0900,968.2,968.2,967.7,16.4,16.7,16.3,-0.332,19.3,19.4,19,RJ,84,86,82,34,1.7,1.2,-22.45138888,-44.44499999
562,A609,0,RESENDE,2020-04-24,1000,968.9,968.9,968.2,16.7,16.7,16.4,41.239,19.4,19.4,19.1,RJ,85,85,84,77,2.1,1.3,-22.45138888,-44.44499999
563,A609,0,RESENDE,2020-04-24,1100,969.4,969.4,968.9,16.9,17.1,16.7,440.447,20.9,20.9,19.4,RJ,78,85,78,81,2.8,1.7,-22.45138888,-44.44499999
564,A609,0,RESENDE,2020-04-24,1200,970,970,969.4,17.6,17.6,16.6,1281.668,22.1,22.2,20.9,RJ,76,78,73,103,4.2,1.8,-22.45138888,-44.44499999
565,A609,0,RESENDE,2020-04-24,1300,970.1,970.2,970,16.9,17.9,16.4,1703.785,23.6,24.3,21.8,RJ,66,76,64,91,4.9,2.4,-22.45138888,-44.44499999
566,A609,0,RESENDE,2020-04-24,1400,969.8,970.1,969.8,16.3,17.6,15.6,2253.238,24.3,25.1,22.9,RJ,61,68,59,104,5.7,3,-22.45138888,-44.44499999
567,A609,0,RESENDE,2020-04-24,1500,968.7,969.8,968.7,16.6,17.3,15,2357.583,26.7,26.7,24,RJ,54,63,54,64,5.7,1.9,-22.45138888,-44.44499999
568,A609,0,RESENDE,2020-04-24,1600,968.1,968.7,968.1,15.6,16.9,14.9,2941.903,25.7,27.2,25.6,RJ,54,56,48,142,6.3,2.7,-22.45138888,-44.44499999
569,A609,0,RESENDE,2020-04-24,1700,967.5,968.1,967.4,15,16.2,14.4,2488.971,27.2,27.9,25.5,RJ,47,56,45,85,7.2,2.9,-22.45138888,-44.44499999
570,A609,0,RESENDE,2020-04-24,1800,967.1,967.5,967.1,15,16,14.3,1942.505,27,28,26.1,RJ,48,52,45,69,7.2,2.4,-22.45138888,-44.44499999
571,A609,0,RESENDE,2020-04-24,1900,967.1,967.2,967,14.8,15.5,14.2,1495.313,26.5,28,26.5,RJ,49,50,44,73,5.2,2.2,-22.45138888,-44.44499999
572,A609,0,RESENDE,2020-04-24,2000,967.4,967.4,967.1,15.7,15.7,14.4,597.647,25.4,26.9,25.4,RJ,55,55,47,101,6.6,3.8,-22.45138888,-44.44499999
573,A609,0,RESENDE,2020-04-24,2100,968,968,967.4,15.7,15.8,15.5,58.104,23.8,25.4,23.8,RJ,61,61,55,110,5.7,2.6,-22.45138888,-44.44499999
574,A609,0,RESENDE,2020-04-24,2200,968.6,968.6,968,16.1,16.1,15.6,-3.54,21.9,23.8,21.9,RJ,70,70,60,87,4.6,2.4,-22.45138888,-44.44499999
575,A609,0,RESENDE,2020-04-24,2300,969.3,969.3,968.6,16.7,16.7,16.1,-3.465,21.3,22,21.3,RJ,75,75,70,54,4.5,2.9,-22.45138888,-44.44499999
576,A609,0,RESENDE,2020-04-25,0000,970.1,970.1,969.3,16.9,17,16.7,-2.944,21.2,21.6,21.2,RJ,76,76,75,47,4.5,2.2,-22.45138888,-44.44499999
577,A609,0,RESENDE,2020-04-25,0100,970.2,970.2,970.1,17,17.1,16.9,-3.39,20.5,21.2,20.5,RJ,80,81,76,63,4.7,1.6,-22.45138888,-44.44499999
578,A609,0,RESENDE,2020-04-25,0200,970.3,970.3,970.2,16.8,17,16.3,-3.517,19.7,20.6,19.2,RJ,84,85,80,60,3.7,0.8,-22.45138888,-44.44499999
579,A609,0,RESENDE,2020-04-25,0300,970.3,970.5,970.3,16.9,17,16.8,-2.324,19.6,20.1,19.5,RJ,84,84,82,107,2.3,1.6,-22.45138888,-44.44499999
580,A609,0,RESENDE,2020-04-25,0400,969.9,970.3,969.9,16.5,17,16.3,-3.54,18.9,19.6,18.9,RJ,86,86,84,112,3.1,1.6,-22.45138888,-44.44499999
581,A609,0,RESENDE,2020-04-25,0500,969.7,969.9,969.7,16.1,16.5,16,-2.953,18.7,18.9,18.3,RJ,85,88,85,60,3.6,1.8,-22.45138888,-44.44499999
582,A609,0,RESENDE,2020-04-25,0600,969.5,969.7,969.4,15.9,16.1,15.9,-2.11,18.6,18.8,18.6,RJ,85,85,84,82,3.7,1.9,-22.45138888,-44.44499999
583,A609,0,RESENDE,2020-04-25,0700,969.3,969.5,969.3,16,16.1,15.9,-2.697,17.9,18.6,17.9,RJ,89,89,85,92,3.4,1.9,-22.45138888,-44.44499999
584,A609,0,RESENDE,2020-04-25,0800,969.1,969.3,969.1,16.1,16.1,15.7,-3.083,17.3,17.9,17.3,RJ,92,92,89,90,3.5,2,-22.45138888,-44.44499999
585,A609,0,RESENDE,2020-04-25,0900,969.5,969.5,969.1,16,16.2,16,-1.563,17.6,17.6,17.3,RJ,91,93,91,93,3.1,1.3,-22.45138888,-44.44499999
586,A609,0,RESENDE,2020-04-25,1000,970.4,970.4,969.5,15.9,16,15.8,18.738,17.6,17.7,17.5,RJ,90,91,89,105,2.6,1.5,-22.45138888,-44.44499999
587,A609,0,RESENDE,2020-04-25,1100,970.9,970.9,970.4,16.4,16.5,15.8,229.042,18.6,18.6,17.6,RJ,87,90,87,84,2.5,0.7,-22.45138888,-44.44499999
588,A609,0,RESENDE,2020-04-25,1200,971.1,971.1,970.8,16,17.2,16,877.494,20.1,20.7,18.6,RJ,77,87,77,110,3.1,1.4,-22.45138888,-44.44499999
589,A609,0,RESENDE,2020-04-25,1300,971.1,971.1,971,16.3,17,15.5,2324.783,22.3,22.9,20,RJ,69,79,67,132,3.7,1.7,-22.45138888,-44.44499999
590,A609,0,RESENDE,2020-04-25,1400,970.6,971.1,970.6,16.2,16.9,15.4,2694.627,24.2,24.3,21.8,RJ,61,70,60,95,4.5,2.4,-22.45138888,-44.44499999
591,A609,0,RESENDE,2020-04-25,1500,969.5,970.6,969.5,15.2,16.7,14.7,2927.116,25.5,26.4,24.1,RJ,53,62,52,29,4.5,1.7,-22.45138888,-44.44499999
592,A609,0,RESENDE,2020-04-25,1600,968.4,969.5,968.4,13.5,16,13.5,2899.212,26.7,27.5,25.4,RJ,44,55,44,66,3.6,1.3,-22.45138888,-44.44499999
593,A609,0,RESENDE,2020-04-25,1700,967.8,968.4,967.8,11.4,15,10.4,2649.41,27.9,28.7,26.6,RJ,36,47,33,161,4.4,2,-22.45138888,-44.44499999
594,A609,0,RESENDE,2020-04-25,1800,967.4,967.8,967.3,11,11.8,9.6,2224.287,28.2,29,27.7,RJ,34,36,31,100,4.4,2.1,-22.45138888,-44.44499999
595,A609,0,RESENDE,2020-04-25,1900,967.4,967.4,967.2,11.5,11.9,10.2,1549.626,28.6,28.8,28,RJ,35,36,33,40,4.9,1.2,-22.45138888,-44.44499999
596,A609,0,RESENDE,2020-04-25,2000,967.8,967.8,967.3,12.6,12.9,11,731.723,28.2,28.6,27.6,RJ,38,40,34,86,2.5,0.5,-22.45138888,-44.44499999
597,A609,0,RESENDE,2020-04-25,2100,968.3,968.3,967.8,15.3,15.3,11.4,79.631,23.7,28.2,23.7,RJ,59,59,37,339,2.8,1,-22.45138888,-44.44499999
598,A609,0,RESENDE,2020-04-25,2200,968.7,968.7,968.3,15.1,16.3,15.1,-3.54,23,23.7,22.4,RJ,61,68,59,106,2.3,1.5,-22.45138888,-44.44499999
599,A609,0,RESENDE,2020-04-25,2300,969.5,969.5,968.7,16,16.6,14.7,-3.54,21.2,23,19.9,RJ,72,80,60,17,2.5,0.8,-22.45138888,-44.44499999
600,A609,0,RESENDE,2020-04-26,0000,970,970,969.5,15.6,16,15.3,-3.522,18.8,21.5,18.8,RJ,81,81,70,42,1.5,0.3,-22.45138888,-44.44499999
601,A609,0,RESENDE,2020-04-26,0100,970.1,970.1,970,15.8,16.4,15.4,-3.54,18,19.3,17.8,RJ,87,87,81,337,1.3,0.9,-22.45138888,-44.44499999
602,A609,0,RESENDE,2020-04-26,0200,970.3,970.3,970.1,15.4,16.1,15.2,-3.54,17.2,18.4,17.1,RJ,89,89,85,341,1.6,1.2,-22.45138888,-44.44499999
603,A609,0,RESENDE,2020-04-26,0300,970.4,970.4,970.3,15.1,16,15.1,-3.54,17.5,18.2,17,RJ,86,90,85,126,1.6,0.6,-22.45138888,-44.44499999
604,A609,0,RESENDE,2020-04-26,0400,970.3,970.4,970.2,15.3,15.7,15.1,-3.54,17.2,17.8,17.1,RJ,89,89,86,62,1.3,0.7,-22.45138888,-44.44499999
605,A609,0,RESENDE,2020-04-26,0500,970,970.3,970,15.1,15.3,14.7,-3.54,16.4,17.2,16.2,RJ,92,92,89,113,1.2,0.4,-22.45138888,-44.44499999
606,A609,0,RESENDE,2020-04-26,0600,969.8,970,969.8,14.6,15.4,14,-3.536,16,16.7,15.7,RJ,92,92,89,40,2.2,0.4,-22.45138888,-44.44499999
607,A609,0,RESENDE,2020-04-26,0700,969.7,969.8,969.6,14.3,14.3,13.7,-3.54,15.3,16,15.1,RJ,94,94,91,304,1.4,0.7,-22.45138888,-44.44499999
608,A609,0,RESENDE,2020-04-26,0800,969.8,969.8,969.6,14.5,14.5,13.9,-3.517,15.4,15.5,15,RJ,94,94,93,346,1.3,0.5,-22.45138888,-44.44499999
609,A609,0,RESENDE,2020-04-26,0900,970.2,970.2,969.8,13.9,14.5,13.9,-3.469,14.9,15.4,14.9,RJ,94,94,94,133,1.6,1,-22.45138888,-44.44499999
610,A609,0,RESENDE,2020-04-26,1000,970.8,970.8,970.2,13.7,14,12.9,52.01,14.5,15,13.8,RJ,95,95,94,69,1.6,0.7,-22.45138888,-44.44499999
611,A609,0,RESENDE,2020-04-26,1100,971.4,971.4,970.8,15.1,15.2,13.6,584.612,15.8,15.9,14.4,RJ,95,95,95,330,1.4,1,-22.45138888,-44.44499999
612,A609,0,RESENDE,2020-04-26,1200,971.8,971.8,971.4,16.9,16.9,15,1465.145,19.4,19.4,15.8,RJ,85,95,85,292,1.7,0.8,-22.45138888,-44.44499999
613,A609,0,RESENDE,2020-04-26,1300,972,972.1,971.7,16.5,17.4,16,2144.924,22.9,22.9,19.4,RJ,67,85,67,70,2.7,0.7,-22.45138888,-44.44499999
614,A609,0,RESENDE,2020-04-26,1400,971.4,972,971.4,15.6,16.9,15.2,1634.093,23.9,24.6,22.6,RJ,60,68,58,192,3.2,0.7,-22.45138888,-44.44499999
615,A609,0,RESENDE,2020-04-26,1500,970.3,971.4,970.3,15.9,16.7,15.3,1146.485,26.8,26.9,23.9,RJ,51,61,51,57,3.5,0.9,-22.45138888,-44.44499999
616,A609,0,RESENDE,2020-04-26,1600,969.4,970.3,969.4,15.9,16.1,14.3,2867.229,27.9,27.9,26,RJ,48,53,46,311,5.8,1.4,-22.45138888,-44.44499999
617,A609,0,RESENDE,2020-04-26,1700,968.7,969.4,968.7,14.9,15.9,13.8,2620.948,29.1,29.1,27.6,RJ,42,48,41,91,3.7,1.4,-22.45138888,-44.44499999
618,A609,0,RESENDE,2020-04-26,1800,967.9,968.7,967.9,12.3,14.6,11.1,2212.948,29,29.5,28.3,RJ,36,43,33,61,3.4,1.4,-22.45138888,-44.44499999
619,A609,0,RESENDE,2020-04-26,1900,967.6,967.9,967.6,12.1,13,11.3,1552.69,28.8,29.5,28.7,RJ,36,37,33,114,3.5,1.1,-22.45138888,-44.44499999
620,A609,0,RESENDE,2020-04-26,2000,967.6,967.6,967.5,13.4,13.5,11.6,737.761,27.9,29.4,27.9,RJ,41,41,35,5,3.3,1.3,-22.45138888,-44.44499999
621,A609,0,RESENDE,2020-04-26,2100,967.9,967.9,967.6,16.3,16.3,13,70.102,23.3,27.9,23.3,RJ,65,65,41,327,2.1,1.6,-22.45138888,-44.44499999
622,A609,0,RESENDE,2020-04-26,2200,968.5,968.5,967.9,15.5,16.3,15.2,-3.54,23,23.4,22.3,RJ,63,69,61,51,2.9,1.7,-22.45138888,-44.44499999
623,A609,0,RESENDE,2020-04-26,2300,969.2,969.2,968.5,15.4,15.7,15.2,-3.54,22,23.1,21.9,RJ,66,66,62,21,4.5,2.5,-22.45138888,-44.44499999
624,A609,0,RESENDE,2020-04-27,0000,969.9,969.9,969.2,15.9,16,15.4,-3.54,21.4,22.2,21.4,RJ,71,71,66,52,4.7,3.1,-22.45138888,-44.44499999
625,A609,0,RESENDE,2020-04-27,0100,970.2,970.2,969.9,16,16.1,15.8,-3.536,20.6,21.4,20.5,RJ,75,75,71,83,4.9,2.1,-22.45138888,-44.44499999
626,A609,0,RESENDE,2020-04-27,0200,970.8,970.9,970.2,16.6,16.6,15.9,-3.27,20,20.7,20,RJ,81,81,74,92,3.3,1.6,-22.45138888,-44.44499999
627,A609,0,RESENDE,2020-04-27,0300,971.1,971.1,970.8,16.3,16.6,16.2,-3.54,19.2,20.1,19.1,RJ,84,84,80,92,3.5,1.8,-22.45138888,-44.44499999
628,A609,0,RESENDE,2020-04-27,0400,970.9,971.1,970.9,16.2,16.4,15.8,-3.54,18.5,19.2,18.1,RJ,87,87,84,80,2.7,1.5,-22.45138888,-44.44499999
629,A609,0,RESENDE,2020-04-27,0500,970.8,970.9,970.8,15.8,16.3,15.7,-3.54,17.9,18.5,17.8,RJ,87,89,86,17,2.5,1.7,-22.45138888,-44.44499999
630,A609,0,RESENDE,2020-04-27,0600,970.8,970.8,970.7,15,15.7,14.7,-3.345,16.5,17.9,16.3,RJ,91,92,86,217,2.5,0.7,-22.45138888,-44.44499999
631,A609,0,RESENDE,2020-04-27,0700,971.3,971.3,970.8,14.4,15,14.2,-3.323,15.7,16.5,15.5,RJ,92,92,91,327,2.5,1.6,-22.45138888,-44.44499999
632,A609,0,RESENDE,2020-04-27,0800,971.3,971.3,971.2,15,15.2,14.4,-3.472,16.7,16.8,15.7,RJ,90,92,89,130,2.4,1.4,-22.45138888,-44.44499999
633,A609,0,RESENDE,2020-04-27,0900,972,972,971.3,14.5,15.1,14.5,-3.54,16.1,16.8,16.1,RJ,90,91,88,90,2.1,0.8,-22.45138888,-44.44499999
634,A609,0,RESENDE,2020-04-27,1000,972.8,972.8,972,13.7,14.6,13.6,41.782,14.9,16.1,14.9,RJ,93,93,90,311,1.9,1.2,-22.45138888,-44.44499999
635,A609,0,RESENDE,2020-04-27,1100,973.4,973.4,972.8,15.8,16.2,13.7,533.917,18.1,18.1,14.8,RJ,86,94,86,157,2.1,0.7,-22.45138888,-44.44499999
636,A609,0,RESENDE,2020-04-27,1200,973.6,973.6,973.4,15.5,16.2,15.5,1446.757,20.2,20.2,18.1,RJ,74,87,74,294,2.1,0.8,-22.45138888,-44.44499999
637,A609,0,RESENDE,2020-04-27,1300,973.8,973.8,973.6,15.8,16.7,14.7,1879.805,23.1,23.2,20.1,RJ,64,75,62,293,2.7,1.4,-22.45138888,-44.44499999
638,A609,0,RESENDE,2020-04-27,1400,973.2,973.8,973.2,13.7,15.9,13.4,1196.598,25.5,25.7,23,RJ,48,64,48,72,3.2,1.6,-22.45138888,-44.44499999
639,A609,0,RESENDE,2020-04-27,1500,972.2,973.2,972.2,12.6,14.8,10.9,859.245,25.9,26.3,24.6,RJ,44,52,40,59,5.1,2.2,-22.45138888,-44.44499999
640,A609,0,RESENDE,2020-04-27,1600,971.4,972.2,971.4,12.9,13.3,11.2,874.16,26.7,26.8,25.3,RJ,42,46,39,348,5.4,1.5,-22.45138888,-44.44499999
641,A609,0,RESENDE,2020-04-27,1700,970.7,971.4,970.7,11.1,13.1,10.8,1201.175,26.9,27.6,25.6,RJ,37,43,37,98,4.9,1.6,-22.45138888,-44.44499999
642,A609,0,RESENDE,2020-04-27,1800,970.1,970.7,970.1,11.3,12.6,10.1,1339.309,26.8,28.3,26,RJ,38,40,35,90,4.9,2.5,-22.45138888,-44.44499999
643,A609,0,RESENDE,2020-04-27,1900,969.8,970.1,969.8,11.1,12.3,10.8,1413.545,26.9,27.4,26.7,RJ,37,40,36,25,4.5,1.7,-22.45138888,-44.44499999
644,A609,0,RESENDE,2020-04-27,2000,969.8,969.8,969.7,11.4,11.9,10.3,706.834,25.8,27.2,25.8,RJ,40,41,36,62,5.1,1.7,-22.45138888,-44.44499999
645,A609,0,RESENDE,2020-04-27,2100,970.2,970.2,969.8,14.9,14.9,11.4,82.432,23.3,25.9,23.3,RJ,59,59,40,104,6.9,3.3,-22.45138888,-44.44499999
646,A609,0,RESENDE,2020-04-27,2200,970.6,970.6,970.2,15.5,15.5,14.9,-3.54,21.4,23.3,21.4,RJ,69,69,59,81,5,2.5,-22.45138888,-44.44499999
647,A609,0,RESENDE,2020-04-27,2300,971.5,971.5,970.6,15.3,15.5,15.1,-3.54,20.4,21.4,20.1,RJ,73,73,69,38,4.1,2.8,-22.45138888,-44.44499999
648,A609,0,RESENDE,2020-04-28,0000,971.9,971.9,971.5,14.7,15.3,14.7,-3.54,19.9,20.5,19.9,RJ,72,74,72,62,4.3,2,-22.45138888,-44.44499999
649,A609,0,RESENDE,2020-04-28,0100,972,972.1,971.9,14.8,15.1,14.5,-3.54,19.5,19.9,19.3,RJ,74,75,72,29,4.5,2.9,-22.45138888,-44.44499999
650,A609,0,RESENDE,2020-04-28,0200,972.2,972.3,972,14.3,14.7,14.2,-3.448,19,19.7,18.9,RJ,74,76,73,31,5.4,2.7,-22.45138888,-44.44499999
651,A609,0,RESENDE,2020-04-28,0300,972,972.2,972,14,14.3,14,-3.54,18.7,19.1,18.6,RJ,74,75,73,31,4.3,2.5,-22.45138888,-44.44499999
652,A609,0,RESENDE,2020-04-28,0400,971.6,972,971.6,14.2,14.5,14,-3.497,18,19.4,18,RJ,79,79,73,109,4.3,1.6,-22.45138888,-44.44499999
653,A609,0,RESENDE,2020-04-28,0500,971.1,971.6,971.1,14.9,15,14.3,-2.068,17.8,18,17.7,RJ,83,83,79,75,3.2,1.7,-22.45138888,-44.44499999
654,A609,0,RESENDE,2020-04-28,0600,970.9,971.1,970.9,14.9,15.1,14.8,-1.492,17.5,17.9,17.5,RJ,84,85,83,111,2.9,1.3,-22.45138888,-44.44499999
655,A609,0,RESENDE,2020-04-28,0700,970.9,971,970.8,14.6,14.9,14.6,-1.759,17.4,17.6,17.4,RJ,84,85,83,75,2.9,0.7,-22.45138888,-44.44499999
656,A609,0,RESENDE,2020-04-28,0800,970.7,970.9,970.7,14.9,14.9,14.4,-2.755,16.5,17.4,16.4,RJ,91,91,84,320,1.8,0.6,-22.45138888,-44.44499999
657,A609,0,RESENDE,2020-04-28,0900,971.1,971.1,970.6,14.9,15.3,14.7,-3.168,16.7,17,16.4,RJ,89,91,88,121,2.4,1.5,-22.45138888,-44.44499999
658,A609,0,RESENDE,2020-04-28,1000,972,972,971.1,14.5,15,13.5,31.549,16,16.8,15.3,RJ,91,91,88,89,2.8,1.6,-22.45138888,-44.44499999
659,A609,0,RESENDE,2020-04-28,1100,972.7,972.7,972,15.2,16.3,14.1,368.879,17.6,17.8,15.7,RJ,86,92,86,102,2.4,1.5,-22.45138888,-44.44499999
660,A609,0,RESENDE,2020-04-28,1200,972.9,972.9,972.6,16.3,16.7,15.2,1357.388,20.6,20.6,17.6,RJ,77,86,75,62,3.8,2.1,-22.45138888,-44.44499999
661,A609,0,RESENDE,2020-04-28,1300,972.8,973,972.8,16,16.8,15.5,2131.847,22.6,22.8,20.5,RJ,67,77,66,99,3.8,1.8,-22.45138888,-44.44499999
662,A609,0,RESENDE,2020-04-28,1400,972.1,972.8,972,14,16.1,12.8,2378.378,24.6,24.8,22,RJ,52,67,49,84,6,3.5,-22.45138888,-44.44499999
663,A609,0,RESENDE,2020-04-28,1500,970.9,972.1,970.9,12.9,14.7,12,2535.334,25.7,26.3,24.3,RJ,45,54,43,113,7.2,3.7,-22.45138888,-44.44499999
664,A609,0,RESENDE,2020-04-28,1600,970,970.9,970,11.8,12.5,10.8,1357.951,26.3,26.9,25.7,RJ,40,45,38,100,8.1,4.5,-22.45138888,-44.44499999
665,A609,0,RESENDE,2020-04-28,1700,969.2,970,969.1,11.3,12.7,11.2,814.372,27.2,27.6,26.2,RJ,37,42,37,95,8,3.7,-22.45138888,-44.44499999
666,A609,0,RESENDE,2020-04-28,1800,968.7,969.2,968.7,13.3,13.9,11.5,664.291,27.1,27.4,26.3,RJ,43,45,37,107,9.6,3.6,-22.45138888,-44.44499999
667,A609,0,RESENDE,2020-04-28,1900,968.4,968.7,968.4,12.4,13.5,12.3,462.156,26.9,27.2,26.4,RJ,41,44,41,108,7.6,2.8,-22.45138888,-44.44499999
668,A609,0,RESENDE,2020-04-28,2000,968.7,968.7,968.4,13.4,13.4,12.5,197.034,24.9,26.8,24.9,RJ,49,49,41,102,6,2.7,-22.45138888,-44.44499999
669,A609,0,RESENDE,2020-04-28,2100,968.9,968.9,968.7,13.9,13.9,13.2,62.296,23.1,25,23.1,RJ,56,56,48,109,4.8,2.2,-22.45138888,-44.44499999
670,A609,0,RESENDE,2020-04-28,2200,969.4,969.4,968.9,14.4,14.4,13.9,-3.257,21.4,23.3,21.2,RJ,64,65,56,94,3.7,1.6,-22.45138888,-44.44499999
671,A609,0,RESENDE,2020-04-28,2300,970.1,970.1,969.4,14.6,14.6,14.3,-3.342,20.1,21.4,20.1,RJ,71,71,64,88,3.5,1.3,-22.45138888,-44.44499999
672,A609,0,RESENDE,2020-04-29,0000,970.6,970.6,970.1,15.3,15.4,14.6,-3.54,19.4,20.1,18.8,RJ,77,79,71,36,2.7,1.8,-22.45138888,-44.44499999
673,A609,0,RESENDE,2020-04-29,0100,970.4,970.6,970.4,15.1,15.4,15.1,-3.54,18.5,19.4,18.5,RJ,80,80,77,68,2.7,1.7,-22.45138888,-44.44499999
674,A609,0,RESENDE,2020-04-29,0200,970.5,970.5,970.3,15.2,15.2,14.9,-3.54,17.7,18.5,17.7,RJ,85,85,80,95,3.2,2.4,-22.45138888,-44.44499999
675,A609,0,RESENDE,2020-04-29,0300,970.3,970.5,970.3,14.9,15.2,14.2,-3.54,16.7,17.8,16.2,RJ,89,90,85,28,3.1,1.3,-22.45138888,-44.44499999
676,A609,0,RESENDE,2020-04-29,0400,970.1,970.3,970,14.2,14.9,14.1,-3.54,16,17,16,RJ,89,90,87,19,2.4,0.4,-22.45138888,-44.44499999
677,A609,0,RESENDE,2020-04-29,0500,970,970.1,969.9,13.9,14.1,13.4,-3.54,15.1,16,14.8,RJ,93,93,89,316,2.1,1.2,-22.45138888,-44.44499999
678,A609,0,RESENDE,2020-04-29,0600,969.8,970,969.7,14.2,14.5,13.6,-3.535,15.5,15.6,14.8,RJ,92,93,92,89,1.8,1.4,-22.45138888,-44.44499999
679,A609,0,RESENDE,2020-04-29,0700,970,970,969.8,14,14.6,13.8,-1.594,15.4,15.9,15.1,RJ,91,93,91,189,2.1,0.4,-22.45138888,-44.44499999
680,A609,0,RESENDE,2020-04-29,0800,970.3,970.3,970,14.3,14.3,13.5,-0.433,15.5,15.5,14.9,RJ,93,93,91,24,1.7,0.8,-22.45138888,-44.44499999
681,A609,0,RESENDE,2020-04-29,0900,970.8,970.8,970.3,14.6,14.6,13.9,-1.551,15.6,15.7,15,RJ,94,94,92,22,2.2,0.6,-22.45138888,-44.44499999
682,A609,0,RESENDE,2020-04-29,1000,971.3,971.3,970.8,14.5,14.8,14.3,27.322,15.7,15.9,15.5,RJ,93,94,93,23,2.1,1.4,-22.45138888,-44.44499999
683,A609,0,RESENDE,2020-04-29,1100,971.7,971.7,971.3,15.2,15.4,14.5,346.877,16.7,16.8,15.6,RJ,91,93,91,77,2.1,0.8,-22.45138888,-44.44499999
684,A609,0,RESENDE,2020-04-29,1200,972.2,972.2,971.7,14.7,16.1,14.7,1344.845,19.5,20,16.7,RJ,74,91,74,23,2.6,0.9,-22.45138888,-44.44499999
685,A609,0,RESENDE,2020-04-29,1300,971.8,972.2,971.8,14.6,15.7,14.3,1079.848,19.5,20.6,19.2,RJ,73,76,71,272,3.3,1.8,-22.45138888,-44.44499999
686,A609,0,RESENDE,2020-04-29,1400,970.9,971.8,970.9,14.4,15.2,14.2,1321.642,22.4,22.4,19.5,RJ,61,74,61,264,3.5,1.4,-22.45138888,-44.44499999
687,A609,0,RESENDE,2020-04-29,1500,969.3,970.9,969.3,14.4,14.9,13.3,2111.814,24.2,24.8,22.3,RJ,54,62,52,295,3.4,1.7,-22.45138888,-44.44499999
688,A609,0,RESENDE,2020-04-29,1600,968.1,969.3,968.1,13,15.2,12.9,1105.867,26.2,27,24.3,RJ,44,54,44,60,3.8,1.3,-22.45138888,-44.44499999
689,A609,0,RESENDE,2020-04-29,1700,967.1,968.1,967.1,13.6,14.6,12.4,944.131,27.1,27.8,25.9,RJ,43,47,40,237,4.7,2.5,-22.45138888,-44.44499999
690,A609,0,RESENDE,2020-04-29,1800,966.4,967.1,966.4,12.1,13.6,11.9,650.995,28,28.5,27.1,RJ,37,44,37,257,4.7,1.4,-22.45138888,-44.44499999
691,A609,0,RESENDE,2020-04-29,1900,966.2,966.4,966.1,12,12.8,10.2,453.321,28,28.4,27.7,RJ,37,39,33,275,4.8,2.3,-22.45138888,-44.44499999
692,A609,0,RESENDE,2020-04-29,2000,966.5,966.5,966.2,10.6,12.3,10.1,218.611,27,28.3,27,RJ,36,38,33,287,4,2.2,-22.45138888,-44.44499999
693,A609,0,RESENDE,2020-04-29,2100,966.3,966.5,966.3,13.5,13.9,10.4,28.116,22,27,22,RJ,59,59,36,338,4,2.2,-22.45138888,-44.44499999
694,A609,0,RESENDE,2020-04-29,2200,966.8,966.8,966.3,12.7,13.5,12.7,-3.54,21.3,22,21.2,RJ,58,60,58,27,3.8,1.1,-22.45138888,-44.44499999
695,A609,0,RESENDE,2020-04-29,2300,967.5,967.5,966.8,13.5,13.5,12.6,-3.54,19.7,21.5,19.4,RJ,68,68,57,261,2.3,0.8,-22.45138888,-44.44499999
696,A609,0,RESENDE,2020-04-30,0000,967.6,967.7,967.5,14.1,14.1,12.9,-3.54,19,20.4,18,RJ,73,75,65,119,4.1,0.8,-22.45138888,-44.44499999
697,A609,0,RESENDE,2020-04-30,0100,967.9,967.9,967.6,13.5,14.1,13.4,-3.54,17,19,16.9,RJ,80,81,73,296,2.7,1.5,-22.45138888,-44.44499999
698,A609,0,RESENDE,2020-04-30,0200,967.8,968,967.8,13.5,13.8,13.2,-3.54,16.6,17.1,16,RJ,82,85,80,296,2.6,1,-22.45138888,-44.44499999
699,A609,0,RESENDE,2020-04-30,0300,967.5,967.8,967.5,13.9,13.9,13,-3.54,16.8,16.8,15.6,RJ,83,86,82,318,1.6,0.7,-22.45138888,-44.44499999
700,A609,0,RESENDE,2020-04-30,0400,967.1,967.5,967.1,13.5,13.9,12.9,-3.54,16.1,16.9,15,RJ,84,88,81,360,1.5,1.1,-22.45138888,-44.44499999
701,A609,0,RESENDE,2020-04-30,0500,967,967.1,966.9,12.6,13.4,12.6,-3.54,14.5,16.2,14.5,RJ,88,88,82,242,1.4,0.7,-22.45138888,-44.44499999
702,A609,0,RESENDE,2020-04-30,0600,967,967,966.8,12.4,13.3,12.2,-3.54,13.9,14.9,13.8,RJ,91,91,88,337,1.4,1,-22.45138888,-44.44499999
703,A609,0,RESENDE,2020-04-30,0700,967,967.1,967,12.5,13.6,12.2,-3.54,13.9,15,13.6,RJ,92,93,89,172,1.7,0.7,-22.45138888,-44.44499999
704,A609,0,RESENDE,2020-04-30,0800,967.2,967.2,966.9,12.5,13.2,12,-3.54,13.6,14.6,13.4,RJ,93,93,90,335,1.5,1.1,-22.45138888,-44.44499999
705,A609,0,RESENDE,2020-04-30,0900,967.7,967.7,967.2,12.3,13.1,11.8,-3.538,13.4,14.1,13,RJ,93,94,92,265,1.5,0.5,-22.45138888,-44.44499999
706,A609,0,RESENDE,2020-04-30,1000,968.5,968.5,967.7,11.8,12.8,11.2,35.694,12.8,13.8,12.3,RJ,94,94,93,350,1.8,1.3,-22.45138888,-44.44499999
707,A609,0,RESENDE,2020-04-30,1100,969,969,968.5,14.6,15.2,11.9,558.973,15.8,16.1,12.8,RJ,93,94,93,200,1.8,0.7,-22.45138888,-44.44499999
708,A609,0,RESENDE,2020-04-30,1200,969.2,969.2,969,14.9,15.4,14.1,1180.116,18.7,18.8,15.8,RJ,79,93,79,296,2.1,1.1,-22.45138888,-44.44499999
709,A609,0,RESENDE,2020-04-30,1300,969.1,969.3,969.1,15.2,16.1,14.6,1450.282,21,21.3,18.6,RJ,69,80,68,266,2.4,1.1,-22.45138888,-44.44499999
710,A609,0,RESENDE,2020-04-30,1400,968.5,969.1,968.5,14.9,15.8,14.4,2149.726,24,24,21,RJ,57,70,56,290,2.8,1,-22.45138888,-44.44499999
711,A609,0,RESENDE,2020-04-30,1500,967.3,968.5,967.3,13.4,15.4,12.1,2102.603,26.8,26.8,23.8,RJ,44,58,43,220,2.6,1,-22.45138888,-44.44499999
712,A609,0,RESENDE,2020-04-30,1600,966.3,967.3,966.3,10.4,13.3,10.3,907.675,27.8,28.7,26.5,RJ,34,43,33,209,3.3,1.8,-22.45138888,-44.44499999
713,A609,0,RESENDE,2020-04-30,1700,965.4,966.3,965.4,10.8,12.3,9.7,761.266,29,29.9,27.5,RJ,32,36,30,268,3.6,1.5,-22.45138888,-44.44499999
714,A609,0,RESENDE,2020-04-30,1800,964.9,965.4,964.9,11.7,12.2,10.2,599.015,29.5,30,28.8,RJ,33,35,31,301,3.8,2.2,-22.45138888,-44.44499999
715,A609,0,RESENDE,2020-04-30,1900,964.9,964.9,964.8,10.1,11.8,9.5,434.724,29.4,30.4,29.2,RJ,30,34,28,253,4.9,1.7,-22.45138888,-44.44499999
716,A609,0,RESENDE,2020-04-30,2000,965.1,965.1,964.8,13.2,13.2,9.6,259.673,27.9,29.8,27.9,RJ,41,41,29,63,3.2,1.6,-22.45138888,-44.44499999
717,A609,0,RESENDE,2020-04-30,2100,965.4,965.4,965.1,16.1,16.1,13.1,29.098,23,27.9,23,RJ,65,65,41,342,3.5,2,-22.45138888,-44.44499999
718,A609,0,RESENDE,2020-04-30,2200,965.8,965.8,965.3,15.1,16.1,14.8,-3.54,22.6,23.3,22.3,RJ,63,65,60,339,3.2,0.8,-22.45138888,-44.44499999
719,A609,0,RESENDE,2020-04-30,2300,966.8,966.8,965.8,15.3,15.4,14.6,-3.54,20.5,22.7,20.3,RJ,72,72,62,321,3,0.6,-22.45138888,-44.44499999
